year,state,district,social_group,gender,size_category,ind_holdings_number,ind_holdings_area_ha,jnt_holdings_number,jnt_holdings_area_ha,tot_holdings_number,tot_holdings_area_ha
2015-16,UTTAR PRADESH,AGRA,SCHEDULED CASTE,TOTAL,MARGINAL,15220,5704,12134,5380,27354,11084
2015-16,UTTAR PRADESH,AGRA,SCHEDULED CASTE,TOTAL,SMALL,1905,2519,2865,3946,4770,6464
2015-16,UTTAR PRADESH,AGRA,SCHEDULED CASTE,TOTAL,SEMIMEDIUM,566,1493,1143,3044,1709,4537
2015-16,UTTAR PRADESH,AGRA,SCHEDULED CASTE,TOTAL,MEDIUM,64,338,273,1500,337,1837
2015-16,UTTAR PRADESH,AGRA,SCHEDULED CASTE,TOTAL,LARGE,0,0,4,56,4,56
2015-16,UTTAR PRADESH,AGRA,SCHEDULED CASTE,TOTAL,ALL CLASSES,17755,10053,16419,13927,34174,23980
2015-16,UTTAR PRADESH,AGRA,SCHEDULED TRIBES,TOTAL,MARGINAL,0,0,0,0,0,0
2015-16,UTTAR PRADESH,AGRA,SCHEDULED TRIBES,TOTAL,SMALL,0,0,0,0,0,0
2015-16,UTTAR PRADESH,AGRA,SCHEDULED TRIBES,TOTAL,SEMIMEDIUM,0,0,0,0,0,0
2015-16,UTTAR PRADESH,AGRA,SCHEDULED TRIBES,TOTAL,MEDIUM,0,0,0,0,0,0
2015-16,UTTAR PRADESH,AGRA,SCHEDULED TRIBES,TOTAL,LARGE,0,0,0,0,0,0
2015-16,UTTAR PRADESH,AGRA,SCHEDULED TRIBES,TOTAL,ALL CLASSES,0,0,0,0,0,0
2015-16,UTTAR PRADESH,AGRA,OTHERS,TOTAL,MARGINAL,65958,25312,76466,34588,142424,59900
2015-16,UTTAR PRADESH,AGRA,OTHERS,TOTAL,SMALL,15622,22684,31805,44088,47427,66772
2015-16,UTTAR PRADESH,AGRA,OTHERS,TOTAL,SEMIMEDIUM,7501,20545,19225,51507,26726,72054
2015-16,UTTAR PRADESH,AGRA,OTHERS,TOTAL,MEDIUM,2140,11433,7849,45047,9989,56480
2015-16,UTTAR PRADESH,AGRA,OTHERS,TOTAL,LARGE,39,497,705,10852,744,11348
2015-16,UTTAR PRADESH,AGRA,OTHERS,TOTAL,ALL CLASSES,91260,80472,136050,186081,227310,266553
2015-16,UTTAR PRADESH,AGRA,INSTITUTIONAL,TOTAL,MARGINAL,0,0,0,0,245,112
2015-16,UTTAR PRADESH,AGRA,INSTITUTIONAL,TOTAL,SMALL,0,0,0,0,123,176
2015-16,UTTAR PRADESH,AGRA,INSTITUTIONAL,TOTAL,SEMIMEDIUM,0,0,0,0,108,308
2015-16,UTTAR PRADESH,AGRA,INSTITUTIONAL,TOTAL,MEDIUM,0,0,0,0,35,207
2015-16,UTTAR PRADESH,AGRA,INSTITUTIONAL,TOTAL,LARGE,0,0,0,0,14,269
2015-16,UTTAR PRADESH,AGRA,INSTITUTIONAL,TOTAL,ALL CLASSES,0,0,0,0,525,1073
2015-16,UTTAR PRADESH,ALIGARH,SCHEDULED CASTE,TOTAL,MARGINAL,21640,6806,18210,7081,39850,13886
2015-16,UTTAR PRADESH,ALIGARH,SCHEDULED CASTE,TOTAL,SMALL,1556,2049,3995,5425,5551,7475
2015-16,UTTAR PRADESH,ALIGARH,SCHEDULED CASTE,TOTAL,SEMIMEDIUM,396,1013,1720,4475,2116,5487
2015-16,UTTAR PRADESH,ALIGARH,SCHEDULED CASTE,TOTAL,MEDIUM,48,227,318,1682,366,1910
2015-16,UTTAR PRADESH,ALIGARH,SCHEDULED CASTE,TOTAL,LARGE,0,0,9,105,9,105
2015-16,UTTAR PRADESH,ALIGARH,SCHEDULED CASTE,TOTAL,ALL CLASSES,23640,10095,24252,18768,47892,28863
2015-16,UTTAR PRADESH,ALIGARH,SCHEDULED TRIBES,TOTAL,MARGINAL,0,0,0,0,0,0
2015-16,UTTAR PRADESH,ALIGARH,SCHEDULED TRIBES,TOTAL,SMALL,0,0,0,0,0,0
2015-16,UTTAR PRADESH,ALIGARH,SCHEDULED TRIBES,TOTAL,SEMIMEDIUM,0,0,0,0,0,0
2015-16,UTTAR PRADESH,ALIGARH,SCHEDULED TRIBES,TOTAL,MEDIUM,0,0,0,0,0,0
2015-16,UTTAR PRADESH,ALIGARH,SCHEDULED TRIBES,TOTAL,LARGE,0,0,0,0,0,0
2015-16,UTTAR PRADESH,ALIGARH,SCHEDULED TRIBES,TOTAL,ALL CLASSES,0,0,0,0,0,0
2015-16,UTTAR PRADESH,ALIGARH,OTHERS,TOTAL,MARGINAL,75601,27662,87952,38515,163553,66177
2015-16,UTTAR PRADESH,ALIGARH,OTHERS,TOTAL,SMALL,13222,18304,37084,51256,50306,69560
2015-16,UTTAR PRADESH,ALIGARH,OTHERS,TOTAL,SEMIMEDIUM,6119,16415,22176,60701,28295,77116
2015-16,UTTAR PRADESH,ALIGARH,OTHERS,TOTAL,MEDIUM,1239,6386,7937,43272,9176,49657
2015-16,UTTAR PRADESH,ALIGARH,OTHERS,TOTAL,LARGE,7,81,337,4253,344,4334
2015-16,UTTAR PRADESH,ALIGARH,OTHERS,TOTAL,ALL CLASSES,96188,68848,155486,197997,251674,266845
2015-16,UTTAR PRADESH,ALIGARH,INSTITUTIONAL,TOTAL,MARGINAL,0,0,0,0,132,57
2015-16,UTTAR PRADESH,ALIGARH,INSTITUTIONAL,TOTAL,SMALL,0,0,0,0,58,87
2015-16,UTTAR PRADESH,ALIGARH,INSTITUTIONAL,TOTAL,SEMIMEDIUM,0,0,0,0,46,139
2015-16,UTTAR PRADESH,ALIGARH,INSTITUTIONAL,TOTAL,MEDIUM,0,0,0,0,26,165
2015-16,UTTAR PRADESH,ALIGARH,INSTITUTIONAL,TOTAL,LARGE,0,0,0,0,8,162
2015-16,UTTAR PRADESH,ALIGARH,INSTITUTIONAL,TOTAL,ALL CLASSES,0,0,0,0,270,609
2015-16,UTTAR PRADESH,ALLAHABAD,SCHEDULED CASTE,TOTAL,MARGINAL,52648,15554,32558,11411,85206,26965
2015-16,UTTAR PRADESH,ALLAHABAD,SCHEDULED CASTE,TOTAL,SMALL,2312,2979,2423,3208,4735,6187
2015-16,UTTAR PRADESH,ALLAHABAD,SCHEDULED CASTE,TOTAL,SEMIMEDIUM,320,819,602,1597,922,2416
2015-16,UTTAR PRADESH,ALLAHABAD,SCHEDULED CASTE,TOTAL,MEDIUM,31,160,74,377,105,535
2015-16,UTTAR PRADESH,ALLAHABAD,SCHEDULED CASTE,TOTAL,LARGE,0,0,2,86,2,86
2015-16,UTTAR PRADESH,ALLAHABAD,SCHEDULED CASTE,TOTAL,ALL CLASSES,55311,19510,35659,16678,90970,36189
2015-16,UTTAR PRADESH,ALLAHABAD,SCHEDULED TRIBES,TOTAL,MARGINAL,0,0,0,0,0,0
2015-16,UTTAR PRADESH,ALLAHABAD,SCHEDULED TRIBES,TOTAL,SMALL,0,0,0,0,0,0
2015-16,UTTAR PRADESH,ALLAHABAD,SCHEDULED TRIBES,TOTAL,SEMIMEDIUM,0,0,0,0,0,0
2015-16,UTTAR PRADESH,ALLAHABAD,SCHEDULED TRIBES,TOTAL,MEDIUM,0,0,0,0,0,0
2015-16,UTTAR PRADESH,ALLAHABAD,SCHEDULED TRIBES,TOTAL,LARGE,0,0,0,0,0,0
2015-16,UTTAR PRADESH,ALLAHABAD,SCHEDULED TRIBES,TOTAL,ALL CLASSES,0,0,0,0,0,0
2015-16,UTTAR PRADESH,ALLAHABAD,OTHERS,TOTAL,MARGINAL,189462,77115,177728,69061,367190,146176
2015-16,UTTAR PRADESH,ALLAHABAD,OTHERS,TOTAL,SMALL,22470,31173,33413,45711,55883,76885
2015-16,UTTAR PRADESH,ALLAHABAD,OTHERS,TOTAL,SEMIMEDIUM,10260,28457,16180,43432,26440,71889
2015-16,UTTAR PRADESH,ALLAHABAD,OTHERS,TOTAL,MEDIUM,2698,15028,5468,30852,8166,45880
2015-16,UTTAR PRADESH,ALLAHABAD,OTHERS,TOTAL,LARGE,108,1347,696,8799,804,10146
2015-16,UTTAR PRADESH,ALLAHABAD,OTHERS,TOTAL,ALL CLASSES,224998,153120,233485,197855,458483,350976
2015-16,UTTAR PRADESH,ALLAHABAD,INSTITUTIONAL,TOTAL,MARGINAL,0,0,0,0,207,98
2015-16,UTTAR PRADESH,ALLAHABAD,INSTITUTIONAL,TOTAL,SMALL,0,0,0,0,43,60
2015-16,UTTAR PRADESH,ALLAHABAD,INSTITUTIONAL,TOTAL,SEMIMEDIUM,0,0,0,0,39,102
2015-16,UTTAR PRADESH,ALLAHABAD,INSTITUTIONAL,TOTAL,MEDIUM,0,0,0,0,16,91
2015-16,UTTAR PRADESH,ALLAHABAD,INSTITUTIONAL,TOTAL,LARGE,0,0,0,0,5,101
2015-16,UTTAR PRADESH,ALLAHABAD,INSTITUTIONAL,TOTAL,ALL CLASSES,0,0,0,0,310,454
2015-16,UTTAR PRADESH,AMBEDKAR NAGAR,SCHEDULED CASTE,TOTAL,MARGINAL,50460,11906,11644,3235,62104,15141
2015-16,UTTAR PRADESH,AMBEDKAR NAGAR,SCHEDULED CASTE,TOTAL,SMALL,891,1145,249,322,1140,1468
2015-16,UTTAR PRADESH,AMBEDKAR NAGAR,SCHEDULED CASTE,TOTAL,SEMIMEDIUM,55,150,26,64,81,215
2015-16,UTTAR PRADESH,AMBEDKAR NAGAR,SCHEDULED CASTE,TOTAL,MEDIUM,0,0,2,9,2,9
2015-16,UTTAR PRADESH,AMBEDKAR NAGAR,SCHEDULED CASTE,TOTAL,LARGE,0,0,0,0,0,0
2015-16,UTTAR PRADESH,AMBEDKAR NAGAR,SCHEDULED CASTE,TOTAL,ALL CLASSES,51406,13202,11921,3630,63327,16832
2015-16,UTTAR PRADESH,AMBEDKAR NAGAR,SCHEDULED TRIBES,TOTAL,MARGINAL,0,0,0,0,0,0
2015-16,UTTAR PRADESH,AMBEDKAR NAGAR,SCHEDULED TRIBES,TOTAL,SMALL,0,0,0,0,0,0
2015-16,UTTAR PRADESH,AMBEDKAR NAGAR,SCHEDULED TRIBES,TOTAL,SEMIMEDIUM,0,0,0,0,0,0
2015-16,UTTAR PRADESH,AMBEDKAR NAGAR,SCHEDULED TRIBES,TOTAL,MEDIUM,0,0,0,0,0,0
2015-16,UTTAR PRADESH,AMBEDKAR NAGAR,SCHEDULED TRIBES,TOTAL,LARGE,0,0,0,0,0,0
2015-16,UTTAR PRADESH,AMBEDKAR NAGAR,SCHEDULED TRIBES,TOTAL,ALL CLASSES,0,0,0,0,0,0
2015-16,UTTAR PRADESH,AMBEDKAR NAGAR,OTHERS,TOTAL,MARGINAL,186474,88167,58427,21838,244901,110006
2015-16,UTTAR PRADESH,AMBEDKAR NAGAR,OTHERS,TOTAL,SMALL,16801,19232,7833,10365,24634,29598
2015-16,UTTAR PRADESH,AMBEDKAR NAGAR,OTHERS,TOTAL,SEMIMEDIUM,4936,13344,2105,5576,7041,18920
2015-16,UTTAR PRADESH,AMBEDKAR NAGAR,OTHERS,TOTAL,MEDIUM,610,3248,397,2149,1007,5397
2015-16,UTTAR PRADESH,AMBEDKAR NAGAR,OTHERS,TOTAL,LARGE,15,176,8,94,23,270
2015-16,UTTAR PRADESH,AMBEDKAR NAGAR,OTHERS,TOTAL,ALL CLASSES,208836,124168,68770,40022,277606,164190
2015-16,UTTAR PRADESH,AMBEDKAR NAGAR,INSTITUTIONAL,TOTAL,MARGINAL,0,0,0,0,36,12
2015-16,UTTAR PRADESH,AMBEDKAR NAGAR,INSTITUTIONAL,TOTAL,SMALL,0,0,0,0,13,19
2015-16,UTTAR PRADESH,AMBEDKAR NAGAR,INSTITUTIONAL,TOTAL,SEMIMEDIUM,0,0,0,0,9,26
2015-16,UTTAR PRADESH,AMBEDKAR NAGAR,INSTITUTIONAL,TOTAL,MEDIUM,0,0,0,0,3,16
2015-16,UTTAR PRADESH,AMBEDKAR NAGAR,INSTITUTIONAL,TOTAL,LARGE,0,0,0,0,0,0
2015-16,UTTAR PRADESH,AMBEDKAR NAGAR,INSTITUTIONAL,TOTAL,ALL CLASSES,0,0,0,0,61,73
2015-16,UTTAR PRADESH,AURAIYA,SCHEDULED CASTE,TOTAL,MARGINAL,23257,7754,13055,5106,36312,12860
2015-16,UTTAR PRADESH,AURAIYA,SCHEDULED CASTE,TOTAL,SMALL,1828,2428,2005,2764,3833,5192
2015-16,UTTAR PRADESH,AURAIYA,SCHEDULED CASTE,TOTAL,SEMIMEDIUM,280,719,552,1468,832,2186
2015-16,UTTAR PRADESH,AURAIYA,SCHEDULED CASTE,TOTAL,MEDIUM,34,165,80,437,114,602
2015-16,UTTAR PRADESH,AURAIYA,SCHEDULED CASTE,TOTAL,LARGE,1,11,3,34,4,45
2015-16,UTTAR PRADESH,AURAIYA,SCHEDULED CASTE,TOTAL,ALL CLASSES,25400,11076,15695,9808,41095,20885
2015-16,UTTAR PRADESH,AURAIYA,SCHEDULED TRIBES,TOTAL,MARGINAL,0,0,0,0,0,0
2015-16,UTTAR PRADESH,AURAIYA,SCHEDULED TRIBES,TOTAL,SMALL,0,0,0,0,0,0
2015-16,UTTAR PRADESH,AURAIYA,SCHEDULED TRIBES,TOTAL,SEMIMEDIUM,0,0,0,0,0,0
2015-16,UTTAR PRADESH,AURAIYA,SCHEDULED TRIBES,TOTAL,MEDIUM,0,0,0,0,0,0
2015-16,UTTAR PRADESH,AURAIYA,SCHEDULED TRIBES,TOTAL,LARGE,0,0,0,0,0,0
2015-16,UTTAR PRADESH,AURAIYA,SCHEDULED TRIBES,TOTAL,ALL CLASSES,0,0,0,0,0,0
2015-16,UTTAR PRADESH,AURAIYA,OTHERS,TOTAL,MARGINAL,65715,23390,58636,24176,124351,47566
2015-16,UTTAR PRADESH,AURAIYA,OTHERS,TOTAL,SMALL,9608,13047,14999,20675,24607,33722
2015-16,UTTAR PRADESH,AURAIYA,OTHERS,TOTAL,SEMIMEDIUM,3583,9744,6920,18659,10503,28402
2015-16,UTTAR PRADESH,AURAIYA,OTHERS,TOTAL,MEDIUM,751,3966,2054,11084,2805,15050
2015-16,UTTAR PRADESH,AURAIYA,OTHERS,TOTAL,LARGE,13,164,107,1359,120,1522
2015-16,UTTAR PRADESH,AURAIYA,OTHERS,TOTAL,ALL CLASSES,79670,50311,82716,75952,162386,126263
2015-16,UTTAR PRADESH,AURAIYA,INSTITUTIONAL,TOTAL,MARGINAL,0,0,0,0,272,109
2015-16,UTTAR PRADESH,AURAIYA,INSTITUTIONAL,TOTAL,SMALL,0,0,0,0,91,128
2015-16,UTTAR PRADESH,AURAIYA,INSTITUTIONAL,TOTAL,SEMIMEDIUM,0,0,0,0,55,147
2015-16,UTTAR PRADESH,AURAIYA,INSTITUTIONAL,TOTAL,MEDIUM,0,0,0,0,21,127
2015-16,UTTAR PRADESH,AURAIYA,INSTITUTIONAL,TOTAL,LARGE,0,0,0,0,2,22
2015-16,UTTAR PRADESH,AURAIYA,INSTITUTIONAL,TOTAL,ALL CLASSES,0,0,0,0,441,533
2015-16,UTTAR PRADESH,AZAMGARH,SCHEDULED CASTE,TOTAL,MARGINAL,118733,32296,8237,2652,126970,34948
2015-16,UTTAR PRADESH,AZAMGARH,SCHEDULED CASTE,TOTAL,SMALL,2848,3699,542,732,3390,4430
2015-16,UTTAR PRADESH,AZAMGARH,SCHEDULED CASTE,TOTAL,SEMIMEDIUM,370,926,95,242,465,1168
2015-16,UTTAR PRADESH,AZAMGARH,SCHEDULED CASTE,TOTAL,MEDIUM,9,46,1,7,10,53
2015-16,UTTAR PRADESH,AZAMGARH,SCHEDULED CASTE,TOTAL,LARGE,0,0,0,0,0,0
2015-16,UTTAR PRADESH,AZAMGARH,SCHEDULED CASTE,TOTAL,ALL CLASSES,121960,36966,8875,3632,130835,40599
2015-16,UTTAR PRADESH,AZAMGARH,SCHEDULED TRIBES,TOTAL,MARGINAL,0,0,0,0,0,0
2015-16,UTTAR PRADESH,AZAMGARH,SCHEDULED TRIBES,TOTAL,SMALL,0,0,0,0,0,0
2015-16,UTTAR PRADESH,AZAMGARH,SCHEDULED TRIBES,TOTAL,SEMIMEDIUM,0,0,0,0,0,0
2015-16,UTTAR PRADESH,AZAMGARH,SCHEDULED TRIBES,TOTAL,MEDIUM,0,0,0,0,0,0
2015-16,UTTAR PRADESH,AZAMGARH,SCHEDULED TRIBES,TOTAL,LARGE,0,0,0,0,0,0
2015-16,UTTAR PRADESH,AZAMGARH,SCHEDULED TRIBES,TOTAL,ALL CLASSES,0,0,0,0,0,0
2015-16,UTTAR PRADESH,AZAMGARH,OTHERS,TOTAL,MARGINAL,387918,141285,22666,8675,410584,149959
2015-16,UTTAR PRADESH,AZAMGARH,OTHERS,TOTAL,SMALL,45033,64499,3971,5610,49004,70109
2015-16,UTTAR PRADESH,AZAMGARH,OTHERS,TOTAL,SEMIMEDIUM,16935,45625,2125,5708,19060,51332
2015-16,UTTAR PRADESH,AZAMGARH,OTHERS,TOTAL,MEDIUM,2910,15837,699,3749,3609,19586
2015-16,UTTAR PRADESH,AZAMGARH,OTHERS,TOTAL,LARGE,100,1427,26,309,126,1735
2015-16,UTTAR PRADESH,AZAMGARH,OTHERS,TOTAL,ALL CLASSES,452896,268672,29487,24050,482383,292722
2015-16,UTTAR PRADESH,AZAMGARH,INSTITUTIONAL,TOTAL,MARGINAL,0,0,0,0,147,63
2015-16,UTTAR PRADESH,AZAMGARH,INSTITUTIONAL,TOTAL,SMALL,0,0,0,0,58,86
2015-16,UTTAR PRADESH,AZAMGARH,INSTITUTIONAL,TOTAL,SEMIMEDIUM,0,0,0,0,49,136
2015-16,UTTAR PRADESH,AZAMGARH,INSTITUTIONAL,TOTAL,MEDIUM,0,0,0,0,31,201
2015-16,UTTAR PRADESH,AZAMGARH,INSTITUTIONAL,TOTAL,LARGE,0,0,0,0,3,55
2015-16,UTTAR PRADESH,AZAMGARH,INSTITUTIONAL,TOTAL,ALL CLASSES,0,0,0,0,288,541
2015-16,UTTAR PRADESH,BADAAYU,SCHEDULED CASTE,TOTAL,MARGINAL,22304,6211,23441,8898,45745,15109
2015-16,UTTAR PRADESH,BADAAYU,SCHEDULED CASTE,TOTAL,SMALL,1381,1816,4087,5537,5468,7353
2015-16,UTTAR PRADESH,BADAAYU,SCHEDULED CASTE,TOTAL,SEMIMEDIUM,295,777,1355,3582,1650,4358
2015-16,UTTAR PRADESH,BADAAYU,SCHEDULED CASTE,TOTAL,MEDIUM,27,131,203,1058,230,1191
2015-16,UTTAR PRADESH,BADAAYU,SCHEDULED CASTE,TOTAL,LARGE,0,0,7,112,7,112
2015-16,UTTAR PRADESH,BADAAYU,SCHEDULED CASTE,TOTAL,ALL CLASSES,24007,8935,29093,19188,53100,28124
2015-16,UTTAR PRADESH,BADAAYU,SCHEDULED TRIBES,TOTAL,MARGINAL,0,0,0,0,0,0
2015-16,UTTAR PRADESH,BADAAYU,SCHEDULED TRIBES,TOTAL,SMALL,0,0,0,0,0,0
2015-16,UTTAR PRADESH,BADAAYU,SCHEDULED TRIBES,TOTAL,SEMIMEDIUM,0,0,0,0,0,0
2015-16,UTTAR PRADESH,BADAAYU,SCHEDULED TRIBES,TOTAL,MEDIUM,0,0,0,0,0,0
2015-16,UTTAR PRADESH,BADAAYU,SCHEDULED TRIBES,TOTAL,LARGE,0,0,0,0,0,0
2015-16,UTTAR PRADESH,BADAAYU,SCHEDULED TRIBES,TOTAL,ALL CLASSES,0,0,0,0,0,0
2015-16,UTTAR PRADESH,BADAAYU,OTHERS,TOTAL,MARGINAL,159077,48295,195645,81097,354722,129393
2015-16,UTTAR PRADESH,BADAAYU,OTHERS,TOTAL,SMALL,16344,21904,48087,66671,64431,88575
2015-16,UTTAR PRADESH,BADAAYU,OTHERS,TOTAL,SEMIMEDIUM,5542,14488,19974,53003,25516,67491
2015-16,UTTAR PRADESH,BADAAYU,OTHERS,TOTAL,MEDIUM,904,4624,5018,27218,5922,31842
2015-16,UTTAR PRADESH,BADAAYU,OTHERS,TOTAL,LARGE,7,97,238,3149,245,3246
2015-16,UTTAR PRADESH,BADAAYU,OTHERS,TOTAL,ALL CLASSES,181874,89409,268962,231137,450836,320546
2015-16,UTTAR PRADESH,BADAAYU,INSTITUTIONAL,TOTAL,MARGINAL,0,0,0,0,278,115
2015-16,UTTAR PRADESH,BADAAYU,INSTITUTIONAL,TOTAL,SMALL,0,0,0,0,91,126
2015-16,UTTAR PRADESH,BADAAYU,INSTITUTIONAL,TOTAL,SEMIMEDIUM,0,0,0,0,44,119
2015-16,UTTAR PRADESH,BADAAYU,INSTITUTIONAL,TOTAL,MEDIUM,0,0,0,0,45,270
2015-16,UTTAR PRADESH,BADAAYU,INSTITUTIONAL,TOTAL,LARGE,0,0,0,0,4,79
2015-16,UTTAR PRADESH,BADAAYU,INSTITUTIONAL,TOTAL,ALL CLASSES,0,0,0,0,462,710
2015-16,UTTAR PRADESH,BAGHPAT,SCHEDULED CASTE,TOTAL,MARGINAL,2222,751,1609,634,3831,1384
2015-16,UTTAR PRADESH,BAGHPAT,SCHEDULED CASTE,TOTAL,SMALL,158,200,226,302,384,502
2015-16,UTTAR PRADESH,BAGHPAT,SCHEDULED CASTE,TOTAL,SEMIMEDIUM,18,47,41,107,59,154
2015-16,UTTAR PRADESH,BAGHPAT,SCHEDULED CASTE,TOTAL,MEDIUM,0,0,0,0,0,0
2015-16,UTTAR PRADESH,BAGHPAT,SCHEDULED CASTE,TOTAL,LARGE,0,0,0,0,0,0
2015-16,UTTAR PRADESH,BAGHPAT,SCHEDULED CASTE,TOTAL,ALL CLASSES,2398,998,1876,1042,4274,2040
2015-16,UTTAR PRADESH,BAGHPAT,SCHEDULED TRIBES,TOTAL,MARGINAL,0,0,0,0,0,0
2015-16,UTTAR PRADESH,BAGHPAT,SCHEDULED TRIBES,TOTAL,SMALL,0,0,0,0,0,0
2015-16,UTTAR PRADESH,BAGHPAT,SCHEDULED TRIBES,TOTAL,SEMIMEDIUM,0,0,0,0,0,0
2015-16,UTTAR PRADESH,BAGHPAT,SCHEDULED TRIBES,TOTAL,MEDIUM,0,0,0,0,0,0
2015-16,UTTAR PRADESH,BAGHPAT,SCHEDULED TRIBES,TOTAL,LARGE,0,0,0,0,0,0
2015-16,UTTAR PRADESH,BAGHPAT,SCHEDULED TRIBES,TOTAL,ALL CLASSES,0,0,0,0,0,0
2015-16,UTTAR PRADESH,BAGHPAT,OTHERS,TOTAL,MARGINAL,30252,10442,41336,18793,71588,29236
2015-16,UTTAR PRADESH,BAGHPAT,OTHERS,TOTAL,SMALL,6140,8441,14803,20833,20943,29274
2015-16,UTTAR PRADESH,BAGHPAT,OTHERS,TOTAL,SEMIMEDIUM,2479,6568,8946,24228,11425,30796
2015-16,UTTAR PRADESH,BAGHPAT,OTHERS,TOTAL,MEDIUM,375,1858,2567,14118,2942,15978
2015-16,UTTAR PRADESH,BAGHPAT,OTHERS,TOTAL,LARGE,1,12,71,888,72,900
2015-16,UTTAR PRADESH,BAGHPAT,OTHERS,TOTAL,ALL CLASSES,39247,27323,67723,78860,106970,106183
2015-16,UTTAR PRADESH,BAGHPAT,INSTITUTIONAL,TOTAL,MARGINAL,0,0,0,0,85,39
2015-16,UTTAR PRADESH,BAGHPAT,INSTITUTIONAL,TOTAL,SMALL,0,0,0,0,42,63
2015-16,UTTAR PRADESH,BAGHPAT,INSTITUTIONAL,TOTAL,SEMIMEDIUM,0,0,0,0,30,83
2015-16,UTTAR PRADESH,BAGHPAT,INSTITUTIONAL,TOTAL,MEDIUM,0,0,0,0,39,250
2015-16,UTTAR PRADESH,BAGHPAT,INSTITUTIONAL,TOTAL,LARGE,0,0,0,0,10,144
2015-16,UTTAR PRADESH,BAGHPAT,INSTITUTIONAL,TOTAL,ALL CLASSES,0,0,0,0,206,578
2015-16,UTTAR PRADESH,BALLIA,SCHEDULED CASTE,TOTAL,MARGINAL,26531,6273,32,15,26563,6289
2015-16,UTTAR PRADESH,BALLIA,SCHEDULED CASTE,TOTAL,SMALL,730,966,2,2,732,968
2015-16,UTTAR PRADESH,BALLIA,SCHEDULED CASTE,TOTAL,SEMIMEDIUM,94,254,0,0,94,254
2015-16,UTTAR PRADESH,BALLIA,SCHEDULED CASTE,TOTAL,MEDIUM,7,33,0,0,7,33
2015-16,UTTAR PRADESH,BALLIA,SCHEDULED CASTE,TOTAL,LARGE,0,0,0,0,0,0
2015-16,UTTAR PRADESH,BALLIA,SCHEDULED CASTE,TOTAL,ALL CLASSES,27362,7526,34,18,27396,7545
2015-16,UTTAR PRADESH,BALLIA,SCHEDULED TRIBES,TOTAL,MARGINAL,3019,746,1,0,3020,746
2015-16,UTTAR PRADESH,BALLIA,SCHEDULED TRIBES,TOTAL,SMALL,48,59,0,0,48,59
2015-16,UTTAR PRADESH,BALLIA,SCHEDULED TRIBES,TOTAL,SEMIMEDIUM,12,32,0,0,12,32
2015-16,UTTAR PRADESH,BALLIA,SCHEDULED TRIBES,TOTAL,MEDIUM,0,0,0,0,0,0
2015-16,UTTAR PRADESH,BALLIA,SCHEDULED TRIBES,TOTAL,LARGE,0,0,0,0,0,0
2015-16,UTTAR PRADESH,BALLIA,SCHEDULED TRIBES,TOTAL,ALL CLASSES,3079,837,1,0,3080,837
2015-16,UTTAR PRADESH,BALLIA,OTHERS,TOTAL,MARGINAL,284790,98540,1313,409,286103,98949
2015-16,UTTAR PRADESH,BALLIA,OTHERS,TOTAL,SMALL,35802,48446,232,297,36034,48743
2015-16,UTTAR PRADESH,BALLIA,OTHERS,TOTAL,SEMIMEDIUM,14938,40278,132,397,15070,40676
2015-16,UTTAR PRADESH,BALLIA,OTHERS,TOTAL,MEDIUM,4724,25709,125,740,4849,26448
2015-16,UTTAR PRADESH,BALLIA,OTHERS,TOTAL,LARGE,219,3000,37,462,256,3463
2015-16,UTTAR PRADESH,BALLIA,OTHERS,TOTAL,ALL CLASSES,340473,215973,1839,2306,342312,218280
2015-16,UTTAR PRADESH,BALLIA,INSTITUTIONAL,TOTAL,MARGINAL,0,0,0,0,24,11
2015-16,UTTAR PRADESH,BALLIA,INSTITUTIONAL,TOTAL,SMALL,0,0,0,0,18,24
2015-16,UTTAR PRADESH,BALLIA,INSTITUTIONAL,TOTAL,SEMIMEDIUM,0,0,0,0,12,35
2015-16,UTTAR PRADESH,BALLIA,INSTITUTIONAL,TOTAL,MEDIUM,0,0,0,0,5,36
2015-16,UTTAR PRADESH,BALLIA,INSTITUTIONAL,TOTAL,LARGE,0,0,0,0,4,43
2015-16,UTTAR PRADESH,BALLIA,INSTITUTIONAL,TOTAL,ALL CLASSES,0,0,0,0,63,150
2015-16,UTTAR PRADESH,BALRAMPUR,SCHEDULED CASTE,TOTAL,MARGINAL,19092,7232,12724,5065,31816,12298
2015-16,UTTAR PRADESH,BALRAMPUR,SCHEDULED CASTE,TOTAL,SMALL,1253,1903,1308,1890,2561,3794
2015-16,UTTAR PRADESH,BALRAMPUR,SCHEDULED CASTE,TOTAL,SEMIMEDIUM,232,589,295,736,527,1325
2015-16,UTTAR PRADESH,BALRAMPUR,SCHEDULED CASTE,TOTAL,MEDIUM,13,66,27,138,40,204
2015-16,UTTAR PRADESH,BALRAMPUR,SCHEDULED CASTE,TOTAL,LARGE,0,0,0,0,0,0
2015-16,UTTAR PRADESH,BALRAMPUR,SCHEDULED CASTE,TOTAL,ALL CLASSES,20590,9790,14354,7830,34944,17620
2015-16,UTTAR PRADESH,BALRAMPUR,SCHEDULED TRIBES,TOTAL,MARGINAL,1010,414,450,181,1460,595
2015-16,UTTAR PRADESH,BALRAMPUR,SCHEDULED TRIBES,TOTAL,SMALL,217,285,164,212,381,497
2015-16,UTTAR PRADESH,BALRAMPUR,SCHEDULED TRIBES,TOTAL,SEMIMEDIUM,103,290,112,308,215,599
2015-16,UTTAR PRADESH,BALRAMPUR,SCHEDULED TRIBES,TOTAL,MEDIUM,22,125,41,217,63,342
2015-16,UTTAR PRADESH,BALRAMPUR,SCHEDULED TRIBES,TOTAL,LARGE,0,0,2,22,2,22
2015-16,UTTAR PRADESH,BALRAMPUR,SCHEDULED TRIBES,TOTAL,ALL CLASSES,1352,1115,769,940,2121,2055
2015-16,UTTAR PRADESH,BALRAMPUR,OTHERS,TOTAL,MARGINAL,122255,56156,81569,33066,203824,89223
2015-16,UTTAR PRADESH,BALRAMPUR,OTHERS,TOTAL,SMALL,18236,26547,17874,27801,36110,54349
2015-16,UTTAR PRADESH,BALRAMPUR,OTHERS,TOTAL,SEMIMEDIUM,7369,19679,8384,21904,15753,41583
2015-16,UTTAR PRADESH,BALRAMPUR,OTHERS,TOTAL,MEDIUM,1538,7994,1935,9992,3473,17986
2015-16,UTTAR PRADESH,BALRAMPUR,OTHERS,TOTAL,LARGE,18,194,73,1039,91,1233
2015-16,UTTAR PRADESH,BALRAMPUR,OTHERS,TOTAL,ALL CLASSES,149416,110571,109835,93802,259251,204372
2015-16,UTTAR PRADESH,BALRAMPUR,INSTITUTIONAL,TOTAL,MARGINAL,0,0,0,0,33,14
2015-16,UTTAR PRADESH,BALRAMPUR,INSTITUTIONAL,TOTAL,SMALL,0,0,0,0,13,20
2015-16,UTTAR PRADESH,BALRAMPUR,INSTITUTIONAL,TOTAL,SEMIMEDIUM,0,0,0,0,8,25
2015-16,UTTAR PRADESH,BALRAMPUR,INSTITUTIONAL,TOTAL,MEDIUM,0,0,0,0,6,38
2015-16,UTTAR PRADESH,BALRAMPUR,INSTITUTIONAL,TOTAL,LARGE,0,0,0,0,6,153
2015-16,UTTAR PRADESH,BALRAMPUR,INSTITUTIONAL,TOTAL,ALL CLASSES,0,0,0,0,66,250
2015-16,UTTAR PRADESH,BANDA,SCHEDULED CASTE,TOTAL,MARGINAL,18968,7873,11291,4893,30259,12766
2015-16,UTTAR PRADESH,BANDA,SCHEDULED CASTE,TOTAL,SMALL,3344,4496,2882,3928,6226,8424
2015-16,UTTAR PRADESH,BANDA,SCHEDULED CASTE,TOTAL,SEMIMEDIUM,733,1885,969,2666,1702,4551
2015-16,UTTAR PRADESH,BANDA,SCHEDULED CASTE,TOTAL,MEDIUM,123,663,268,1454,391,2116
2015-16,UTTAR PRADESH,BANDA,SCHEDULED CASTE,TOTAL,LARGE,1,13,3,31,4,43
2015-16,UTTAR PRADESH,BANDA,SCHEDULED CASTE,TOTAL,ALL CLASSES,23169,14930,15413,12972,38582,27901
2015-16,UTTAR PRADESH,BANDA,SCHEDULED TRIBES,TOTAL,MARGINAL,0,0,0,0,0,0
2015-16,UTTAR PRADESH,BANDA,SCHEDULED TRIBES,TOTAL,SMALL,0,0,0,0,0,0
2015-16,UTTAR PRADESH,BANDA,SCHEDULED TRIBES,TOTAL,SEMIMEDIUM,0,0,0,0,0,0
2015-16,UTTAR PRADESH,BANDA,SCHEDULED TRIBES,TOTAL,MEDIUM,0,0,0,0,0,0
2015-16,UTTAR PRADESH,BANDA,SCHEDULED TRIBES,TOTAL,LARGE,0,0,0,0,0,0
2015-16,UTTAR PRADESH,BANDA,SCHEDULED TRIBES,TOTAL,ALL CLASSES,0,0,0,0,0,0
2015-16,UTTAR PRADESH,BANDA,OTHERS,TOTAL,MARGINAL,68813,29668,65312,30426,134125,60094
2015-16,UTTAR PRADESH,BANDA,OTHERS,TOTAL,SMALL,20398,28444,28541,40327,48939,68771
2015-16,UTTAR PRADESH,BANDA,OTHERS,TOTAL,SEMIMEDIUM,11964,33531,19899,54940,31863,88472
2015-16,UTTAR PRADESH,BANDA,OTHERS,TOTAL,MEDIUM,5354,30099,10752,62215,16106,92314
2015-16,UTTAR PRADESH,BANDA,OTHERS,TOTAL,LARGE,223,2792,1352,18969,1575,21760
2015-16,UTTAR PRADESH,BANDA,OTHERS,TOTAL,ALL CLASSES,106752,124534,125856,206876,232608,331410
2015-16,UTTAR PRADESH,BANDA,INSTITUTIONAL,TOTAL,MARGINAL,0,0,0,0,337,166
2015-16,UTTAR PRADESH,BANDA,INSTITUTIONAL,TOTAL,SMALL,0,0,0,0,168,237
2015-16,UTTAR PRADESH,BANDA,INSTITUTIONAL,TOTAL,SEMIMEDIUM,0,0,0,0,132,377
2015-16,UTTAR PRADESH,BANDA,INSTITUTIONAL,TOTAL,MEDIUM,0,0,0,0,90,545
2015-16,UTTAR PRADESH,BANDA,INSTITUTIONAL,TOTAL,LARGE,0,0,0,0,25,496
2015-16,UTTAR PRADESH,BANDA,INSTITUTIONAL,TOTAL,ALL CLASSES,0,0,0,0,752,1822
2015-16,UTTAR PRADESH,BARABANKI,SCHEDULED CASTE,TOTAL,MARGINAL,75066,18819,52519,22326,127585,41145
2015-16,UTTAR PRADESH,BARABANKI,SCHEDULED CASTE,TOTAL,SMALL,3301,4308,4916,6582,8217,10890
2015-16,UTTAR PRADESH,BARABANKI,SCHEDULED CASTE,TOTAL,SEMIMEDIUM,513,1294,1029,2664,1542,3958
2015-16,UTTAR PRADESH,BARABANKI,SCHEDULED CASTE,TOTAL,MEDIUM,64,316,167,807,231,1122
2015-16,UTTAR PRADESH,BARABANKI,SCHEDULED CASTE,TOTAL,LARGE,0,0,0,0,0,0
2015-16,UTTAR PRADESH,BARABANKI,SCHEDULED CASTE,TOTAL,ALL CLASSES,78944,24737,58631,32379,137575,57116
2015-16,UTTAR PRADESH,BARABANKI,SCHEDULED TRIBES,TOTAL,MARGINAL,0,0,0,0,0,0
2015-16,UTTAR PRADESH,BARABANKI,SCHEDULED TRIBES,TOTAL,SMALL,0,0,0,0,0,0
2015-16,UTTAR PRADESH,BARABANKI,SCHEDULED TRIBES,TOTAL,SEMIMEDIUM,0,0,0,0,0,0
2015-16,UTTAR PRADESH,BARABANKI,SCHEDULED TRIBES,TOTAL,MEDIUM,0,0,0,0,0,0
2015-16,UTTAR PRADESH,BARABANKI,SCHEDULED TRIBES,TOTAL,LARGE,0,0,0,0,0,0
2015-16,UTTAR PRADESH,BARABANKI,SCHEDULED TRIBES,TOTAL,ALL CLASSES,0,0,0,0,0,0
2015-16,UTTAR PRADESH,BARABANKI,OTHERS,TOTAL,MARGINAL,160709,62112,124671,52012,285380,114125
2015-16,UTTAR PRADESH,BARABANKI,OTHERS,TOTAL,SMALL,18393,28048,24091,34640,42484,62687
2015-16,UTTAR PRADESH,BARABANKI,OTHERS,TOTAL,SEMIMEDIUM,4990,13835,8445,23251,13435,37086
2015-16,UTTAR PRADESH,BARABANKI,OTHERS,TOTAL,MEDIUM,789,4096,1826,10275,2615,14371
2015-16,UTTAR PRADESH,BARABANKI,OTHERS,TOTAL,LARGE,13,160,113,1607,126,1767
2015-16,UTTAR PRADESH,BARABANKI,OTHERS,TOTAL,ALL CLASSES,184894,108251,159146,121786,344040,230037
2015-16,UTTAR PRADESH,BARABANKI,INSTITUTIONAL,TOTAL,MARGINAL,0,0,0,0,262,100
2015-16,UTTAR PRADESH,BARABANKI,INSTITUTIONAL,TOTAL,SMALL,0,0,0,0,60,83
2015-16,UTTAR PRADESH,BARABANKI,INSTITUTIONAL,TOTAL,SEMIMEDIUM,0,0,0,0,31,88
2015-16,UTTAR PRADESH,BARABANKI,INSTITUTIONAL,TOTAL,MEDIUM,0,0,0,0,20,108
2015-16,UTTAR PRADESH,BARABANKI,INSTITUTIONAL,TOTAL,LARGE,0,0,0,0,11,902
2015-16,UTTAR PRADESH,BARABANKI,INSTITUTIONAL,TOTAL,ALL CLASSES,0,0,0,0,384,1281
2015-16,UTTAR PRADESH,BAREILLY,SCHEDULED CASTE,TOTAL,MARGINAL,15775,4264,16999,6262,32774,10526
2015-16,UTTAR PRADESH,BAREILLY,SCHEDULED CASTE,TOTAL,SMALL,860,1141,2302,3175,3162,4316
2015-16,UTTAR PRADESH,BAREILLY,SCHEDULED CASTE,TOTAL,SEMIMEDIUM,176,440,656,1641,832,2080
2015-16,UTTAR PRADESH,BAREILLY,SCHEDULED CASTE,TOTAL,MEDIUM,8,35,81,401,89,436
2015-16,UTTAR PRADESH,BAREILLY,SCHEDULED CASTE,TOTAL,LARGE,0,0,0,0,0,0
2015-16,UTTAR PRADESH,BAREILLY,SCHEDULED CASTE,TOTAL,ALL CLASSES,16819,5880,20038,11478,36857,17358
2015-16,UTTAR PRADESH,BAREILLY,SCHEDULED TRIBES,TOTAL,MARGINAL,0,0,0,0,0,0
2015-16,UTTAR PRADESH,BAREILLY,SCHEDULED TRIBES,TOTAL,SMALL,0,0,0,0,0,0
2015-16,UTTAR PRADESH,BAREILLY,SCHEDULED TRIBES,TOTAL,SEMIMEDIUM,0,0,0,0,0,0
2015-16,UTTAR PRADESH,BAREILLY,SCHEDULED TRIBES,TOTAL,MEDIUM,0,0,0,0,0,0
2015-16,UTTAR PRADESH,BAREILLY,SCHEDULED TRIBES,TOTAL,LARGE,0,0,0,0,0,0
2015-16,UTTAR PRADESH,BAREILLY,SCHEDULED TRIBES,TOTAL,ALL CLASSES,0,0,0,0,0,0
2015-16,UTTAR PRADESH,BAREILLY,OTHERS,TOTAL,MARGINAL,141400,52470,210762,89899,352162,142369
2015-16,UTTAR PRADESH,BAREILLY,OTHERS,TOTAL,SMALL,16913,22064,47407,62738,64320,84803
2015-16,UTTAR PRADESH,BAREILLY,OTHERS,TOTAL,SEMIMEDIUM,5999,15935,18180,48762,24179,64697
2015-16,UTTAR PRADESH,BAREILLY,OTHERS,TOTAL,MEDIUM,891,4425,4184,22345,5075,26770
2015-16,UTTAR PRADESH,BAREILLY,OTHERS,TOTAL,LARGE,26,327,141,2034,167,2362
2015-16,UTTAR PRADESH,BAREILLY,OTHERS,TOTAL,ALL CLASSES,165229,95222,280674,225779,445903,321001
2015-16,UTTAR PRADESH,BAREILLY,INSTITUTIONAL,TOTAL,MARGINAL,0,0,0,0,818,326
2015-16,UTTAR PRADESH,BAREILLY,INSTITUTIONAL,TOTAL,SMALL,0,0,0,0,205,281
2015-16,UTTAR PRADESH,BAREILLY,INSTITUTIONAL,TOTAL,SEMIMEDIUM,0,0,0,0,116,310
2015-16,UTTAR PRADESH,BAREILLY,INSTITUTIONAL,TOTAL,MEDIUM,0,0,0,0,67,414
2015-16,UTTAR PRADESH,BAREILLY,INSTITUTIONAL,TOTAL,LARGE,0,0,0,0,21,635
2015-16,UTTAR PRADESH,BAREILLY,INSTITUTIONAL,TOTAL,ALL CLASSES,0,0,0,0,1227,1967
2015-16,UTTAR PRADESH,BASTI,SCHEDULED CASTE,TOTAL,MARGINAL,33033,9642,18713,5829,51746,15470
2015-16,UTTAR PRADESH,BASTI,SCHEDULED CASTE,TOTAL,SMALL,575,780,627,856,1202,1636
2015-16,UTTAR PRADESH,BASTI,SCHEDULED CASTE,TOTAL,SEMIMEDIUM,30,74,69,191,99,264
2015-16,UTTAR PRADESH,BASTI,SCHEDULED CASTE,TOTAL,MEDIUM,0,0,4,23,4,23
2015-16,UTTAR PRADESH,BASTI,SCHEDULED CASTE,TOTAL,LARGE,0,0,0,0,0,0
2015-16,UTTAR PRADESH,BASTI,SCHEDULED CASTE,TOTAL,ALL CLASSES,33638,10495,19413,6899,53051,17394
2015-16,UTTAR PRADESH,BASTI,SCHEDULED TRIBES,TOTAL,MARGINAL,0,0,0,0,0,0
2015-16,UTTAR PRADESH,BASTI,SCHEDULED TRIBES,TOTAL,SMALL,0,0,0,0,0,0
2015-16,UTTAR PRADESH,BASTI,SCHEDULED TRIBES,TOTAL,SEMIMEDIUM,0,0,0,0,0,0
2015-16,UTTAR PRADESH,BASTI,SCHEDULED TRIBES,TOTAL,MEDIUM,0,0,0,0,0,0
2015-16,UTTAR PRADESH,BASTI,SCHEDULED TRIBES,TOTAL,LARGE,0,0,0,0,0,0
2015-16,UTTAR PRADESH,BASTI,SCHEDULED TRIBES,TOTAL,ALL CLASSES,0,0,0,0,0,0
2015-16,UTTAR PRADESH,BASTI,OTHERS,TOTAL,MARGINAL,130402,63968,101943,42660,232345,106627
2015-16,UTTAR PRADESH,BASTI,OTHERS,TOTAL,SMALL,15804,22995,18273,24375,34077,47370
2015-16,UTTAR PRADESH,BASTI,OTHERS,TOTAL,SEMIMEDIUM,5027,13048,7460,19726,12487,32774
2015-16,UTTAR PRADESH,BASTI,OTHERS,TOTAL,MEDIUM,471,2464,1459,7708,1930,10172
2015-16,UTTAR PRADESH,BASTI,OTHERS,TOTAL,LARGE,11,156,46,510,57,666
2015-16,UTTAR PRADESH,BASTI,OTHERS,TOTAL,ALL CLASSES,151715,102630,129181,94979,280896,197609
2015-16,UTTAR PRADESH,BASTI,INSTITUTIONAL,TOTAL,MARGINAL,0,0,0,0,36,12
2015-16,UTTAR PRADESH,BASTI,INSTITUTIONAL,TOTAL,SMALL,0,0,0,0,11,15
2015-16,UTTAR PRADESH,BASTI,INSTITUTIONAL,TOTAL,SEMIMEDIUM,0,0,0,0,9,24
2015-16,UTTAR PRADESH,BASTI,INSTITUTIONAL,TOTAL,MEDIUM,0,0,0,0,3,13
2015-16,UTTAR PRADESH,BASTI,INSTITUTIONAL,TOTAL,LARGE,0,0,0,0,2,22
2015-16,UTTAR PRADESH,BASTI,INSTITUTIONAL,TOTAL,ALL CLASSES,0,0,0,0,61,86
2015-16,UTTAR PRADESH,BEHRAICH,SCHEDULED CASTE,TOTAL,MARGINAL,34237,10733,24188,8678,58425,19411
2015-16,UTTAR PRADESH,BEHRAICH,SCHEDULED CASTE,TOTAL,SMALL,2926,3813,2572,3590,5498,7403
2015-16,UTTAR PRADESH,BEHRAICH,SCHEDULED CASTE,TOTAL,SEMIMEDIUM,469,1204,603,1555,1072,2759
2015-16,UTTAR PRADESH,BEHRAICH,SCHEDULED CASTE,TOTAL,MEDIUM,39,183,51,250,90,432
2015-16,UTTAR PRADESH,BEHRAICH,SCHEDULED CASTE,TOTAL,LARGE,0,0,0,0,0,0
2015-16,UTTAR PRADESH,BEHRAICH,SCHEDULED CASTE,TOTAL,ALL CLASSES,37671,15931,27414,14073,65085,30004
2015-16,UTTAR PRADESH,BEHRAICH,SCHEDULED TRIBES,TOTAL,MARGINAL,502,167,181,69,683,236
2015-16,UTTAR PRADESH,BEHRAICH,SCHEDULED TRIBES,TOTAL,SMALL,97,136,40,58,137,194
2015-16,UTTAR PRADESH,BEHRAICH,SCHEDULED TRIBES,TOTAL,SEMIMEDIUM,38,103,31,82,69,185
2015-16,UTTAR PRADESH,BEHRAICH,SCHEDULED TRIBES,TOTAL,MEDIUM,4,22,5,24,9,47
2015-16,UTTAR PRADESH,BEHRAICH,SCHEDULED TRIBES,TOTAL,LARGE,0,0,1,17,1,17
2015-16,UTTAR PRADESH,BEHRAICH,SCHEDULED TRIBES,TOTAL,ALL CLASSES,641,428,258,250,899,678
2015-16,UTTAR PRADESH,BEHRAICH,OTHERS,TOTAL,MARGINAL,191743,78585,177279,84492,369022,163076
2015-16,UTTAR PRADESH,BEHRAICH,OTHERS,TOTAL,SMALL,21565,28107,28484,38720,50049,66827
2015-16,UTTAR PRADESH,BEHRAICH,OTHERS,TOTAL,SEMIMEDIUM,7365,19338,10626,28717,17991,48056
2015-16,UTTAR PRADESH,BEHRAICH,OTHERS,TOTAL,MEDIUM,1326,6550,2491,13740,3817,20291
2015-16,UTTAR PRADESH,BEHRAICH,OTHERS,TOTAL,LARGE,14,164,171,2762,185,2926
2015-16,UTTAR PRADESH,BEHRAICH,OTHERS,TOTAL,ALL CLASSES,222013,132744,219051,168431,441064,301175
2015-16,UTTAR PRADESH,BEHRAICH,INSTITUTIONAL,TOTAL,MARGINAL,0,0,0,0,176,59
2015-16,UTTAR PRADESH,BEHRAICH,INSTITUTIONAL,TOTAL,SMALL,0,0,0,0,45,62
2015-16,UTTAR PRADESH,BEHRAICH,INSTITUTIONAL,TOTAL,SEMIMEDIUM,0,0,0,0,14,42
2015-16,UTTAR PRADESH,BEHRAICH,INSTITUTIONAL,TOTAL,MEDIUM,0,0,0,0,8,45
2015-16,UTTAR PRADESH,BEHRAICH,INSTITUTIONAL,TOTAL,LARGE,0,0,0,0,11,344
2015-16,UTTAR PRADESH,BEHRAICH,INSTITUTIONAL,TOTAL,ALL CLASSES,0,0,0,0,254,553
2015-16,UTTAR PRADESH,BIJNOR,SCHEDULED CASTE,TOTAL,MARGINAL,48901,19719,4591,2013,53492,21732
2015-16,UTTAR PRADESH,BIJNOR,SCHEDULED CASTE,TOTAL,SMALL,5484,6914,979,1310,6463,8224
2015-16,UTTAR PRADESH,BIJNOR,SCHEDULED CASTE,TOTAL,SEMIMEDIUM,1437,3709,473,1280,1910,4988
2015-16,UTTAR PRADESH,BIJNOR,SCHEDULED CASTE,TOTAL,MEDIUM,122,627,155,849,277,1475
2015-16,UTTAR PRADESH,BIJNOR,SCHEDULED CASTE,TOTAL,LARGE,0,0,12,211,12,211
2015-16,UTTAR PRADESH,BIJNOR,SCHEDULED CASTE,TOTAL,ALL CLASSES,55944,30969,6210,5662,62154,36631
2015-16,UTTAR PRADESH,BIJNOR,SCHEDULED TRIBES,TOTAL,MARGINAL,61,24,9,4,70,28
2015-16,UTTAR PRADESH,BIJNOR,SCHEDULED TRIBES,TOTAL,SMALL,44,65,5,8,49,73
2015-16,UTTAR PRADESH,BIJNOR,SCHEDULED TRIBES,TOTAL,SEMIMEDIUM,4,9,19,47,23,56
2015-16,UTTAR PRADESH,BIJNOR,SCHEDULED TRIBES,TOTAL,MEDIUM,0,0,0,0,0,0
2015-16,UTTAR PRADESH,BIJNOR,SCHEDULED TRIBES,TOTAL,LARGE,0,0,0,0,0,0
2015-16,UTTAR PRADESH,BIJNOR,SCHEDULED TRIBES,TOTAL,ALL CLASSES,109,98,33,58,142,156
2015-16,UTTAR PRADESH,BIJNOR,OTHERS,TOTAL,MARGINAL,179090,86502,20103,9125,199193,95627
2015-16,UTTAR PRADESH,BIJNOR,OTHERS,TOTAL,SMALL,48584,74317,9533,14000,58117,88317
2015-16,UTTAR PRADESH,BIJNOR,OTHERS,TOTAL,SEMIMEDIUM,24833,68820,5382,14956,30215,83777
2015-16,UTTAR PRADESH,BIJNOR,OTHERS,TOTAL,MEDIUM,4072,19813,2488,14032,6560,33845
2015-16,UTTAR PRADESH,BIJNOR,OTHERS,TOTAL,LARGE,10,336,162,3008,172,3344
2015-16,UTTAR PRADESH,BIJNOR,OTHERS,TOTAL,ALL CLASSES,256589,249789,37668,55121,294257,304910
2015-16,UTTAR PRADESH,BIJNOR,INSTITUTIONAL,TOTAL,MARGINAL,0,0,0,0,118,57
2015-16,UTTAR PRADESH,BIJNOR,INSTITUTIONAL,TOTAL,SMALL,0,0,0,0,33,47
2015-16,UTTAR PRADESH,BIJNOR,INSTITUTIONAL,TOTAL,SEMIMEDIUM,0,0,0,0,45,126
2015-16,UTTAR PRADESH,BIJNOR,INSTITUTIONAL,TOTAL,MEDIUM,0,0,0,0,24,152
2015-16,UTTAR PRADESH,BIJNOR,INSTITUTIONAL,TOTAL,LARGE,0,0,0,0,24,1144
2015-16,UTTAR PRADESH,BIJNOR,INSTITUTIONAL,TOTAL,ALL CLASSES,0,0,0,0,244,1525
2015-16,UTTAR PRADESH,BULANDSHAHAR,SCHEDULED CASTE,TOTAL,MARGINAL,28084,8392,21641,8196,49725,16588
2015-16,UTTAR PRADESH,BULANDSHAHAR,SCHEDULED CASTE,TOTAL,SMALL,1280,1755,3861,5169,5141,6924
2015-16,UTTAR PRADESH,BULANDSHAHAR,SCHEDULED CASTE,TOTAL,SEMIMEDIUM,275,741,1358,3599,1633,4341
2015-16,UTTAR PRADESH,BULANDSHAHAR,SCHEDULED CASTE,TOTAL,MEDIUM,21,100,270,1443,291,1543
2015-16,UTTAR PRADESH,BULANDSHAHAR,SCHEDULED CASTE,TOTAL,LARGE,0,0,4,43,4,43
2015-16,UTTAR PRADESH,BULANDSHAHAR,SCHEDULED CASTE,TOTAL,ALL CLASSES,29660,10988,27134,18450,56794,29438
2015-16,UTTAR PRADESH,BULANDSHAHAR,SCHEDULED TRIBES,TOTAL,MARGINAL,0,0,0,0,0,0
2015-16,UTTAR PRADESH,BULANDSHAHAR,SCHEDULED TRIBES,TOTAL,SMALL,0,0,0,0,0,0
2015-16,UTTAR PRADESH,BULANDSHAHAR,SCHEDULED TRIBES,TOTAL,SEMIMEDIUM,0,0,0,0,0,0
2015-16,UTTAR PRADESH,BULANDSHAHAR,SCHEDULED TRIBES,TOTAL,MEDIUM,0,0,0,0,0,0
2015-16,UTTAR PRADESH,BULANDSHAHAR,SCHEDULED TRIBES,TOTAL,LARGE,0,0,0,0,0,0
2015-16,UTTAR PRADESH,BULANDSHAHAR,SCHEDULED TRIBES,TOTAL,ALL CLASSES,0,0,0,0,0,0
2015-16,UTTAR PRADESH,BULANDSHAHAR,OTHERS,TOTAL,MARGINAL,104212,38879,112689,51324,216901,90203
2015-16,UTTAR PRADESH,BULANDSHAHAR,OTHERS,TOTAL,SMALL,14697,22009,35085,55102,49782,77112
2015-16,UTTAR PRADESH,BULANDSHAHAR,OTHERS,TOTAL,SEMIMEDIUM,5729,16066,18855,52813,24584,68879
2015-16,UTTAR PRADESH,BULANDSHAHAR,OTHERS,TOTAL,MEDIUM,1018,5227,5680,30972,6698,36199
2015-16,UTTAR PRADESH,BULANDSHAHAR,OTHERS,TOTAL,LARGE,4,47,235,3061,239,3108
2015-16,UTTAR PRADESH,BULANDSHAHAR,OTHERS,TOTAL,ALL CLASSES,125660,82229,172544,193271,298204,275501
2015-16,UTTAR PRADESH,BULANDSHAHAR,INSTITUTIONAL,TOTAL,MARGINAL,0,0,0,0,169,72
2015-16,UTTAR PRADESH,BULANDSHAHAR,INSTITUTIONAL,TOTAL,SMALL,0,0,0,0,48,69
2015-16,UTTAR PRADESH,BULANDSHAHAR,INSTITUTIONAL,TOTAL,SEMIMEDIUM,0,0,0,0,44,120
2015-16,UTTAR PRADESH,BULANDSHAHAR,INSTITUTIONAL,TOTAL,MEDIUM,0,0,0,0,31,187
2015-16,UTTAR PRADESH,BULANDSHAHAR,INSTITUTIONAL,TOTAL,LARGE,0,0,0,0,13,195
2015-16,UTTAR PRADESH,BULANDSHAHAR,INSTITUTIONAL,TOTAL,ALL CLASSES,0,0,0,0,305,643
2015-16,UTTAR PRADESH,CHANDAULI,SCHEDULED CASTE,TOTAL,MARGINAL,15263,2682,8588,2109,23851,4791
2015-16,UTTAR PRADESH,CHANDAULI,SCHEDULED CASTE,TOTAL,SMALL,175,223,367,482,542,704
2015-16,UTTAR PRADESH,CHANDAULI,SCHEDULED CASTE,TOTAL,SEMIMEDIUM,32,80,88,214,120,294
2015-16,UTTAR PRADESH,CHANDAULI,SCHEDULED CASTE,TOTAL,MEDIUM,3,16,9,46,12,63
2015-16,UTTAR PRADESH,CHANDAULI,SCHEDULED CASTE,TOTAL,LARGE,0,0,1,13,1,13
2015-16,UTTAR PRADESH,CHANDAULI,SCHEDULED CASTE,TOTAL,ALL CLASSES,15473,3001,9053,2865,24526,5866
2015-16,UTTAR PRADESH,CHANDAULI,SCHEDULED TRIBES,TOTAL,MARGINAL,0,0,0,0,0,0
2015-16,UTTAR PRADESH,CHANDAULI,SCHEDULED TRIBES,TOTAL,SMALL,0,0,0,0,0,0
2015-16,UTTAR PRADESH,CHANDAULI,SCHEDULED TRIBES,TOTAL,SEMIMEDIUM,0,0,0,0,0,0
2015-16,UTTAR PRADESH,CHANDAULI,SCHEDULED TRIBES,TOTAL,MEDIUM,0,0,0,0,0,0
2015-16,UTTAR PRADESH,CHANDAULI,SCHEDULED TRIBES,TOTAL,LARGE,0,0,0,0,0,0
2015-16,UTTAR PRADESH,CHANDAULI,SCHEDULED TRIBES,TOTAL,ALL CLASSES,0,0,0,0,0,0
2015-16,UTTAR PRADESH,CHANDAULI,OTHERS,TOTAL,MARGINAL,75460,34693,71154,32896,146614,67588
2015-16,UTTAR PRADESH,CHANDAULI,OTHERS,TOTAL,SMALL,7155,10458,11257,15672,18412,26130
2015-16,UTTAR PRADESH,CHANDAULI,OTHERS,TOTAL,SEMIMEDIUM,2871,7861,5544,14802,8415,22663
2015-16,UTTAR PRADESH,CHANDAULI,OTHERS,TOTAL,MEDIUM,741,3989,1745,9846,2486,13834
2015-16,UTTAR PRADESH,CHANDAULI,OTHERS,TOTAL,LARGE,4,58,155,2013,159,2071
2015-16,UTTAR PRADESH,CHANDAULI,OTHERS,TOTAL,ALL CLASSES,86231,57059,89855,75228,176086,132287
2015-16,UTTAR PRADESH,CHANDAULI,INSTITUTIONAL,TOTAL,MARGINAL,0,0,0,0,108,37
2015-16,UTTAR PRADESH,CHANDAULI,INSTITUTIONAL,TOTAL,SMALL,0,0,0,0,30,42
2015-16,UTTAR PRADESH,CHANDAULI,INSTITUTIONAL,TOTAL,SEMIMEDIUM,0,0,0,0,13,33
2015-16,UTTAR PRADESH,CHANDAULI,INSTITUTIONAL,TOTAL,MEDIUM,0,0,0,0,13,79
2015-16,UTTAR PRADESH,CHANDAULI,INSTITUTIONAL,TOTAL,LARGE,0,0,0,0,0,0
2015-16,UTTAR PRADESH,CHANDAULI,INSTITUTIONAL,TOTAL,ALL CLASSES,0,0,0,0,164,190
2015-16,UTTAR PRADESH,CHITRAKOOT,SCHEDULED CASTE,TOTAL,MARGINAL,12646,5518,8974,4074,21620,9592
2015-16,UTTAR PRADESH,CHITRAKOOT,SCHEDULED CASTE,TOTAL,SMALL,2834,3863,2106,2895,4940,6758
2015-16,UTTAR PRADESH,CHITRAKOOT,SCHEDULED CASTE,TOTAL,SEMIMEDIUM,402,993,598,1541,1000,2534
2015-16,UTTAR PRADESH,CHITRAKOOT,SCHEDULED CASTE,TOTAL,MEDIUM,26,136,101,555,127,689
2015-16,UTTAR PRADESH,CHITRAKOOT,SCHEDULED CASTE,TOTAL,LARGE,0,0,1,11,1,11
2015-16,UTTAR PRADESH,CHITRAKOOT,SCHEDULED CASTE,TOTAL,ALL CLASSES,15908,10509,11780,9075,27688,19585
2015-16,UTTAR PRADESH,CHITRAKOOT,SCHEDULED TRIBES,TOTAL,MARGINAL,0,0,0,0,0,0
2015-16,UTTAR PRADESH,CHITRAKOOT,SCHEDULED TRIBES,TOTAL,SMALL,0,0,0,0,0,0
2015-16,UTTAR PRADESH,CHITRAKOOT,SCHEDULED TRIBES,TOTAL,SEMIMEDIUM,0,0,0,0,0,0
2015-16,UTTAR PRADESH,CHITRAKOOT,SCHEDULED TRIBES,TOTAL,MEDIUM,0,0,0,0,0,0
2015-16,UTTAR PRADESH,CHITRAKOOT,SCHEDULED TRIBES,TOTAL,LARGE,0,0,0,0,0,0
2015-16,UTTAR PRADESH,CHITRAKOOT,SCHEDULED TRIBES,TOTAL,ALL CLASSES,0,0,0,0,0,0
2015-16,UTTAR PRADESH,CHITRAKOOT,OTHERS,TOTAL,MARGINAL,51619,18518,54418,22102,106037,40620
2015-16,UTTAR PRADESH,CHITRAKOOT,OTHERS,TOTAL,SMALL,10436,14287,14214,19825,24650,34112
2015-16,UTTAR PRADESH,CHITRAKOOT,OTHERS,TOTAL,SEMIMEDIUM,4933,13413,8035,21913,12968,35326
2015-16,UTTAR PRADESH,CHITRAKOOT,OTHERS,TOTAL,MEDIUM,1709,9781,4462,26655,6171,36436
2015-16,UTTAR PRADESH,CHITRAKOOT,OTHERS,TOTAL,LARGE,151,2148,942,14401,1093,16549
2015-16,UTTAR PRADESH,CHITRAKOOT,OTHERS,TOTAL,ALL CLASSES,68848,58146,82071,104897,150919,163043
2015-16,UTTAR PRADESH,CHITRAKOOT,INSTITUTIONAL,TOTAL,MARGINAL,0,0,0,0,79,34
2015-16,UTTAR PRADESH,CHITRAKOOT,INSTITUTIONAL,TOTAL,SMALL,0,0,0,0,30,40
2015-16,UTTAR PRADESH,CHITRAKOOT,INSTITUTIONAL,TOTAL,SEMIMEDIUM,0,0,0,0,38,109
2015-16,UTTAR PRADESH,CHITRAKOOT,INSTITUTIONAL,TOTAL,MEDIUM,0,0,0,0,27,163
2015-16,UTTAR PRADESH,CHITRAKOOT,INSTITUTIONAL,TOTAL,LARGE,0,0,0,0,16,723
2015-16,UTTAR PRADESH,CHITRAKOOT,INSTITUTIONAL,TOTAL,ALL CLASSES,0,0,0,0,190,1069
2015-16,UTTAR PRADESH,CHOTRAPATI SAHOOJI MAHARA,SCHEDULED CASTE,TOTAL,MARGINAL,46972,15012,24872,8661,71844,23673
2015-16,UTTAR PRADESH,CHOTRAPATI SAHOOJI MAHARA,SCHEDULED CASTE,TOTAL,SMALL,933,1243,1046,1357,1979,2600
2015-16,UTTAR PRADESH,CHOTRAPATI SAHOOJI MAHARA,SCHEDULED CASTE,TOTAL,SEMIMEDIUM,46,119,88,221,134,341
2015-16,UTTAR PRADESH,CHOTRAPATI SAHOOJI MAHARA,SCHEDULED CASTE,TOTAL,MEDIUM,2,10,3,15,5,25
2015-16,UTTAR PRADESH,CHOTRAPATI SAHOOJI MAHARA,SCHEDULED CASTE,TOTAL,LARGE,0,0,0,0,0,0
2015-16,UTTAR PRADESH,CHOTRAPATI SAHOOJI MAHARA,SCHEDULED CASTE,TOTAL,ALL CLASSES,47953,16385,26009,10254,73962,26639
2015-16,UTTAR PRADESH,CHOTRAPATI SAHOOJI MAHARA,SCHEDULED TRIBES,TOTAL,MARGINAL,0,0,0,0,0,0
2015-16,UTTAR PRADESH,CHOTRAPATI SAHOOJI MAHARA,SCHEDULED TRIBES,TOTAL,SMALL,0,0,0,0,0,0
2015-16,UTTAR PRADESH,CHOTRAPATI SAHOOJI MAHARA,SCHEDULED TRIBES,TOTAL,SEMIMEDIUM,0,0,0,0,0,0
2015-16,UTTAR PRADESH,CHOTRAPATI SAHOOJI MAHARA,SCHEDULED TRIBES,TOTAL,MEDIUM,0,0,0,0,0,0
2015-16,UTTAR PRADESH,CHOTRAPATI SAHOOJI MAHARA,SCHEDULED TRIBES,TOTAL,LARGE,0,0,0,0,0,0
2015-16,UTTAR PRADESH,CHOTRAPATI SAHOOJI MAHARA,SCHEDULED TRIBES,TOTAL,ALL CLASSES,0,0,0,0,0,0
2015-16,UTTAR PRADESH,CHOTRAPATI SAHOOJI MAHARA,OTHERS,TOTAL,MARGINAL,127722,44473,88337,30075,216059,74548
2015-16,UTTAR PRADESH,CHOTRAPATI SAHOOJI MAHARA,OTHERS,TOTAL,SMALL,12563,16948,12540,16778,25103,33726
2015-16,UTTAR PRADESH,CHOTRAPATI SAHOOJI MAHARA,OTHERS,TOTAL,SEMIMEDIUM,4198,11430,5337,13906,9535,25335
2015-16,UTTAR PRADESH,CHOTRAPATI SAHOOJI MAHARA,OTHERS,TOTAL,MEDIUM,689,3577,969,5010,1658,8586
2015-16,UTTAR PRADESH,CHOTRAPATI SAHOOJI MAHARA,OTHERS,TOTAL,LARGE,3,34,12,165,15,198
2015-16,UTTAR PRADESH,CHOTRAPATI SAHOOJI MAHARA,OTHERS,TOTAL,ALL CLASSES,145175,76459,107195,65934,252370,142393
2015-16,UTTAR PRADESH,CHOTRAPATI SAHOOJI MAHARA,INSTITUTIONAL,TOTAL,MARGINAL,0,0,0,0,60,22
2015-16,UTTAR PRADESH,CHOTRAPATI SAHOOJI MAHARA,INSTITUTIONAL,TOTAL,SMALL,0,0,0,0,32,44
2015-16,UTTAR PRADESH,CHOTRAPATI SAHOOJI MAHARA,INSTITUTIONAL,TOTAL,SEMIMEDIUM,0,0,0,0,15,38
2015-16,UTTAR PRADESH,CHOTRAPATI SAHOOJI MAHARA,INSTITUTIONAL,TOTAL,MEDIUM,0,0,0,0,18,118
2015-16,UTTAR PRADESH,CHOTRAPATI SAHOOJI MAHARA,INSTITUTIONAL,TOTAL,LARGE,0,0,0,0,3,61
2015-16,UTTAR PRADESH,CHOTRAPATI SAHOOJI MAHARA,INSTITUTIONAL,TOTAL,ALL CLASSES,0,0,0,0,128,284
2015-16,UTTAR PRADESH,DEORIA,SCHEDULED CASTE,TOTAL,MARGINAL,22206,5073,14091,3794,36297,8865
2015-16,UTTAR PRADESH,DEORIA,SCHEDULED CASTE,TOTAL,SMALL,351,456,355,471,706,927
2015-16,UTTAR PRADESH,DEORIA,SCHEDULED CASTE,TOTAL,SEMIMEDIUM,15,37,60,157,75,194
2015-16,UTTAR PRADESH,DEORIA,SCHEDULED CASTE,TOTAL,MEDIUM,0,0,0,0,0,0
2015-16,UTTAR PRADESH,DEORIA,SCHEDULED CASTE,TOTAL,LARGE,0,0,0,0,0,0
2015-16,UTTAR PRADESH,DEORIA,SCHEDULED CASTE,TOTAL,ALL CLASSES,22572,5566,14506,4421,37078,9987
2015-16,UTTAR PRADESH,DEORIA,SCHEDULED TRIBES,TOTAL,MARGINAL,4406,1182,2994,1019,7400,2202
2015-16,UTTAR PRADESH,DEORIA,SCHEDULED TRIBES,TOTAL,SMALL,141,181,114,154,255,335
2015-16,UTTAR PRADESH,DEORIA,SCHEDULED TRIBES,TOTAL,SEMIMEDIUM,2,4,2,4,4,9
2015-16,UTTAR PRADESH,DEORIA,SCHEDULED TRIBES,TOTAL,MEDIUM,0,0,0,0,0,0
2015-16,UTTAR PRADESH,DEORIA,SCHEDULED TRIBES,TOTAL,LARGE,0,0,0,0,0,0
2015-16,UTTAR PRADESH,DEORIA,SCHEDULED TRIBES,TOTAL,ALL CLASSES,4549,1368,3110,1177,7659,2545
2015-16,UTTAR PRADESH,DEORIA,OTHERS,TOTAL,MARGINAL,155575,48815,125542,39669,281117,88485
2015-16,UTTAR PRADESH,DEORIA,OTHERS,TOTAL,SMALL,14638,19840,17868,26002,32506,45842
2015-16,UTTAR PRADESH,DEORIA,OTHERS,TOTAL,SEMIMEDIUM,4920,13054,6863,17985,11783,31039
2015-16,UTTAR PRADESH,DEORIA,OTHERS,TOTAL,MEDIUM,779,4131,1317,6790,2096,10921
2015-16,UTTAR PRADESH,DEORIA,OTHERS,TOTAL,LARGE,14,199,97,1356,111,1555
2015-16,UTTAR PRADESH,DEORIA,OTHERS,TOTAL,ALL CLASSES,175926,86039,151687,91804,327613,177843
2015-16,UTTAR PRADESH,DEORIA,INSTITUTIONAL,TOTAL,MARGINAL,0,0,0,0,120,40
2015-16,UTTAR PRADESH,DEORIA,INSTITUTIONAL,TOTAL,SMALL,0,0,0,0,40,74
2015-16,UTTAR PRADESH,DEORIA,INSTITUTIONAL,TOTAL,SEMIMEDIUM,0,0,0,0,42,112
2015-16,UTTAR PRADESH,DEORIA,INSTITUTIONAL,TOTAL,MEDIUM,0,0,0,0,17,100
2015-16,UTTAR PRADESH,DEORIA,INSTITUTIONAL,TOTAL,LARGE,0,0,0,0,2,23
2015-16,UTTAR PRADESH,DEORIA,INSTITUTIONAL,TOTAL,ALL CLASSES,0,0,0,0,221,348
2015-16,UTTAR PRADESH,ETAH,SCHEDULED CASTE,TOTAL,MARGINAL,12093,4681,14340,5976,26433,10658
2015-16,UTTAR PRADESH,ETAH,SCHEDULED CASTE,TOTAL,SMALL,1597,2034,2627,3454,4224,5488
2015-16,UTTAR PRADESH,ETAH,SCHEDULED CASTE,TOTAL,SEMIMEDIUM,160,409,525,1331,685,1740
2015-16,UTTAR PRADESH,ETAH,SCHEDULED CASTE,TOTAL,MEDIUM,19,97,62,319,81,416
2015-16,UTTAR PRADESH,ETAH,SCHEDULED CASTE,TOTAL,LARGE,1,12,0,0,1,12
2015-16,UTTAR PRADESH,ETAH,SCHEDULED CASTE,TOTAL,ALL CLASSES,13870,7235,17554,11080,31424,18315
2015-16,UTTAR PRADESH,ETAH,SCHEDULED TRIBES,TOTAL,MARGINAL,0,0,0,0,0,0
2015-16,UTTAR PRADESH,ETAH,SCHEDULED TRIBES,TOTAL,SMALL,0,0,0,0,0,0
2015-16,UTTAR PRADESH,ETAH,SCHEDULED TRIBES,TOTAL,SEMIMEDIUM,0,0,0,0,0,0
2015-16,UTTAR PRADESH,ETAH,SCHEDULED TRIBES,TOTAL,MEDIUM,0,0,0,0,0,0
2015-16,UTTAR PRADESH,ETAH,SCHEDULED TRIBES,TOTAL,LARGE,0,0,0,0,0,0
2015-16,UTTAR PRADESH,ETAH,SCHEDULED TRIBES,TOTAL,ALL CLASSES,0,0,0,0,0,0
2015-16,UTTAR PRADESH,ETAH,OTHERS,TOTAL,MARGINAL,65695,24891,110970,46163,176665,71053
2015-16,UTTAR PRADESH,ETAH,OTHERS,TOTAL,SMALL,9059,13388,26879,37084,35938,50472
2015-16,UTTAR PRADESH,ETAH,OTHERS,TOTAL,SEMIMEDIUM,2680,7350,10543,28839,13223,36190
2015-16,UTTAR PRADESH,ETAH,OTHERS,TOTAL,MEDIUM,398,2152,2744,15227,3142,17379
2015-16,UTTAR PRADESH,ETAH,OTHERS,TOTAL,LARGE,5,58,111,1432,116,1490
2015-16,UTTAR PRADESH,ETAH,OTHERS,TOTAL,ALL CLASSES,77837,47840,151247,128744,229084,176585
2015-16,UTTAR PRADESH,ETAH,INSTITUTIONAL,TOTAL,MARGINAL,0,0,0,0,285,110
2015-16,UTTAR PRADESH,ETAH,INSTITUTIONAL,TOTAL,SMALL,0,0,0,0,81,118
2015-16,UTTAR PRADESH,ETAH,INSTITUTIONAL,TOTAL,SEMIMEDIUM,0,0,0,0,53,149
2015-16,UTTAR PRADESH,ETAH,INSTITUTIONAL,TOTAL,MEDIUM,0,0,0,0,28,166
2015-16,UTTAR PRADESH,ETAH,INSTITUTIONAL,TOTAL,LARGE,0,0,0,0,10,254
2015-16,UTTAR PRADESH,ETAH,INSTITUTIONAL,TOTAL,ALL CLASSES,0,0,0,0,457,797
2015-16,UTTAR PRADESH,ETAWAH,SCHEDULED CASTE,TOTAL,MARGINAL,16373,5248,12804,4853,29177,10102
2015-16,UTTAR PRADESH,ETAWAH,SCHEDULED CASTE,TOTAL,SMALL,1132,1513,1902,2611,3034,4124
2015-16,UTTAR PRADESH,ETAWAH,SCHEDULED CASTE,TOTAL,SEMIMEDIUM,189,483,594,1611,783,2093
2015-16,UTTAR PRADESH,ETAWAH,SCHEDULED CASTE,TOTAL,MEDIUM,17,78,48,257,65,335
2015-16,UTTAR PRADESH,ETAWAH,SCHEDULED CASTE,TOTAL,LARGE,0,0,0,0,0,0
2015-16,UTTAR PRADESH,ETAWAH,SCHEDULED CASTE,TOTAL,ALL CLASSES,17711,7322,15348,9332,33059,16654
2015-16,UTTAR PRADESH,ETAWAH,SCHEDULED TRIBES,TOTAL,MARGINAL,0,0,0,0,0,0
2015-16,UTTAR PRADESH,ETAWAH,SCHEDULED TRIBES,TOTAL,SMALL,0,0,0,0,0,0
2015-16,UTTAR PRADESH,ETAWAH,SCHEDULED TRIBES,TOTAL,SEMIMEDIUM,0,0,0,0,0,0
2015-16,UTTAR PRADESH,ETAWAH,SCHEDULED TRIBES,TOTAL,MEDIUM,0,0,0,0,0,0
2015-16,UTTAR PRADESH,ETAWAH,SCHEDULED TRIBES,TOTAL,LARGE,0,0,0,0,0,0
2015-16,UTTAR PRADESH,ETAWAH,SCHEDULED TRIBES,TOTAL,ALL CLASSES,0,0,0,0,0,0
2015-16,UTTAR PRADESH,ETAWAH,OTHERS,TOTAL,MARGINAL,71189,25096,63084,26650,134273,51746
2015-16,UTTAR PRADESH,ETAWAH,OTHERS,TOTAL,SMALL,9621,13338,16376,22859,25997,36197
2015-16,UTTAR PRADESH,ETAWAH,OTHERS,TOTAL,SEMIMEDIUM,3166,8276,14725,41747,17891,50023
2015-16,UTTAR PRADESH,ETAWAH,OTHERS,TOTAL,MEDIUM,604,3111,2250,12163,2854,15275
2015-16,UTTAR PRADESH,ETAWAH,OTHERS,TOTAL,LARGE,2,26,78,983,80,1009
2015-16,UTTAR PRADESH,ETAWAH,OTHERS,TOTAL,ALL CLASSES,84582,49847,96513,104402,181095,154249
2015-16,UTTAR PRADESH,ETAWAH,INSTITUTIONAL,TOTAL,MARGINAL,0,0,0,0,289,130
2015-16,UTTAR PRADESH,ETAWAH,INSTITUTIONAL,TOTAL,SMALL,0,0,0,0,51,72
2015-16,UTTAR PRADESH,ETAWAH,INSTITUTIONAL,TOTAL,SEMIMEDIUM,0,0,0,0,40,101
2015-16,UTTAR PRADESH,ETAWAH,INSTITUTIONAL,TOTAL,MEDIUM,0,0,0,0,17,98
2015-16,UTTAR PRADESH,ETAWAH,INSTITUTIONAL,TOTAL,LARGE,0,0,0,0,5,91
2015-16,UTTAR PRADESH,ETAWAH,INSTITUTIONAL,TOTAL,ALL CLASSES,0,0,0,0,402,492
2015-16,UTTAR PRADESH,FAIZABAD,SCHEDULED CASTE,TOTAL,MARGINAL,43723,10049,25742,6736,69465,16785
2015-16,UTTAR PRADESH,FAIZABAD,SCHEDULED CASTE,TOTAL,SMALL,882,1168,996,1315,1878,2483
2015-16,UTTAR PRADESH,FAIZABAD,SCHEDULED CASTE,TOTAL,SEMIMEDIUM,63,160,167,450,230,610
2015-16,UTTAR PRADESH,FAIZABAD,SCHEDULED CASTE,TOTAL,MEDIUM,1,4,5,22,6,26
2015-16,UTTAR PRADESH,FAIZABAD,SCHEDULED CASTE,TOTAL,LARGE,0,0,0,0,0,0
2015-16,UTTAR PRADESH,FAIZABAD,SCHEDULED CASTE,TOTAL,ALL CLASSES,44669,11382,26910,8522,71579,19905
2015-16,UTTAR PRADESH,FAIZABAD,SCHEDULED TRIBES,TOTAL,MARGINAL,0,0,0,0,0,0
2015-16,UTTAR PRADESH,FAIZABAD,SCHEDULED TRIBES,TOTAL,SMALL,0,0,0,0,0,0
2015-16,UTTAR PRADESH,FAIZABAD,SCHEDULED TRIBES,TOTAL,SEMIMEDIUM,0,0,0,0,0,0
2015-16,UTTAR PRADESH,FAIZABAD,SCHEDULED TRIBES,TOTAL,MEDIUM,0,0,0,0,0,0
2015-16,UTTAR PRADESH,FAIZABAD,SCHEDULED TRIBES,TOTAL,LARGE,0,0,0,0,0,0
2015-16,UTTAR PRADESH,FAIZABAD,SCHEDULED TRIBES,TOTAL,ALL CLASSES,0,0,0,0,0,0
2015-16,UTTAR PRADESH,FAIZABAD,OTHERS,TOTAL,MARGINAL,139830,41178,89883,30492,229713,71670
2015-16,UTTAR PRADESH,FAIZABAD,OTHERS,TOTAL,SMALL,11165,13741,13092,15715,24257,29456
2015-16,UTTAR PRADESH,FAIZABAD,OTHERS,TOTAL,SEMIMEDIUM,4262,11018,7088,18407,11350,29425
2015-16,UTTAR PRADESH,FAIZABAD,OTHERS,TOTAL,MEDIUM,533,2430,1039,5398,1572,7829
2015-16,UTTAR PRADESH,FAIZABAD,OTHERS,TOTAL,LARGE,0,0,28,398,28,398
2015-16,UTTAR PRADESH,FAIZABAD,OTHERS,TOTAL,ALL CLASSES,155790,68368,111130,70411,266920,138779
2015-16,UTTAR PRADESH,FAIZABAD,INSTITUTIONAL,TOTAL,MARGINAL,0,0,0,0,116,42
2015-16,UTTAR PRADESH,FAIZABAD,INSTITUTIONAL,TOTAL,SMALL,0,0,0,0,37,50
2015-16,UTTAR PRADESH,FAIZABAD,INSTITUTIONAL,TOTAL,SEMIMEDIUM,0,0,0,0,18,53
2015-16,UTTAR PRADESH,FAIZABAD,INSTITUTIONAL,TOTAL,MEDIUM,0,0,0,0,4,24
2015-16,UTTAR PRADESH,FAIZABAD,INSTITUTIONAL,TOTAL,LARGE,0,0,0,0,15,426
2015-16,UTTAR PRADESH,FAIZABAD,INSTITUTIONAL,TOTAL,ALL CLASSES,0,0,0,0,190,596
2015-16,UTTAR PRADESH,FARRUKHABAD,SCHEDULED CASTE,TOTAL,MARGINAL,11720,4480,11688,4524,23408,9004
2015-16,UTTAR PRADESH,FARRUKHABAD,SCHEDULED CASTE,TOTAL,SMALL,906,1169,1248,1672,2154,2841
2015-16,UTTAR PRADESH,FARRUKHABAD,SCHEDULED CASTE,TOTAL,SEMIMEDIUM,118,288,312,807,430,1096
2015-16,UTTAR PRADESH,FARRUKHABAD,SCHEDULED CASTE,TOTAL,MEDIUM,12,69,51,356,63,425
2015-16,UTTAR PRADESH,FARRUKHABAD,SCHEDULED CASTE,TOTAL,LARGE,0,0,8,101,8,101
2015-16,UTTAR PRADESH,FARRUKHABAD,SCHEDULED CASTE,TOTAL,ALL CLASSES,12756,6006,13307,7460,26063,13467
2015-16,UTTAR PRADESH,FARRUKHABAD,SCHEDULED TRIBES,TOTAL,MARGINAL,0,0,0,0,0,0
2015-16,UTTAR PRADESH,FARRUKHABAD,SCHEDULED TRIBES,TOTAL,SMALL,0,0,0,0,0,0
2015-16,UTTAR PRADESH,FARRUKHABAD,SCHEDULED TRIBES,TOTAL,SEMIMEDIUM,0,0,0,0,0,0
2015-16,UTTAR PRADESH,FARRUKHABAD,SCHEDULED TRIBES,TOTAL,MEDIUM,0,0,0,0,0,0
2015-16,UTTAR PRADESH,FARRUKHABAD,SCHEDULED TRIBES,TOTAL,LARGE,0,0,0,0,0,0
2015-16,UTTAR PRADESH,FARRUKHABAD,SCHEDULED TRIBES,TOTAL,ALL CLASSES,0,0,0,0,0,0
2015-16,UTTAR PRADESH,FARRUKHABAD,OTHERS,TOTAL,MARGINAL,88222,33649,98938,40872,187160,74520
2015-16,UTTAR PRADESH,FARRUKHABAD,OTHERS,TOTAL,SMALL,9914,12563,16664,22174,26578,34737
2015-16,UTTAR PRADESH,FARRUKHABAD,OTHERS,TOTAL,SEMIMEDIUM,3834,9874,7120,18773,10954,28648
2015-16,UTTAR PRADESH,FARRUKHABAD,OTHERS,TOTAL,MEDIUM,607,3096,2015,11029,2622,14124
2015-16,UTTAR PRADESH,FARRUKHABAD,OTHERS,TOTAL,LARGE,4,48,68,844,72,893
2015-16,UTTAR PRADESH,FARRUKHABAD,OTHERS,TOTAL,ALL CLASSES,102581,59231,124805,93693,227386,152923
2015-16,UTTAR PRADESH,FARRUKHABAD,INSTITUTIONAL,TOTAL,MARGINAL,0,0,0,0,95,38
2015-16,UTTAR PRADESH,FARRUKHABAD,INSTITUTIONAL,TOTAL,SMALL,0,0,0,0,41,60
2015-16,UTTAR PRADESH,FARRUKHABAD,INSTITUTIONAL,TOTAL,SEMIMEDIUM,0,0,0,0,11,33
2015-16,UTTAR PRADESH,FARRUKHABAD,INSTITUTIONAL,TOTAL,MEDIUM,0,0,0,0,11,67
2015-16,UTTAR PRADESH,FARRUKHABAD,INSTITUTIONAL,TOTAL,LARGE,0,0,0,0,7,215
2015-16,UTTAR PRADESH,FARRUKHABAD,INSTITUTIONAL,TOTAL,ALL CLASSES,0,0,0,0,165,411
2015-16,UTTAR PRADESH,FATEHPUR,SCHEDULED CASTE,TOTAL,MARGINAL,51453,14988,23320,8131,74773,23119
2015-16,UTTAR PRADESH,FATEHPUR,SCHEDULED CASTE,TOTAL,SMALL,2875,3757,2616,3442,5491,7199
2015-16,UTTAR PRADESH,FATEHPUR,SCHEDULED CASTE,TOTAL,SEMIMEDIUM,356,919,674,1737,1030,2656
2015-16,UTTAR PRADESH,FATEHPUR,SCHEDULED CASTE,TOTAL,MEDIUM,21,98,64,331,85,429
2015-16,UTTAR PRADESH,FATEHPUR,SCHEDULED CASTE,TOTAL,LARGE,0,0,1,11,1,11
2015-16,UTTAR PRADESH,FATEHPUR,SCHEDULED CASTE,TOTAL,ALL CLASSES,54705,19761,26675,13654,81380,33415
2015-16,UTTAR PRADESH,FATEHPUR,SCHEDULED TRIBES,TOTAL,MARGINAL,0,0,0,0,0,0
2015-16,UTTAR PRADESH,FATEHPUR,SCHEDULED TRIBES,TOTAL,SMALL,0,0,0,0,0,0
2015-16,UTTAR PRADESH,FATEHPUR,SCHEDULED TRIBES,TOTAL,SEMIMEDIUM,0,0,0,0,0,0
2015-16,UTTAR PRADESH,FATEHPUR,SCHEDULED TRIBES,TOTAL,MEDIUM,0,0,0,0,0,0
2015-16,UTTAR PRADESH,FATEHPUR,SCHEDULED TRIBES,TOTAL,LARGE,0,0,0,0,0,0
2015-16,UTTAR PRADESH,FATEHPUR,SCHEDULED TRIBES,TOTAL,ALL CLASSES,0,0,0,0,0,0
2015-16,UTTAR PRADESH,FATEHPUR,OTHERS,TOTAL,MARGINAL,143787,50253,95093,39797,238880,90050
2015-16,UTTAR PRADESH,FATEHPUR,OTHERS,TOTAL,SMALL,25589,34963,27402,39952,52991,74915
2015-16,UTTAR PRADESH,FATEHPUR,OTHERS,TOTAL,SEMIMEDIUM,9347,24508,12817,35756,22164,60263
2015-16,UTTAR PRADESH,FATEHPUR,OTHERS,TOTAL,MEDIUM,2060,10624,4763,27098,6823,37725
2015-16,UTTAR PRADESH,FATEHPUR,OTHERS,TOTAL,LARGE,30,358,358,5000,388,5359
2015-16,UTTAR PRADESH,FATEHPUR,OTHERS,TOTAL,ALL CLASSES,180813,120708,140433,147603,321246,268311
2015-16,UTTAR PRADESH,FATEHPUR,INSTITUTIONAL,TOTAL,MARGINAL,0,0,0,0,243,110
2015-16,UTTAR PRADESH,FATEHPUR,INSTITUTIONAL,TOTAL,SMALL,0,0,0,0,77,110
2015-16,UTTAR PRADESH,FATEHPUR,INSTITUTIONAL,TOTAL,SEMIMEDIUM,0,0,0,0,57,158
2015-16,UTTAR PRADESH,FATEHPUR,INSTITUTIONAL,TOTAL,MEDIUM,0,0,0,0,34,220
2015-16,UTTAR PRADESH,FATEHPUR,INSTITUTIONAL,TOTAL,LARGE,0,0,0,0,3,35
2015-16,UTTAR PRADESH,FATEHPUR,INSTITUTIONAL,TOTAL,ALL CLASSES,0,0,0,0,414,632
2015-16,UTTAR PRADESH,FIROZABAD,SCHEDULED CASTE,TOTAL,MARGINAL,11363,3342,12869,5159,24232,8500
2015-16,UTTAR PRADESH,FIROZABAD,SCHEDULED CASTE,TOTAL,SMALL,711,917,2198,2993,2909,3909
2015-16,UTTAR PRADESH,FIROZABAD,SCHEDULED CASTE,TOTAL,SEMIMEDIUM,168,461,782,2076,950,2536
2015-16,UTTAR PRADESH,FIROZABAD,SCHEDULED CASTE,TOTAL,MEDIUM,6,28,153,760,159,789
2015-16,UTTAR PRADESH,FIROZABAD,SCHEDULED CASTE,TOTAL,LARGE,0,0,2,26,2,26
2015-16,UTTAR PRADESH,FIROZABAD,SCHEDULED CASTE,TOTAL,ALL CLASSES,12248,4748,16004,11013,28252,15761
2015-16,UTTAR PRADESH,FIROZABAD,SCHEDULED TRIBES,TOTAL,MARGINAL,0,0,0,0,0,0
2015-16,UTTAR PRADESH,FIROZABAD,SCHEDULED TRIBES,TOTAL,SMALL,0,0,0,0,0,0
2015-16,UTTAR PRADESH,FIROZABAD,SCHEDULED TRIBES,TOTAL,SEMIMEDIUM,0,0,0,0,0,0
2015-16,UTTAR PRADESH,FIROZABAD,SCHEDULED TRIBES,TOTAL,MEDIUM,0,0,0,0,0,0
2015-16,UTTAR PRADESH,FIROZABAD,SCHEDULED TRIBES,TOTAL,LARGE,0,0,0,0,0,0
2015-16,UTTAR PRADESH,FIROZABAD,SCHEDULED TRIBES,TOTAL,ALL CLASSES,0,0,0,0,0,0
2015-16,UTTAR PRADESH,FIROZABAD,OTHERS,TOTAL,MARGINAL,52745,20877,79248,37182,131993,58060
2015-16,UTTAR PRADESH,FIROZABAD,OTHERS,TOTAL,SMALL,7061,9389,25035,33004,32096,42393
2015-16,UTTAR PRADESH,FIROZABAD,OTHERS,TOTAL,SEMIMEDIUM,2758,7111,13915,36550,16673,43660
2015-16,UTTAR PRADESH,FIROZABAD,OTHERS,TOTAL,MEDIUM,517,2580,4172,22390,4689,24970
2015-16,UTTAR PRADESH,FIROZABAD,OTHERS,TOTAL,LARGE,1,10,165,2077,166,2087
2015-16,UTTAR PRADESH,FIROZABAD,OTHERS,TOTAL,ALL CLASSES,63082,39968,122535,131204,185617,171172
2015-16,UTTAR PRADESH,FIROZABAD,INSTITUTIONAL,TOTAL,MARGINAL,0,0,0,0,186,72
2015-16,UTTAR PRADESH,FIROZABAD,INSTITUTIONAL,TOTAL,SMALL,0,0,0,0,57,75
2015-16,UTTAR PRADESH,FIROZABAD,INSTITUTIONAL,TOTAL,SEMIMEDIUM,0,0,0,0,34,91
2015-16,UTTAR PRADESH,FIROZABAD,INSTITUTIONAL,TOTAL,MEDIUM,0,0,0,0,15,77
2015-16,UTTAR PRADESH,FIROZABAD,INSTITUTIONAL,TOTAL,LARGE,0,0,0,0,0,0
2015-16,UTTAR PRADESH,FIROZABAD,INSTITUTIONAL,TOTAL,ALL CLASSES,0,0,0,0,292,315
2015-16,UTTAR PRADESH,GAUTAM BUDDH NAGAR,SCHEDULED CASTE,TOTAL,MARGINAL,2323,838,1741,714,4064,1551
2015-16,UTTAR PRADESH,GAUTAM BUDDH NAGAR,SCHEDULED CASTE,TOTAL,SMALL,203,258,366,498,569,756
2015-16,UTTAR PRADESH,GAUTAM BUDDH NAGAR,SCHEDULED CASTE,TOTAL,SEMIMEDIUM,31,84,124,339,155,423
2015-16,UTTAR PRADESH,GAUTAM BUDDH NAGAR,SCHEDULED CASTE,TOTAL,MEDIUM,2,9,18,90,20,99
2015-16,UTTAR PRADESH,GAUTAM BUDDH NAGAR,SCHEDULED CASTE,TOTAL,LARGE,0,0,1,13,1,13
2015-16,UTTAR PRADESH,GAUTAM BUDDH NAGAR,SCHEDULED CASTE,TOTAL,ALL CLASSES,2559,1188,2250,1655,4809,2842
2015-16,UTTAR PRADESH,GAUTAM BUDDH NAGAR,SCHEDULED TRIBES,TOTAL,MARGINAL,0,0,0,0,0,0
2015-16,UTTAR PRADESH,GAUTAM BUDDH NAGAR,SCHEDULED TRIBES,TOTAL,SMALL,0,0,0,0,0,0
2015-16,UTTAR PRADESH,GAUTAM BUDDH NAGAR,SCHEDULED TRIBES,TOTAL,SEMIMEDIUM,0,0,0,0,0,0
2015-16,UTTAR PRADESH,GAUTAM BUDDH NAGAR,SCHEDULED TRIBES,TOTAL,MEDIUM,0,0,0,0,0,0
2015-16,UTTAR PRADESH,GAUTAM BUDDH NAGAR,SCHEDULED TRIBES,TOTAL,LARGE,0,0,0,0,0,0
2015-16,UTTAR PRADESH,GAUTAM BUDDH NAGAR,SCHEDULED TRIBES,TOTAL,ALL CLASSES,0,0,0,0,0,0
2015-16,UTTAR PRADESH,GAUTAM BUDDH NAGAR,OTHERS,TOTAL,MARGINAL,21688,10798,29802,16664,51490,27461
2015-16,UTTAR PRADESH,GAUTAM BUDDH NAGAR,OTHERS,TOTAL,SMALL,2628,3579,7506,10417,10134,13997
2015-16,UTTAR PRADESH,GAUTAM BUDDH NAGAR,OTHERS,TOTAL,SEMIMEDIUM,902,2380,3603,9679,4505,12060
2015-16,UTTAR PRADESH,GAUTAM BUDDH NAGAR,OTHERS,TOTAL,MEDIUM,124,597,1039,5544,1163,6141
2015-16,UTTAR PRADESH,GAUTAM BUDDH NAGAR,OTHERS,TOTAL,LARGE,0,0,57,1006,57,1006
2015-16,UTTAR PRADESH,GAUTAM BUDDH NAGAR,OTHERS,TOTAL,ALL CLASSES,25342,17353,42007,43311,67349,60664
2015-16,UTTAR PRADESH,GAUTAM BUDDH NAGAR,INSTITUTIONAL,TOTAL,MARGINAL,0,0,0,0,155,68
2015-16,UTTAR PRADESH,GAUTAM BUDDH NAGAR,INSTITUTIONAL,TOTAL,SMALL,0,0,0,0,25,35
2015-16,UTTAR PRADESH,GAUTAM BUDDH NAGAR,INSTITUTIONAL,TOTAL,SEMIMEDIUM,0,0,0,0,19,53
2015-16,UTTAR PRADESH,GAUTAM BUDDH NAGAR,INSTITUTIONAL,TOTAL,MEDIUM,0,0,0,0,13,78
2015-16,UTTAR PRADESH,GAUTAM BUDDH NAGAR,INSTITUTIONAL,TOTAL,LARGE,0,0,0,0,1,33
2015-16,UTTAR PRADESH,GAUTAM BUDDH NAGAR,INSTITUTIONAL,TOTAL,ALL CLASSES,0,0,0,0,213,267
2015-16,UTTAR PRADESH,GHAZIABAD,SCHEDULED CASTE,TOTAL,MARGINAL,3293,1103,1324,523,4617,1625
2015-16,UTTAR PRADESH,GHAZIABAD,SCHEDULED CASTE,TOTAL,SMALL,183,229,141,188,324,417
2015-16,UTTAR PRADESH,GHAZIABAD,SCHEDULED CASTE,TOTAL,SEMIMEDIUM,10,24,22,56,32,79
2015-16,UTTAR PRADESH,GHAZIABAD,SCHEDULED CASTE,TOTAL,MEDIUM,2,14,4,25,6,39
2015-16,UTTAR PRADESH,GHAZIABAD,SCHEDULED CASTE,TOTAL,LARGE,0,0,0,0,0,0
2015-16,UTTAR PRADESH,GHAZIABAD,SCHEDULED CASTE,TOTAL,ALL CLASSES,3488,1370,1491,792,4979,2162
2015-16,UTTAR PRADESH,GHAZIABAD,SCHEDULED TRIBES,TOTAL,MARGINAL,0,0,0,0,0,0
2015-16,UTTAR PRADESH,GHAZIABAD,SCHEDULED TRIBES,TOTAL,SMALL,0,0,0,0,0,0
2015-16,UTTAR PRADESH,GHAZIABAD,SCHEDULED TRIBES,TOTAL,SEMIMEDIUM,0,0,0,0,0,0
2015-16,UTTAR PRADESH,GHAZIABAD,SCHEDULED TRIBES,TOTAL,MEDIUM,0,0,0,0,0,0
2015-16,UTTAR PRADESH,GHAZIABAD,SCHEDULED TRIBES,TOTAL,LARGE,0,0,0,0,0,0
2015-16,UTTAR PRADESH,GHAZIABAD,SCHEDULED TRIBES,TOTAL,ALL CLASSES,0,0,0,0,0,0
2015-16,UTTAR PRADESH,GHAZIABAD,OTHERS,TOTAL,MARGINAL,20496,6535,27853,9319,48349,15854
2015-16,UTTAR PRADESH,GHAZIABAD,OTHERS,TOTAL,SMALL,2776,3854,6773,9235,9549,13089
2015-16,UTTAR PRADESH,GHAZIABAD,OTHERS,TOTAL,SEMIMEDIUM,1015,2789,3424,9204,4439,11993
2015-16,UTTAR PRADESH,GHAZIABAD,OTHERS,TOTAL,MEDIUM,161,816,945,5084,1106,5900
2015-16,UTTAR PRADESH,GHAZIABAD,OTHERS,TOTAL,LARGE,0,0,30,380,30,380
2015-16,UTTAR PRADESH,GHAZIABAD,OTHERS,TOTAL,ALL CLASSES,24448,13993,39025,33222,63473,47216
2015-16,UTTAR PRADESH,GHAZIABAD,INSTITUTIONAL,TOTAL,MARGINAL,0,0,0,0,131,51
2015-16,UTTAR PRADESH,GHAZIABAD,INSTITUTIONAL,TOTAL,SMALL,0,0,0,0,39,53
2015-16,UTTAR PRADESH,GHAZIABAD,INSTITUTIONAL,TOTAL,SEMIMEDIUM,0,0,0,0,13,35
2015-16,UTTAR PRADESH,GHAZIABAD,INSTITUTIONAL,TOTAL,MEDIUM,0,0,0,0,10,48
2015-16,UTTAR PRADESH,GHAZIABAD,INSTITUTIONAL,TOTAL,LARGE,0,0,0,0,3,70
2015-16,UTTAR PRADESH,GHAZIABAD,INSTITUTIONAL,TOTAL,ALL CLASSES,0,0,0,0,196,259
2015-16,UTTAR PRADESH,GHAZIPUR,SCHEDULED CASTE,TOTAL,MARGINAL,51624,12176,17647,5108,69271,17284
2015-16,UTTAR PRADESH,GHAZIPUR,SCHEDULED CASTE,TOTAL,SMALL,939,1228,740,971,1679,2199
2015-16,UTTAR PRADESH,GHAZIPUR,SCHEDULED CASTE,TOTAL,SEMIMEDIUM,73,178,79,211,152,390
2015-16,UTTAR PRADESH,GHAZIPUR,SCHEDULED CASTE,TOTAL,MEDIUM,13,69,2,9,15,78
2015-16,UTTAR PRADESH,GHAZIPUR,SCHEDULED CASTE,TOTAL,LARGE,0,0,1,11,1,11
2015-16,UTTAR PRADESH,GHAZIPUR,SCHEDULED CASTE,TOTAL,ALL CLASSES,52649,13652,18469,6310,71118,19962
2015-16,UTTAR PRADESH,GHAZIPUR,SCHEDULED TRIBES,TOTAL,MARGINAL,976,231,118,48,1094,279
2015-16,UTTAR PRADESH,GHAZIPUR,SCHEDULED TRIBES,TOTAL,SMALL,13,15,1,1,14,16
2015-16,UTTAR PRADESH,GHAZIPUR,SCHEDULED TRIBES,TOTAL,SEMIMEDIUM,1,2,0,0,1,2
2015-16,UTTAR PRADESH,GHAZIPUR,SCHEDULED TRIBES,TOTAL,MEDIUM,0,0,0,0,0,0
2015-16,UTTAR PRADESH,GHAZIPUR,SCHEDULED TRIBES,TOTAL,LARGE,0,0,0,0,0,0
2015-16,UTTAR PRADESH,GHAZIPUR,SCHEDULED TRIBES,TOTAL,ALL CLASSES,990,248,119,50,1109,297
2015-16,UTTAR PRADESH,GHAZIPUR,OTHERS,TOTAL,MARGINAL,195368,88726,96743,53273,292111,141999
2015-16,UTTAR PRADESH,GHAZIPUR,OTHERS,TOTAL,SMALL,20701,26659,14979,23541,35680,50199
2015-16,UTTAR PRADESH,GHAZIPUR,OTHERS,TOTAL,SEMIMEDIUM,6618,17580,7148,19060,13766,36640
2015-16,UTTAR PRADESH,GHAZIPUR,OTHERS,TOTAL,MEDIUM,1183,6492,2282,12747,3465,19239
2015-16,UTTAR PRADESH,GHAZIPUR,OTHERS,TOTAL,LARGE,44,563,214,3717,258,4281
2015-16,UTTAR PRADESH,GHAZIPUR,OTHERS,TOTAL,ALL CLASSES,223914,140019,121366,112339,345280,252358
2015-16,UTTAR PRADESH,GHAZIPUR,INSTITUTIONAL,TOTAL,MARGINAL,0,0,0,0,111,40
2015-16,UTTAR PRADESH,GHAZIPUR,INSTITUTIONAL,TOTAL,SMALL,0,0,0,0,49,69
2015-16,UTTAR PRADESH,GHAZIPUR,INSTITUTIONAL,TOTAL,SEMIMEDIUM,0,0,0,0,30,82
2015-16,UTTAR PRADESH,GHAZIPUR,INSTITUTIONAL,TOTAL,MEDIUM,0,0,0,0,22,125
2015-16,UTTAR PRADESH,GHAZIPUR,INSTITUTIONAL,TOTAL,LARGE,0,0,0,0,10,150
2015-16,UTTAR PRADESH,GHAZIPUR,INSTITUTIONAL,TOTAL,ALL CLASSES,0,0,0,0,222,467
2015-16,UTTAR PRADESH,GONDA,SCHEDULED CASTE,TOTAL,MARGINAL,31692,8468,31878,10474,63570,18941
2015-16,UTTAR PRADESH,GONDA,SCHEDULED CASTE,TOTAL,SMALL,815,1009,1994,2466,2809,3474
2015-16,UTTAR PRADESH,GONDA,SCHEDULED CASTE,TOTAL,SEMIMEDIUM,97,237,286,727,383,963
2015-16,UTTAR PRADESH,GONDA,SCHEDULED CASTE,TOTAL,MEDIUM,9,39,32,172,41,211
2015-16,UTTAR PRADESH,GONDA,SCHEDULED CASTE,TOTAL,LARGE,0,0,0,0,0,0
2015-16,UTTAR PRADESH,GONDA,SCHEDULED CASTE,TOTAL,ALL CLASSES,32613,9752,34190,13838,66803,23590
2015-16,UTTAR PRADESH,GONDA,SCHEDULED TRIBES,TOTAL,MARGINAL,0,0,0,0,0,0
2015-16,UTTAR PRADESH,GONDA,SCHEDULED TRIBES,TOTAL,SMALL,0,0,0,0,0,0
2015-16,UTTAR PRADESH,GONDA,SCHEDULED TRIBES,TOTAL,SEMIMEDIUM,0,0,0,0,0,0
2015-16,UTTAR PRADESH,GONDA,SCHEDULED TRIBES,TOTAL,MEDIUM,0,0,0,0,0,0
2015-16,UTTAR PRADESH,GONDA,SCHEDULED TRIBES,TOTAL,LARGE,0,0,0,0,0,0
2015-16,UTTAR PRADESH,GONDA,SCHEDULED TRIBES,TOTAL,ALL CLASSES,0,0,0,0,0,0
2015-16,UTTAR PRADESH,GONDA,OTHERS,TOTAL,MARGINAL,174271,76265,188132,91759,362403,168023
2015-16,UTTAR PRADESH,GONDA,OTHERS,TOTAL,SMALL,18452,23488,32194,41420,50646,64908
2015-16,UTTAR PRADESH,GONDA,OTHERS,TOTAL,SEMIMEDIUM,4019,10893,9817,25216,13836,36109
2015-16,UTTAR PRADESH,GONDA,OTHERS,TOTAL,MEDIUM,770,4356,2231,11640,3001,15995
2015-16,UTTAR PRADESH,GONDA,OTHERS,TOTAL,LARGE,10,122,139,1808,149,1930
2015-16,UTTAR PRADESH,GONDA,OTHERS,TOTAL,ALL CLASSES,197522,115124,232513,171842,430035,286966
2015-16,UTTAR PRADESH,GONDA,INSTITUTIONAL,TOTAL,MARGINAL,0,0,0,0,63,22
2015-16,UTTAR PRADESH,GONDA,INSTITUTIONAL,TOTAL,SMALL,0,0,0,0,16,27
2015-16,UTTAR PRADESH,GONDA,INSTITUTIONAL,TOTAL,SEMIMEDIUM,0,0,0,0,7,16
2015-16,UTTAR PRADESH,GONDA,INSTITUTIONAL,TOTAL,MEDIUM,0,0,0,0,8,47
2015-16,UTTAR PRADESH,GONDA,INSTITUTIONAL,TOTAL,LARGE,0,0,0,0,2,32
2015-16,UTTAR PRADESH,GONDA,INSTITUTIONAL,TOTAL,ALL CLASSES,0,0,0,0,96,144
2015-16,UTTAR PRADESH,GORAKHPUR,SCHEDULED CASTE,TOTAL,MARGINAL,47227,12286,26022,7289,73249,19575
2015-16,UTTAR PRADESH,GORAKHPUR,SCHEDULED CASTE,TOTAL,SMALL,728,917,853,1094,1581,2011
2015-16,UTTAR PRADESH,GORAKHPUR,SCHEDULED CASTE,TOTAL,SEMIMEDIUM,36,86,141,351,177,437
2015-16,UTTAR PRADESH,GORAKHPUR,SCHEDULED CASTE,TOTAL,MEDIUM,0,0,0,0,0,0
2015-16,UTTAR PRADESH,GORAKHPUR,SCHEDULED CASTE,TOTAL,LARGE,0,0,0,0,0,0
2015-16,UTTAR PRADESH,GORAKHPUR,SCHEDULED CASTE,TOTAL,ALL CLASSES,47991,13289,27016,8733,75007,22022
2015-16,UTTAR PRADESH,GORAKHPUR,SCHEDULED TRIBES,TOTAL,MARGINAL,0,0,0,0,0,0
2015-16,UTTAR PRADESH,GORAKHPUR,SCHEDULED TRIBES,TOTAL,SMALL,0,0,0,0,0,0
2015-16,UTTAR PRADESH,GORAKHPUR,SCHEDULED TRIBES,TOTAL,SEMIMEDIUM,0,0,0,0,0,0
2015-16,UTTAR PRADESH,GORAKHPUR,SCHEDULED TRIBES,TOTAL,MEDIUM,0,0,0,0,0,0
2015-16,UTTAR PRADESH,GORAKHPUR,SCHEDULED TRIBES,TOTAL,LARGE,0,0,0,0,0,0
2015-16,UTTAR PRADESH,GORAKHPUR,SCHEDULED TRIBES,TOTAL,ALL CLASSES,0,0,0,0,0,0
2015-16,UTTAR PRADESH,GORAKHPUR,OTHERS,TOTAL,MARGINAL,240152,69884,147330,55211,387482,125097
2015-16,UTTAR PRADESH,GORAKHPUR,OTHERS,TOTAL,SMALL,20489,27698,21422,29074,41911,56772
2015-16,UTTAR PRADESH,GORAKHPUR,OTHERS,TOTAL,SEMIMEDIUM,6895,19301,7337,19855,14232,39156
2015-16,UTTAR PRADESH,GORAKHPUR,OTHERS,TOTAL,MEDIUM,693,3543,1334,7292,2027,10835
2015-16,UTTAR PRADESH,GORAKHPUR,OTHERS,TOTAL,LARGE,19,322,72,923,91,1244
2015-16,UTTAR PRADESH,GORAKHPUR,OTHERS,TOTAL,ALL CLASSES,268248,120749,177495,112356,445743,233105
2015-16,UTTAR PRADESH,GORAKHPUR,INSTITUTIONAL,TOTAL,MARGINAL,0,0,0,0,117,57
2015-16,UTTAR PRADESH,GORAKHPUR,INSTITUTIONAL,TOTAL,SMALL,0,0,0,0,50,71
2015-16,UTTAR PRADESH,GORAKHPUR,INSTITUTIONAL,TOTAL,SEMIMEDIUM,0,0,0,0,39,113
2015-16,UTTAR PRADESH,GORAKHPUR,INSTITUTIONAL,TOTAL,MEDIUM,0,0,0,0,19,107
2015-16,UTTAR PRADESH,GORAKHPUR,INSTITUTIONAL,TOTAL,LARGE,0,0,0,0,4,63
2015-16,UTTAR PRADESH,GORAKHPUR,INSTITUTIONAL,TOTAL,ALL CLASSES,0,0,0,0,229,410
2015-16,UTTAR PRADESH,HAMIRPUR,SCHEDULED CASTE,TOTAL,MARGINAL,11115,5804,5744,3156,16859,8960
2015-16,UTTAR PRADESH,HAMIRPUR,SCHEDULED CASTE,TOTAL,SMALL,3851,5403,2732,3858,6583,9260
2015-16,UTTAR PRADESH,HAMIRPUR,SCHEDULED CASTE,TOTAL,SEMIMEDIUM,1262,3373,1407,3815,2669,7188
2015-16,UTTAR PRADESH,HAMIRPUR,SCHEDULED CASTE,TOTAL,MEDIUM,243,1304,429,2298,672,3602
2015-16,UTTAR PRADESH,HAMIRPUR,SCHEDULED CASTE,TOTAL,LARGE,8,94,15,168,23,262
2015-16,UTTAR PRADESH,HAMIRPUR,SCHEDULED CASTE,TOTAL,ALL CLASSES,16479,15978,10327,13295,26806,29273
2015-16,UTTAR PRADESH,HAMIRPUR,SCHEDULED TRIBES,TOTAL,MARGINAL,0,0,0,0,0,0
2015-16,UTTAR PRADESH,HAMIRPUR,SCHEDULED TRIBES,TOTAL,SMALL,0,0,0,0,0,0
2015-16,UTTAR PRADESH,HAMIRPUR,SCHEDULED TRIBES,TOTAL,SEMIMEDIUM,0,0,0,0,0,0
2015-16,UTTAR PRADESH,HAMIRPUR,SCHEDULED TRIBES,TOTAL,MEDIUM,0,0,0,0,0,0
2015-16,UTTAR PRADESH,HAMIRPUR,SCHEDULED TRIBES,TOTAL,LARGE,0,0,0,0,0,0
2015-16,UTTAR PRADESH,HAMIRPUR,SCHEDULED TRIBES,TOTAL,ALL CLASSES,0,0,0,0,0,0
2015-16,UTTAR PRADESH,HAMIRPUR,OTHERS,TOTAL,MARGINAL,37837,18056,27951,13958,65788,32014
2015-16,UTTAR PRADESH,HAMIRPUR,OTHERS,TOTAL,SMALL,15873,22349,16786,23963,32659,46312
2015-16,UTTAR PRADESH,HAMIRPUR,OTHERS,TOTAL,SEMIMEDIUM,11168,31139,14496,40176,25664,71315
2015-16,UTTAR PRADESH,HAMIRPUR,OTHERS,TOTAL,MEDIUM,6282,36285,9261,55017,15543,91302
2015-16,UTTAR PRADESH,HAMIRPUR,OTHERS,TOTAL,LARGE,444,5762,1422,19198,1866,24960
2015-16,UTTAR PRADESH,HAMIRPUR,OTHERS,TOTAL,ALL CLASSES,71604,113591,69916,152312,141520,265903
2015-16,UTTAR PRADESH,HAMIRPUR,INSTITUTIONAL,TOTAL,MARGINAL,0,0,0,0,278,133
2015-16,UTTAR PRADESH,HAMIRPUR,INSTITUTIONAL,TOTAL,SMALL,0,0,0,0,138,194
2015-16,UTTAR PRADESH,HAMIRPUR,INSTITUTIONAL,TOTAL,SEMIMEDIUM,0,0,0,0,115,320
2015-16,UTTAR PRADESH,HAMIRPUR,INSTITUTIONAL,TOTAL,MEDIUM,0,0,0,0,56,325
2015-16,UTTAR PRADESH,HAMIRPUR,INSTITUTIONAL,TOTAL,LARGE,0,0,0,0,16,310
2015-16,UTTAR PRADESH,HAMIRPUR,INSTITUTIONAL,TOTAL,ALL CLASSES,0,0,0,0,603,1282
2015-16,UTTAR PRADESH,HAPUR,SCHEDULED CASTE,TOTAL,MARGINAL,5350,1349,4647,1427,9997,2777
2015-16,UTTAR PRADESH,HAPUR,SCHEDULED CASTE,TOTAL,SMALL,170,231,412,539,582,770
2015-16,UTTAR PRADESH,HAPUR,SCHEDULED CASTE,TOTAL,SEMIMEDIUM,38,94,110,298,148,393
2015-16,UTTAR PRADESH,HAPUR,SCHEDULED CASTE,TOTAL,MEDIUM,3,14,15,78,18,93
2015-16,UTTAR PRADESH,HAPUR,SCHEDULED CASTE,TOTAL,LARGE,0,0,0,0,0,0
2015-16,UTTAR PRADESH,HAPUR,SCHEDULED CASTE,TOTAL,ALL CLASSES,5561,1689,5184,2343,10745,4032
2015-16,UTTAR PRADESH,HAPUR,SCHEDULED TRIBES,TOTAL,MARGINAL,0,0,0,0,0,0
2015-16,UTTAR PRADESH,HAPUR,SCHEDULED TRIBES,TOTAL,SMALL,0,0,0,0,0,0
2015-16,UTTAR PRADESH,HAPUR,SCHEDULED TRIBES,TOTAL,SEMIMEDIUM,0,0,0,0,0,0
2015-16,UTTAR PRADESH,HAPUR,SCHEDULED TRIBES,TOTAL,MEDIUM,0,0,0,0,0,0
2015-16,UTTAR PRADESH,HAPUR,SCHEDULED TRIBES,TOTAL,LARGE,0,0,0,0,0,0
2015-16,UTTAR PRADESH,HAPUR,SCHEDULED TRIBES,TOTAL,ALL CLASSES,0,0,0,0,0,0
2015-16,UTTAR PRADESH,HAPUR,OTHERS,TOTAL,MARGINAL,27990,9065,43278,16797,71268,25862
2015-16,UTTAR PRADESH,HAPUR,OTHERS,TOTAL,SMALL,4638,6381,11456,16010,16094,22391
2015-16,UTTAR PRADESH,HAPUR,OTHERS,TOTAL,SEMIMEDIUM,1861,5068,5448,14575,7309,19643
2015-16,UTTAR PRADESH,HAPUR,OTHERS,TOTAL,MEDIUM,292,1446,1252,6658,1544,8104
2015-16,UTTAR PRADESH,HAPUR,OTHERS,TOTAL,LARGE,0,0,33,432,33,432
2015-16,UTTAR PRADESH,HAPUR,OTHERS,TOTAL,ALL CLASSES,34781,21961,61467,54473,96248,76434
2015-16,UTTAR PRADESH,HAPUR,INSTITUTIONAL,TOTAL,MARGINAL,0,0,0,0,71,28
2015-16,UTTAR PRADESH,HAPUR,INSTITUTIONAL,TOTAL,SMALL,0,0,0,0,28,37
2015-16,UTTAR PRADESH,HAPUR,INSTITUTIONAL,TOTAL,SEMIMEDIUM,0,0,0,0,18,50
2015-16,UTTAR PRADESH,HAPUR,INSTITUTIONAL,TOTAL,MEDIUM,0,0,0,0,13,73
2015-16,UTTAR PRADESH,HAPUR,INSTITUTIONAL,TOTAL,LARGE,0,0,0,0,8,720
2015-16,UTTAR PRADESH,HAPUR,INSTITUTIONAL,TOTAL,ALL CLASSES,0,0,0,0,138,909
2015-16,UTTAR PRADESH,HARDOI,SCHEDULED CASTE,TOTAL,MARGINAL,79969,27734,89167,31225,169136,58958
2015-16,UTTAR PRADESH,HARDOI,SCHEDULED CASTE,TOTAL,SMALL,6239,8500,11067,15251,17306,23752
2015-16,UTTAR PRADESH,HARDOI,SCHEDULED CASTE,TOTAL,SEMIMEDIUM,1356,3531,3387,8886,4743,12416
2015-16,UTTAR PRADESH,HARDOI,SCHEDULED CASTE,TOTAL,MEDIUM,116,579,419,2109,535,2688
2015-16,UTTAR PRADESH,HARDOI,SCHEDULED CASTE,TOTAL,LARGE,0,0,2,32,2,32
2015-16,UTTAR PRADESH,HARDOI,SCHEDULED CASTE,TOTAL,ALL CLASSES,87680,40343,104042,57504,191722,97847
2015-16,UTTAR PRADESH,HARDOI,SCHEDULED TRIBES,TOTAL,MARGINAL,0,0,0,0,0,0
2015-16,UTTAR PRADESH,HARDOI,SCHEDULED TRIBES,TOTAL,SMALL,0,0,0,0,0,0
2015-16,UTTAR PRADESH,HARDOI,SCHEDULED TRIBES,TOTAL,SEMIMEDIUM,0,0,0,0,0,0
2015-16,UTTAR PRADESH,HARDOI,SCHEDULED TRIBES,TOTAL,MEDIUM,0,0,0,0,0,0
2015-16,UTTAR PRADESH,HARDOI,SCHEDULED TRIBES,TOTAL,LARGE,0,0,0,0,0,0
2015-16,UTTAR PRADESH,HARDOI,SCHEDULED TRIBES,TOTAL,ALL CLASSES,0,0,0,0,0,0
2015-16,UTTAR PRADESH,HARDOI,OTHERS,TOTAL,MARGINAL,193822,80398,233606,101622,427428,182020
2015-16,UTTAR PRADESH,HARDOI,OTHERS,TOTAL,SMALL,20753,27873,38187,53571,58940,81444
2015-16,UTTAR PRADESH,HARDOI,OTHERS,TOTAL,SEMIMEDIUM,7504,20577,15898,43032,23402,63609
2015-16,UTTAR PRADESH,HARDOI,OTHERS,TOTAL,MEDIUM,1932,10544,5410,30538,7342,41083
2015-16,UTTAR PRADESH,HARDOI,OTHERS,TOTAL,LARGE,21,346,240,3584,261,3930
2015-16,UTTAR PRADESH,HARDOI,OTHERS,TOTAL,ALL CLASSES,224032,139738,293341,232347,517373,372085
2015-16,UTTAR PRADESH,HARDOI,INSTITUTIONAL,TOTAL,MARGINAL,0,0,0,0,440,179
2015-16,UTTAR PRADESH,HARDOI,INSTITUTIONAL,TOTAL,SMALL,0,0,0,0,105,141
2015-16,UTTAR PRADESH,HARDOI,INSTITUTIONAL,TOTAL,SEMIMEDIUM,0,0,0,0,82,221
2015-16,UTTAR PRADESH,HARDOI,INSTITUTIONAL,TOTAL,MEDIUM,0,0,0,0,35,200
2015-16,UTTAR PRADESH,HARDOI,INSTITUTIONAL,TOTAL,LARGE,0,0,0,0,31,1576
2015-16,UTTAR PRADESH,HARDOI,INSTITUTIONAL,TOTAL,ALL CLASSES,0,0,0,0,693,2317
2015-16,UTTAR PRADESH,JALAUN,SCHEDULED CASTE,TOTAL,MARGINAL,22706,10301,12388,6313,35094,16613
2015-16,UTTAR PRADESH,JALAUN,SCHEDULED CASTE,TOTAL,SMALL,5568,7386,5009,6771,10577,14157
2015-16,UTTAR PRADESH,JALAUN,SCHEDULED CASTE,TOTAL,SEMIMEDIUM,2031,5350,2249,6193,4280,11543
2015-16,UTTAR PRADESH,JALAUN,SCHEDULED CASTE,TOTAL,MEDIUM,408,2229,651,3552,1059,5782
2015-16,UTTAR PRADESH,JALAUN,SCHEDULED CASTE,TOTAL,LARGE,4,56,19,218,23,274
2015-16,UTTAR PRADESH,JALAUN,SCHEDULED CASTE,TOTAL,ALL CLASSES,30717,25323,20316,23047,51033,48371
2015-16,UTTAR PRADESH,JALAUN,SCHEDULED TRIBES,TOTAL,MARGINAL,0,0,0,0,0,0
2015-16,UTTAR PRADESH,JALAUN,SCHEDULED TRIBES,TOTAL,SMALL,0,0,0,0,0,0
2015-16,UTTAR PRADESH,JALAUN,SCHEDULED TRIBES,TOTAL,SEMIMEDIUM,0,0,0,0,0,0
2015-16,UTTAR PRADESH,JALAUN,SCHEDULED TRIBES,TOTAL,MEDIUM,0,0,0,0,0,0
2015-16,UTTAR PRADESH,JALAUN,SCHEDULED TRIBES,TOTAL,LARGE,0,0,0,0,0,0
2015-16,UTTAR PRADESH,JALAUN,SCHEDULED TRIBES,TOTAL,ALL CLASSES,0,0,0,0,0,0
2015-16,UTTAR PRADESH,JALAUN,OTHERS,TOTAL,MARGINAL,65832,31390,44848,22434,110680,53824
2015-16,UTTAR PRADESH,JALAUN,OTHERS,TOTAL,SMALL,26318,33150,19687,26740,46005,59891
2015-16,UTTAR PRADESH,JALAUN,OTHERS,TOTAL,SEMIMEDIUM,15320,42468,15440,42212,30760,84680
2015-16,UTTAR PRADESH,JALAUN,OTHERS,TOTAL,MEDIUM,8287,47307,9110,54392,17397,101700
2015-16,UTTAR PRADESH,JALAUN,OTHERS,TOTAL,LARGE,379,5043,909,11536,1288,16579
2015-16,UTTAR PRADESH,JALAUN,OTHERS,TOTAL,ALL CLASSES,116136,159359,89994,157315,206130,316674
2015-16,UTTAR PRADESH,JALAUN,INSTITUTIONAL,TOTAL,MARGINAL,0,0,0,0,466,232
2015-16,UTTAR PRADESH,JALAUN,INSTITUTIONAL,TOTAL,SMALL,0,0,0,0,231,345
2015-16,UTTAR PRADESH,JALAUN,INSTITUTIONAL,TOTAL,SEMIMEDIUM,0,0,0,0,260,716
2015-16,UTTAR PRADESH,JALAUN,INSTITUTIONAL,TOTAL,MEDIUM,0,0,0,0,202,1235
2015-16,UTTAR PRADESH,JALAUN,INSTITUTIONAL,TOTAL,LARGE,0,0,0,0,40,679
2015-16,UTTAR PRADESH,JALAUN,INSTITUTIONAL,TOTAL,ALL CLASSES,0,0,0,0,1199,3207
2015-16,UTTAR PRADESH,JAUNPUR,SCHEDULED CASTE,TOTAL,MARGINAL,79134,17395,37300,8887,116434,26282
2015-16,UTTAR PRADESH,JAUNPUR,SCHEDULED CASTE,TOTAL,SMALL,821,1065,1083,1425,1904,2490
2015-16,UTTAR PRADESH,JAUNPUR,SCHEDULED CASTE,TOTAL,SEMIMEDIUM,52,125,109,278,161,403
2015-16,UTTAR PRADESH,JAUNPUR,SCHEDULED CASTE,TOTAL,MEDIUM,0,0,4,20,4,20
2015-16,UTTAR PRADESH,JAUNPUR,SCHEDULED CASTE,TOTAL,LARGE,0,0,0,0,0,0
2015-16,UTTAR PRADESH,JAUNPUR,SCHEDULED CASTE,TOTAL,ALL CLASSES,80007,18584,38496,10610,118503,29194
2015-16,UTTAR PRADESH,JAUNPUR,SCHEDULED TRIBES,TOTAL,MARGINAL,0,0,0,0,0,0
2015-16,UTTAR PRADESH,JAUNPUR,SCHEDULED TRIBES,TOTAL,SMALL,0,0,0,0,0,0
2015-16,UTTAR PRADESH,JAUNPUR,SCHEDULED TRIBES,TOTAL,SEMIMEDIUM,0,0,0,0,0,0
2015-16,UTTAR PRADESH,JAUNPUR,SCHEDULED TRIBES,TOTAL,MEDIUM,0,0,0,0,0,0
2015-16,UTTAR PRADESH,JAUNPUR,SCHEDULED TRIBES,TOTAL,LARGE,0,0,0,0,0,0
2015-16,UTTAR PRADESH,JAUNPUR,SCHEDULED TRIBES,TOTAL,ALL CLASSES,0,0,0,0,0,0
2015-16,UTTAR PRADESH,JAUNPUR,OTHERS,TOTAL,MARGINAL,302730,95556,184493,62541,487223,158097
2015-16,UTTAR PRADESH,JAUNPUR,OTHERS,TOTAL,SMALL,26104,35215,23220,31648,49324,66863
2015-16,UTTAR PRADESH,JAUNPUR,OTHERS,TOTAL,SEMIMEDIUM,6205,16019,9580,25058,15785,41077
2015-16,UTTAR PRADESH,JAUNPUR,OTHERS,TOTAL,MEDIUM,781,3952,1407,7292,2188,11243
2015-16,UTTAR PRADESH,JAUNPUR,OTHERS,TOTAL,LARGE,1,13,32,462,33,475
2015-16,UTTAR PRADESH,JAUNPUR,OTHERS,TOTAL,ALL CLASSES,335821,150756,218732,127001,554553,277757
2015-16,UTTAR PRADESH,JAUNPUR,INSTITUTIONAL,TOTAL,MARGINAL,0,0,0,0,120,43
2015-16,UTTAR PRADESH,JAUNPUR,INSTITUTIONAL,TOTAL,SMALL,0,0,0,0,40,56
2015-16,UTTAR PRADESH,JAUNPUR,INSTITUTIONAL,TOTAL,SEMIMEDIUM,0,0,0,0,29,75
2015-16,UTTAR PRADESH,JAUNPUR,INSTITUTIONAL,TOTAL,MEDIUM,0,0,0,0,12,76
2015-16,UTTAR PRADESH,JAUNPUR,INSTITUTIONAL,TOTAL,LARGE,0,0,0,0,1,14
2015-16,UTTAR PRADESH,JAUNPUR,INSTITUTIONAL,TOTAL,ALL CLASSES,0,0,0,0,202,264
2015-16,UTTAR PRADESH,JHANSI,SCHEDULED CASTE,TOTAL,MARGINAL,23126,10720,13573,6553,36699,17273
2015-16,UTTAR PRADESH,JHANSI,SCHEDULED CASTE,TOTAL,SMALL,8797,12526,6566,9306,15363,21831
2015-16,UTTAR PRADESH,JHANSI,SCHEDULED CASTE,TOTAL,SEMIMEDIUM,2752,7214,3031,8133,5783,15347
2015-16,UTTAR PRADESH,JHANSI,SCHEDULED CASTE,TOTAL,MEDIUM,529,2808,805,4479,1334,7286
2015-16,UTTAR PRADESH,JHANSI,SCHEDULED CASTE,TOTAL,LARGE,4,50,10,114,14,164
2015-16,UTTAR PRADESH,JHANSI,SCHEDULED CASTE,TOTAL,ALL CLASSES,35208,33317,23985,28584,59193,61901
2015-16,UTTAR PRADESH,JHANSI,SCHEDULED TRIBES,TOTAL,MARGINAL,0,0,0,0,0,0
2015-16,UTTAR PRADESH,JHANSI,SCHEDULED TRIBES,TOTAL,SMALL,0,0,0,0,0,0
2015-16,UTTAR PRADESH,JHANSI,SCHEDULED TRIBES,TOTAL,SEMIMEDIUM,0,0,0,0,0,0
2015-16,UTTAR PRADESH,JHANSI,SCHEDULED TRIBES,TOTAL,MEDIUM,0,0,0,0,0,0
2015-16,UTTAR PRADESH,JHANSI,SCHEDULED TRIBES,TOTAL,LARGE,0,0,0,0,0,0
2015-16,UTTAR PRADESH,JHANSI,SCHEDULED TRIBES,TOTAL,ALL CLASSES,0,0,0,0,0,0
2015-16,UTTAR PRADESH,JHANSI,OTHERS,TOTAL,MARGINAL,49122,22281,37371,18106,86493,40387
2015-16,UTTAR PRADESH,JHANSI,OTHERS,TOTAL,SMALL,20181,28775,20542,27908,40723,56683
2015-16,UTTAR PRADESH,JHANSI,OTHERS,TOTAL,SEMIMEDIUM,13835,39132,14966,41301,28801,80434
2015-16,UTTAR PRADESH,JHANSI,OTHERS,TOTAL,MEDIUM,6841,40055,7814,46308,14655,86364
2015-16,UTTAR PRADESH,JHANSI,OTHERS,TOTAL,LARGE,264,3919,507,7832,771,11751
2015-16,UTTAR PRADESH,JHANSI,OTHERS,TOTAL,ALL CLASSES,90243,134162,81200,141457,171443,275619
2015-16,UTTAR PRADESH,JHANSI,INSTITUTIONAL,TOTAL,MARGINAL,0,0,0,0,298,140
2015-16,UTTAR PRADESH,JHANSI,INSTITUTIONAL,TOTAL,SMALL,0,0,0,0,267,369
2015-16,UTTAR PRADESH,JHANSI,INSTITUTIONAL,TOTAL,SEMIMEDIUM,0,0,0,0,266,757
2015-16,UTTAR PRADESH,JHANSI,INSTITUTIONAL,TOTAL,MEDIUM,0,0,0,0,134,780
2015-16,UTTAR PRADESH,JHANSI,INSTITUTIONAL,TOTAL,LARGE,0,0,0,0,12,445
2015-16,UTTAR PRADESH,JHANSI,INSTITUTIONAL,TOTAL,ALL CLASSES,0,0,0,0,977,2490
2015-16,UTTAR PRADESH,JYOTIBA PHULE NAGAR,SCHEDULED CASTE,TOTAL,MARGINAL,12638,4491,6836,2743,19474,7234
2015-16,UTTAR PRADESH,JYOTIBA PHULE NAGAR,SCHEDULED CASTE,TOTAL,SMALL,1360,1814,1612,2165,2972,3979
2015-16,UTTAR PRADESH,JYOTIBA PHULE NAGAR,SCHEDULED CASTE,TOTAL,SEMIMEDIUM,249,651,631,1740,880,2391
2015-16,UTTAR PRADESH,JYOTIBA PHULE NAGAR,SCHEDULED CASTE,TOTAL,MEDIUM,26,138,123,649,149,788
2015-16,UTTAR PRADESH,JYOTIBA PHULE NAGAR,SCHEDULED CASTE,TOTAL,LARGE,0,0,2,22,2,22
2015-16,UTTAR PRADESH,JYOTIBA PHULE NAGAR,SCHEDULED CASTE,TOTAL,ALL CLASSES,14273,7094,9204,7320,23477,14415
2015-16,UTTAR PRADESH,JYOTIBA PHULE NAGAR,SCHEDULED TRIBES,TOTAL,MARGINAL,0,0,0,0,0,0
2015-16,UTTAR PRADESH,JYOTIBA PHULE NAGAR,SCHEDULED TRIBES,TOTAL,SMALL,0,0,0,0,0,0
2015-16,UTTAR PRADESH,JYOTIBA PHULE NAGAR,SCHEDULED TRIBES,TOTAL,SEMIMEDIUM,0,0,0,0,0,0
2015-16,UTTAR PRADESH,JYOTIBA PHULE NAGAR,SCHEDULED TRIBES,TOTAL,MEDIUM,0,0,0,0,0,0
2015-16,UTTAR PRADESH,JYOTIBA PHULE NAGAR,SCHEDULED TRIBES,TOTAL,LARGE,0,0,0,0,0,0
2015-16,UTTAR PRADESH,JYOTIBA PHULE NAGAR,SCHEDULED TRIBES,TOTAL,ALL CLASSES,0,0,0,0,0,0
2015-16,UTTAR PRADESH,JYOTIBA PHULE NAGAR,OTHERS,TOTAL,MARGINAL,64706,30435,70574,27156,135280,57591
2015-16,UTTAR PRADESH,JYOTIBA PHULE NAGAR,OTHERS,TOTAL,SMALL,8913,12154,18101,26933,27014,39087
2015-16,UTTAR PRADESH,JYOTIBA PHULE NAGAR,OTHERS,TOTAL,SEMIMEDIUM,4211,11314,10379,29639,14590,40953
2015-16,UTTAR PRADESH,JYOTIBA PHULE NAGAR,OTHERS,TOTAL,MEDIUM,717,3714,3767,20387,4484,24100
2015-16,UTTAR PRADESH,JYOTIBA PHULE NAGAR,OTHERS,TOTAL,LARGE,4,62,125,1610,129,1673
2015-16,UTTAR PRADESH,JYOTIBA PHULE NAGAR,OTHERS,TOTAL,ALL CLASSES,78551,57678,102946,105725,181497,163403
2015-16,UTTAR PRADESH,JYOTIBA PHULE NAGAR,INSTITUTIONAL,TOTAL,MARGINAL,0,0,0,0,65,24
2015-16,UTTAR PRADESH,JYOTIBA PHULE NAGAR,INSTITUTIONAL,TOTAL,SMALL,0,0,0,0,17,23
2015-16,UTTAR PRADESH,JYOTIBA PHULE NAGAR,INSTITUTIONAL,TOTAL,SEMIMEDIUM,0,0,0,0,16,45
2015-16,UTTAR PRADESH,JYOTIBA PHULE NAGAR,INSTITUTIONAL,TOTAL,MEDIUM,0,0,0,0,9,44
2015-16,UTTAR PRADESH,JYOTIBA PHULE NAGAR,INSTITUTIONAL,TOTAL,LARGE,0,0,0,0,2,31
2015-16,UTTAR PRADESH,JYOTIBA PHULE NAGAR,INSTITUTIONAL,TOTAL,ALL CLASSES,0,0,0,0,109,167
2015-16,UTTAR PRADESH,KANNAUJ,SCHEDULED CASTE,TOTAL,MARGINAL,19044,6092,15444,5421,34488,11512
2015-16,UTTAR PRADESH,KANNAUJ,SCHEDULED CASTE,TOTAL,SMALL,948,1185,1337,1733,2285,2918
2015-16,UTTAR PRADESH,KANNAUJ,SCHEDULED CASTE,TOTAL,SEMIMEDIUM,87,225,163,412,250,639
2015-16,UTTAR PRADESH,KANNAUJ,SCHEDULED CASTE,TOTAL,MEDIUM,0,0,8,45,8,45
2015-16,UTTAR PRADESH,KANNAUJ,SCHEDULED CASTE,TOTAL,LARGE,0,0,0,0,0,0
2015-16,UTTAR PRADESH,KANNAUJ,SCHEDULED CASTE,TOTAL,ALL CLASSES,20079,7502,16952,7612,37031,15114
2015-16,UTTAR PRADESH,KANNAUJ,SCHEDULED TRIBES,TOTAL,MARGINAL,0,0,0,0,0,0
2015-16,UTTAR PRADESH,KANNAUJ,SCHEDULED TRIBES,TOTAL,SMALL,0,0,0,0,0,0
2015-16,UTTAR PRADESH,KANNAUJ,SCHEDULED TRIBES,TOTAL,SEMIMEDIUM,0,0,0,0,0,0
2015-16,UTTAR PRADESH,KANNAUJ,SCHEDULED TRIBES,TOTAL,MEDIUM,0,0,0,0,0,0
2015-16,UTTAR PRADESH,KANNAUJ,SCHEDULED TRIBES,TOTAL,LARGE,0,0,0,0,0,0
2015-16,UTTAR PRADESH,KANNAUJ,SCHEDULED TRIBES,TOTAL,ALL CLASSES,0,0,0,0,0,0
2015-16,UTTAR PRADESH,KANNAUJ,OTHERS,TOTAL,MARGINAL,93723,35187,95504,41394,189227,76580
2015-16,UTTAR PRADESH,KANNAUJ,OTHERS,TOTAL,SMALL,12429,15975,15776,20771,28205,36746
2015-16,UTTAR PRADESH,KANNAUJ,OTHERS,TOTAL,SEMIMEDIUM,3064,8152,5408,14762,8472,22914
2015-16,UTTAR PRADESH,KANNAUJ,OTHERS,TOTAL,MEDIUM,711,3975,1610,8524,2321,12499
2015-16,UTTAR PRADESH,KANNAUJ,OTHERS,TOTAL,LARGE,11,154,58,847,69,1001
2015-16,UTTAR PRADESH,KANNAUJ,OTHERS,TOTAL,ALL CLASSES,109938,63442,118356,86299,228294,149741
2015-16,UTTAR PRADESH,KANNAUJ,INSTITUTIONAL,TOTAL,MARGINAL,0,0,0,0,181,80
2015-16,UTTAR PRADESH,KANNAUJ,INSTITUTIONAL,TOTAL,SMALL,0,0,0,0,46,65
2015-16,UTTAR PRADESH,KANNAUJ,INSTITUTIONAL,TOTAL,SEMIMEDIUM,0,0,0,0,26,67
2015-16,UTTAR PRADESH,KANNAUJ,INSTITUTIONAL,TOTAL,MEDIUM,0,0,0,0,30,147
2015-16,UTTAR PRADESH,KANNAUJ,INSTITUTIONAL,TOTAL,LARGE,0,0,0,0,3,63
2015-16,UTTAR PRADESH,KANNAUJ,INSTITUTIONAL,TOTAL,ALL CLASSES,0,0,0,0,286,422
2015-16,UTTAR PRADESH,KANPUR NAGAR,SCHEDULED CASTE,TOTAL,MARGINAL,20031,5667,19980,6937,40011,12604
2015-16,UTTAR PRADESH,KANPUR NAGAR,SCHEDULED CASTE,TOTAL,SMALL,1064,1365,2383,2789,3447,4154
2015-16,UTTAR PRADESH,KANPUR NAGAR,SCHEDULED CASTE,TOTAL,SEMIMEDIUM,190,495,749,1963,939,2457
2015-16,UTTAR PRADESH,KANPUR NAGAR,SCHEDULED CASTE,TOTAL,MEDIUM,15,84,62,335,77,419
2015-16,UTTAR PRADESH,KANPUR NAGAR,SCHEDULED CASTE,TOTAL,LARGE,0,0,0,0,0,0
2015-16,UTTAR PRADESH,KANPUR NAGAR,SCHEDULED CASTE,TOTAL,ALL CLASSES,21300,7610,23174,12024,44474,19633
2015-16,UTTAR PRADESH,KANPUR NAGAR,SCHEDULED TRIBES,TOTAL,MARGINAL,0,0,0,0,0,0
2015-16,UTTAR PRADESH,KANPUR NAGAR,SCHEDULED TRIBES,TOTAL,SMALL,0,0,0,0,0,0
2015-16,UTTAR PRADESH,KANPUR NAGAR,SCHEDULED TRIBES,TOTAL,SEMIMEDIUM,0,0,0,0,0,0
2015-16,UTTAR PRADESH,KANPUR NAGAR,SCHEDULED TRIBES,TOTAL,MEDIUM,0,0,0,0,0,0
2015-16,UTTAR PRADESH,KANPUR NAGAR,SCHEDULED TRIBES,TOTAL,LARGE,0,0,0,0,0,0
2015-16,UTTAR PRADESH,KANPUR NAGAR,SCHEDULED TRIBES,TOTAL,ALL CLASSES,0,0,0,0,0,0
2015-16,UTTAR PRADESH,KANPUR NAGAR,OTHERS,TOTAL,MARGINAL,70916,25974,75721,31727,146637,57701
2015-16,UTTAR PRADESH,KANPUR NAGAR,OTHERS,TOTAL,SMALL,10468,13913,19194,24233,29662,38146
2015-16,UTTAR PRADESH,KANPUR NAGAR,OTHERS,TOTAL,SEMIMEDIUM,4286,11099,9466,26206,13752,37305
2015-16,UTTAR PRADESH,KANPUR NAGAR,OTHERS,TOTAL,MEDIUM,674,3321,2380,12923,3054,16242
2015-16,UTTAR PRADESH,KANPUR NAGAR,OTHERS,TOTAL,LARGE,3,37,99,1228,102,1266
2015-16,UTTAR PRADESH,KANPUR NAGAR,OTHERS,TOTAL,ALL CLASSES,86347,54345,106860,96317,193207,150661
2015-16,UTTAR PRADESH,KANPUR NAGAR,INSTITUTIONAL,TOTAL,MARGINAL,0,0,0,0,773,345
2015-16,UTTAR PRADESH,KANPUR NAGAR,INSTITUTIONAL,TOTAL,SMALL,0,0,0,0,207,279
2015-16,UTTAR PRADESH,KANPUR NAGAR,INSTITUTIONAL,TOTAL,SEMIMEDIUM,0,0,0,0,188,521
2015-16,UTTAR PRADESH,KANPUR NAGAR,INSTITUTIONAL,TOTAL,MEDIUM,0,0,0,0,57,319
2015-16,UTTAR PRADESH,KANPUR NAGAR,INSTITUTIONAL,TOTAL,LARGE,0,0,0,0,20,902
2015-16,UTTAR PRADESH,KANPUR NAGAR,INSTITUTIONAL,TOTAL,ALL CLASSES,0,0,0,0,1245,2366
2015-16,UTTAR PRADESH,KASHIRAM NAGAR,SCHEDULED CASTE,TOTAL,MARGINAL,9259,3321,13324,5575,22583,8895
2015-16,UTTAR PRADESH,KASHIRAM NAGAR,SCHEDULED CASTE,TOTAL,SMALL,972,1244,2490,3384,3462,4628
2015-16,UTTAR PRADESH,KASHIRAM NAGAR,SCHEDULED CASTE,TOTAL,SEMIMEDIUM,160,444,656,1838,816,2282
2015-16,UTTAR PRADESH,KASHIRAM NAGAR,SCHEDULED CASTE,TOTAL,MEDIUM,15,71,81,419,96,490
2015-16,UTTAR PRADESH,KASHIRAM NAGAR,SCHEDULED CASTE,TOTAL,LARGE,0,0,0,0,0,0
2015-16,UTTAR PRADESH,KASHIRAM NAGAR,SCHEDULED CASTE,TOTAL,ALL CLASSES,10406,5080,16551,11217,26957,16297
2015-16,UTTAR PRADESH,KASHIRAM NAGAR,SCHEDULED TRIBES,TOTAL,MARGINAL,0,0,0,0,0,0
2015-16,UTTAR PRADESH,KASHIRAM NAGAR,SCHEDULED TRIBES,TOTAL,SMALL,0,0,0,0,0,0
2015-16,UTTAR PRADESH,KASHIRAM NAGAR,SCHEDULED TRIBES,TOTAL,SEMIMEDIUM,0,0,0,0,0,0
2015-16,UTTAR PRADESH,KASHIRAM NAGAR,SCHEDULED TRIBES,TOTAL,MEDIUM,0,0,0,0,0,0
2015-16,UTTAR PRADESH,KASHIRAM NAGAR,SCHEDULED TRIBES,TOTAL,LARGE,0,0,0,0,0,0
2015-16,UTTAR PRADESH,KASHIRAM NAGAR,SCHEDULED TRIBES,TOTAL,ALL CLASSES,0,0,0,0,0,0
2015-16,UTTAR PRADESH,KASHIRAM NAGAR,OTHERS,TOTAL,MARGINAL,38204,14060,77364,33693,115568,47752
2015-16,UTTAR PRADESH,KASHIRAM NAGAR,OTHERS,TOTAL,SMALL,5984,8101,19807,26858,25791,34960
2015-16,UTTAR PRADESH,KASHIRAM NAGAR,OTHERS,TOTAL,SEMIMEDIUM,1872,4945,7934,20954,9806,25899
2015-16,UTTAR PRADESH,KASHIRAM NAGAR,OTHERS,TOTAL,MEDIUM,336,1746,1906,10216,2242,11961
2015-16,UTTAR PRADESH,KASHIRAM NAGAR,OTHERS,TOTAL,LARGE,4,50,84,1169,88,1218
2015-16,UTTAR PRADESH,KASHIRAM NAGAR,OTHERS,TOTAL,ALL CLASSES,46400,28902,107095,92888,153495,121790
2015-16,UTTAR PRADESH,KASHIRAM NAGAR,INSTITUTIONAL,TOTAL,MARGINAL,0,0,0,0,122,46
2015-16,UTTAR PRADESH,KASHIRAM NAGAR,INSTITUTIONAL,TOTAL,SMALL,0,0,0,0,43,63
2015-16,UTTAR PRADESH,KASHIRAM NAGAR,INSTITUTIONAL,TOTAL,SEMIMEDIUM,0,0,0,0,18,48
2015-16,UTTAR PRADESH,KASHIRAM NAGAR,INSTITUTIONAL,TOTAL,MEDIUM,0,0,0,0,11,60
2015-16,UTTAR PRADESH,KASHIRAM NAGAR,INSTITUTIONAL,TOTAL,LARGE,0,0,0,0,6,238
2015-16,UTTAR PRADESH,KASHIRAM NAGAR,INSTITUTIONAL,TOTAL,ALL CLASSES,0,0,0,0,200,455
2015-16,UTTAR PRADESH,KAUSHAMBI,SCHEDULED CASTE,TOTAL,MARGINAL,28869,7650,23659,7535,52528,15184
2015-16,UTTAR PRADESH,KAUSHAMBI,SCHEDULED CASTE,TOTAL,SMALL,1334,1695,2457,3218,3791,4913
2015-16,UTTAR PRADESH,KAUSHAMBI,SCHEDULED CASTE,TOTAL,SEMIMEDIUM,151,373,715,1728,866,2101
2015-16,UTTAR PRADESH,KAUSHAMBI,SCHEDULED CASTE,TOTAL,MEDIUM,1,4,61,324,62,328
2015-16,UTTAR PRADESH,KAUSHAMBI,SCHEDULED CASTE,TOTAL,LARGE,0,0,0,0,0,0
2015-16,UTTAR PRADESH,KAUSHAMBI,SCHEDULED CASTE,TOTAL,ALL CLASSES,30355,9721,26892,12805,57247,22526
2015-16,UTTAR PRADESH,KAUSHAMBI,SCHEDULED TRIBES,TOTAL,MARGINAL,0,0,0,0,0,0
2015-16,UTTAR PRADESH,KAUSHAMBI,SCHEDULED TRIBES,TOTAL,SMALL,0,0,0,0,0,0
2015-16,UTTAR PRADESH,KAUSHAMBI,SCHEDULED TRIBES,TOTAL,SEMIMEDIUM,0,0,0,0,0,0
2015-16,UTTAR PRADESH,KAUSHAMBI,SCHEDULED TRIBES,TOTAL,MEDIUM,0,0,0,0,0,0
2015-16,UTTAR PRADESH,KAUSHAMBI,SCHEDULED TRIBES,TOTAL,LARGE,0,0,0,0,0,0
2015-16,UTTAR PRADESH,KAUSHAMBI,SCHEDULED TRIBES,TOTAL,ALL CLASSES,0,0,0,0,0,0
2015-16,UTTAR PRADESH,KAUSHAMBI,OTHERS,TOTAL,MARGINAL,56791,17872,73922,25184,130713,43056
2015-16,UTTAR PRADESH,KAUSHAMBI,OTHERS,TOTAL,SMALL,6653,8548,13032,16825,19685,25373
2015-16,UTTAR PRADESH,KAUSHAMBI,OTHERS,TOTAL,SEMIMEDIUM,2401,6024,6345,16738,8746,22763
2015-16,UTTAR PRADESH,KAUSHAMBI,OTHERS,TOTAL,MEDIUM,407,2175,2212,12263,2619,14437
2015-16,UTTAR PRADESH,KAUSHAMBI,OTHERS,TOTAL,LARGE,9,109,175,2460,184,2568
2015-16,UTTAR PRADESH,KAUSHAMBI,OTHERS,TOTAL,ALL CLASSES,66261,34727,95686,73470,161947,108197
2015-16,UTTAR PRADESH,KAUSHAMBI,INSTITUTIONAL,TOTAL,MARGINAL,0,0,0,0,219,92
2015-16,UTTAR PRADESH,KAUSHAMBI,INSTITUTIONAL,TOTAL,SMALL,0,0,0,0,57,85
2015-16,UTTAR PRADESH,KAUSHAMBI,INSTITUTIONAL,TOTAL,SEMIMEDIUM,0,0,0,0,33,88
2015-16,UTTAR PRADESH,KAUSHAMBI,INSTITUTIONAL,TOTAL,MEDIUM,0,0,0,0,14,83
2015-16,UTTAR PRADESH,KAUSHAMBI,INSTITUTIONAL,TOTAL,LARGE,0,0,0,0,1,18
2015-16,UTTAR PRADESH,KAUSHAMBI,INSTITUTIONAL,TOTAL,ALL CLASSES,0,0,0,0,324,367
2015-16,UTTAR PRADESH,KHERI,SCHEDULED CASTE,TOTAL,MARGINAL,80516,26471,44247,19078,124763,45548
2015-16,UTTAR PRADESH,KHERI,SCHEDULED CASTE,TOTAL,SMALL,9092,12004,8375,11024,17467,23028
2015-16,UTTAR PRADESH,KHERI,SCHEDULED CASTE,TOTAL,SEMIMEDIUM,3285,8416,2673,6694,5958,15110
2015-16,UTTAR PRADESH,KHERI,SCHEDULED CASTE,TOTAL,MEDIUM,422,1804,355,1594,777,3399
2015-16,UTTAR PRADESH,KHERI,SCHEDULED CASTE,TOTAL,LARGE,1,13,8,138,9,150
2015-16,UTTAR PRADESH,KHERI,SCHEDULED CASTE,TOTAL,ALL CLASSES,93316,48708,55658,38527,148974,87235
2015-16,UTTAR PRADESH,KHERI,SCHEDULED TRIBES,TOTAL,MARGINAL,1900,990,917,410,2817,1399
2015-16,UTTAR PRADESH,KHERI,SCHEDULED TRIBES,TOTAL,SMALL,1018,1420,438,616,1456,2036
2015-16,UTTAR PRADESH,KHERI,SCHEDULED TRIBES,TOTAL,SEMIMEDIUM,462,1245,282,764,744,2009
2015-16,UTTAR PRADESH,KHERI,SCHEDULED TRIBES,TOTAL,MEDIUM,95,480,113,592,208,1071
2015-16,UTTAR PRADESH,KHERI,SCHEDULED TRIBES,TOTAL,LARGE,0,0,5,65,5,65
2015-16,UTTAR PRADESH,KHERI,SCHEDULED TRIBES,TOTAL,ALL CLASSES,3475,4134,1755,2447,5230,6581
2015-16,UTTAR PRADESH,KHERI,OTHERS,TOTAL,MARGINAL,231329,95109,163651,67383,394980,162493
2015-16,UTTAR PRADESH,KHERI,OTHERS,TOTAL,SMALL,36796,53246,33363,53921,70159,107167
2015-16,UTTAR PRADESH,KHERI,OTHERS,TOTAL,SEMIMEDIUM,16752,43692,16120,43529,32872,87221
2015-16,UTTAR PRADESH,KHERI,OTHERS,TOTAL,MEDIUM,4188,20886,5583,29495,9771,50380
2015-16,UTTAR PRADESH,KHERI,OTHERS,TOTAL,LARGE,48,607,336,4712,384,5319
2015-16,UTTAR PRADESH,KHERI,OTHERS,TOTAL,ALL CLASSES,289113,213540,219053,199041,508166,412581
2015-16,UTTAR PRADESH,KHERI,INSTITUTIONAL,TOTAL,MARGINAL,0,0,0,0,290,113
2015-16,UTTAR PRADESH,KHERI,INSTITUTIONAL,TOTAL,SMALL,0,0,0,0,82,119
2015-16,UTTAR PRADESH,KHERI,INSTITUTIONAL,TOTAL,SEMIMEDIUM,0,0,0,0,42,113
2015-16,UTTAR PRADESH,KHERI,INSTITUTIONAL,TOTAL,MEDIUM,0,0,0,0,41,253
2015-16,UTTAR PRADESH,KHERI,INSTITUTIONAL,TOTAL,LARGE,0,0,0,0,43,2839
2015-16,UTTAR PRADESH,KHERI,INSTITUTIONAL,TOTAL,ALL CLASSES,0,0,0,0,498,3436
2015-16,UTTAR PRADESH,KUSHI NAGAR,SCHEDULED CASTE,TOTAL,MARGINAL,60180,17013,109,36,60289,17049
2015-16,UTTAR PRADESH,KUSHI NAGAR,SCHEDULED CASTE,TOTAL,SMALL,1584,2167,0,0,1584,2167
2015-16,UTTAR PRADESH,KUSHI NAGAR,SCHEDULED CASTE,TOTAL,SEMIMEDIUM,230,553,0,0,230,553
2015-16,UTTAR PRADESH,KUSHI NAGAR,SCHEDULED CASTE,TOTAL,MEDIUM,11,57,0,0,11,57
2015-16,UTTAR PRADESH,KUSHI NAGAR,SCHEDULED CASTE,TOTAL,LARGE,0,0,0,0,0,0
2015-16,UTTAR PRADESH,KUSHI NAGAR,SCHEDULED CASTE,TOTAL,ALL CLASSES,62005,19790,109,36,62114,19827
2015-16,UTTAR PRADESH,KUSHI NAGAR,SCHEDULED TRIBES,TOTAL,MARGINAL,0,0,0,0,0,0
2015-16,UTTAR PRADESH,KUSHI NAGAR,SCHEDULED TRIBES,TOTAL,SMALL,0,0,0,0,0,0
2015-16,UTTAR PRADESH,KUSHI NAGAR,SCHEDULED TRIBES,TOTAL,SEMIMEDIUM,0,0,0,0,0,0
2015-16,UTTAR PRADESH,KUSHI NAGAR,SCHEDULED TRIBES,TOTAL,MEDIUM,0,0,0,0,0,0
2015-16,UTTAR PRADESH,KUSHI NAGAR,SCHEDULED TRIBES,TOTAL,LARGE,0,0,0,0,0,0
2015-16,UTTAR PRADESH,KUSHI NAGAR,SCHEDULED TRIBES,TOTAL,ALL CLASSES,0,0,0,0,0,0
2015-16,UTTAR PRADESH,KUSHI NAGAR,OTHERS,TOTAL,MARGINAL,379897,120815,1392,627,381289,121442
2015-16,UTTAR PRADESH,KUSHI NAGAR,OTHERS,TOTAL,SMALL,27837,38402,63,90,27900,38491
2015-16,UTTAR PRADESH,KUSHI NAGAR,OTHERS,TOTAL,SEMIMEDIUM,11440,31282,9,23,11449,31305
2015-16,UTTAR PRADESH,KUSHI NAGAR,OTHERS,TOTAL,MEDIUM,2095,11100,4,18,2099,11118
2015-16,UTTAR PRADESH,KUSHI NAGAR,OTHERS,TOTAL,LARGE,70,1024,0,0,70,1024
2015-16,UTTAR PRADESH,KUSHI NAGAR,OTHERS,TOTAL,ALL CLASSES,421339,202621,1468,758,422807,203379
2015-16,UTTAR PRADESH,KUSHI NAGAR,INSTITUTIONAL,TOTAL,MARGINAL,0,0,0,0,50,13
2015-16,UTTAR PRADESH,KUSHI NAGAR,INSTITUTIONAL,TOTAL,SMALL,0,0,0,0,19,26
2015-16,UTTAR PRADESH,KUSHI NAGAR,INSTITUTIONAL,TOTAL,SEMIMEDIUM,0,0,0,0,14,35
2015-16,UTTAR PRADESH,KUSHI NAGAR,INSTITUTIONAL,TOTAL,MEDIUM,0,0,0,0,4,20
2015-16,UTTAR PRADESH,KUSHI NAGAR,INSTITUTIONAL,TOTAL,LARGE,0,0,0,0,4,79
2015-16,UTTAR PRADESH,KUSHI NAGAR,INSTITUTIONAL,TOTAL,ALL CLASSES,0,0,0,0,91,173
2015-16,UTTAR PRADESH,LALITPUR,SCHEDULED CASTE,TOTAL,MARGINAL,13059,7437,9080,4956,22139,12394
2015-16,UTTAR PRADESH,LALITPUR,SCHEDULED CASTE,TOTAL,SMALL,8899,12207,5027,7668,13926,19875
2015-16,UTTAR PRADESH,LALITPUR,SCHEDULED CASTE,TOTAL,SEMIMEDIUM,2318,6185,2584,6913,4902,13098
2015-16,UTTAR PRADESH,LALITPUR,SCHEDULED CASTE,TOTAL,MEDIUM,336,1715,542,2964,878,4680
2015-16,UTTAR PRADESH,LALITPUR,SCHEDULED CASTE,TOTAL,LARGE,7,97,39,500,46,597
2015-16,UTTAR PRADESH,LALITPUR,SCHEDULED CASTE,TOTAL,ALL CLASSES,24619,27642,17272,23002,41891,50643
2015-16,UTTAR PRADESH,LALITPUR,SCHEDULED TRIBES,TOTAL,MARGINAL,2781,1718,2477,1319,5258,3037
2015-16,UTTAR PRADESH,LALITPUR,SCHEDULED TRIBES,TOTAL,SMALL,2399,3545,1670,2476,4069,6020
2015-16,UTTAR PRADESH,LALITPUR,SCHEDULED TRIBES,TOTAL,SEMIMEDIUM,405,1093,558,1520,963,2614
2015-16,UTTAR PRADESH,LALITPUR,SCHEDULED TRIBES,TOTAL,MEDIUM,31,152,76,413,107,565
2015-16,UTTAR PRADESH,LALITPUR,SCHEDULED TRIBES,TOTAL,LARGE,1,12,2,32,3,44
2015-16,UTTAR PRADESH,LALITPUR,SCHEDULED TRIBES,TOTAL,ALL CLASSES,5617,6520,4783,5761,10400,12281
2015-16,UTTAR PRADESH,LALITPUR,OTHERS,TOTAL,MARGINAL,43999,24293,38827,20311,82826,44605
2015-16,UTTAR PRADESH,LALITPUR,OTHERS,TOTAL,SMALL,25684,36474,21584,30625,47268,67099
2015-16,UTTAR PRADESH,LALITPUR,OTHERS,TOTAL,SEMIMEDIUM,9847,27546,13513,37019,23360,64565
2015-16,UTTAR PRADESH,LALITPUR,OTHERS,TOTAL,MEDIUM,3129,18041,5619,32158,8748,50199
2015-16,UTTAR PRADESH,LALITPUR,OTHERS,TOTAL,LARGE,212,2721,828,12079,1040,14800
2015-16,UTTAR PRADESH,LALITPUR,OTHERS,TOTAL,ALL CLASSES,82871,109074,80371,132193,163242,241268
2015-16,UTTAR PRADESH,LALITPUR,INSTITUTIONAL,TOTAL,MARGINAL,0,0,0,0,88,45
2015-16,UTTAR PRADESH,LALITPUR,INSTITUTIONAL,TOTAL,SMALL,0,0,0,0,52,71
2015-16,UTTAR PRADESH,LALITPUR,INSTITUTIONAL,TOTAL,SEMIMEDIUM,0,0,0,0,66,181
2015-16,UTTAR PRADESH,LALITPUR,INSTITUTIONAL,TOTAL,MEDIUM,0,0,0,0,33,183
2015-16,UTTAR PRADESH,LALITPUR,INSTITUTIONAL,TOTAL,LARGE,0,0,0,0,11,329
2015-16,UTTAR PRADESH,LALITPUR,INSTITUTIONAL,TOTAL,ALL CLASSES,0,0,0,0,250,807
2015-16,UTTAR PRADESH,LUCKNOW,SCHEDULED CASTE,TOTAL,MARGINAL,40057,14001,35675,13666,75732,27668
2015-16,UTTAR PRADESH,LUCKNOW,SCHEDULED CASTE,TOTAL,SMALL,3782,5000,5834,8049,9616,13049
2015-16,UTTAR PRADESH,LUCKNOW,SCHEDULED CASTE,TOTAL,SEMIMEDIUM,579,1512,1406,3711,1985,5224
2015-16,UTTAR PRADESH,LUCKNOW,SCHEDULED CASTE,TOTAL,MEDIUM,22,120,114,600,136,718
2015-16,UTTAR PRADESH,LUCKNOW,SCHEDULED CASTE,TOTAL,LARGE,0,0,3,41,3,41
2015-16,UTTAR PRADESH,LUCKNOW,SCHEDULED CASTE,TOTAL,ALL CLASSES,44440,20632,43032,26067,87472,46699
2015-16,UTTAR PRADESH,LUCKNOW,SCHEDULED TRIBES,TOTAL,MARGINAL,0,0,0,0,0,0
2015-16,UTTAR PRADESH,LUCKNOW,SCHEDULED TRIBES,TOTAL,SMALL,0,0,0,0,0,0
2015-16,UTTAR PRADESH,LUCKNOW,SCHEDULED TRIBES,TOTAL,SEMIMEDIUM,0,0,0,0,0,0
2015-16,UTTAR PRADESH,LUCKNOW,SCHEDULED TRIBES,TOTAL,MEDIUM,0,0,0,0,0,0
2015-16,UTTAR PRADESH,LUCKNOW,SCHEDULED TRIBES,TOTAL,LARGE,0,0,0,0,0,0
2015-16,UTTAR PRADESH,LUCKNOW,SCHEDULED TRIBES,TOTAL,ALL CLASSES,0,0,0,0,0,0
2015-16,UTTAR PRADESH,LUCKNOW,OTHERS,TOTAL,MARGINAL,66901,22790,64388,23628,131289,46418
2015-16,UTTAR PRADESH,LUCKNOW,OTHERS,TOTAL,SMALL,6940,9364,11000,15180,17940,24544
2015-16,UTTAR PRADESH,LUCKNOW,OTHERS,TOTAL,SEMIMEDIUM,2390,6738,4830,12944,7220,19681
2015-16,UTTAR PRADESH,LUCKNOW,OTHERS,TOTAL,MEDIUM,474,2610,1082,5876,1556,8486
2015-16,UTTAR PRADESH,LUCKNOW,OTHERS,TOTAL,LARGE,6,79,49,662,55,741
2015-16,UTTAR PRADESH,LUCKNOW,OTHERS,TOTAL,ALL CLASSES,76711,41581,81349,58290,158060,99871
2015-16,UTTAR PRADESH,LUCKNOW,INSTITUTIONAL,TOTAL,MARGINAL,0,0,0,0,148,63
2015-16,UTTAR PRADESH,LUCKNOW,INSTITUTIONAL,TOTAL,SMALL,0,0,0,0,39,53
2015-16,UTTAR PRADESH,LUCKNOW,INSTITUTIONAL,TOTAL,SEMIMEDIUM,0,0,0,0,29,84
2015-16,UTTAR PRADESH,LUCKNOW,INSTITUTIONAL,TOTAL,MEDIUM,0,0,0,0,18,108
2015-16,UTTAR PRADESH,LUCKNOW,INSTITUTIONAL,TOTAL,LARGE,0,0,0,0,14,529
2015-16,UTTAR PRADESH,LUCKNOW,INSTITUTIONAL,TOTAL,ALL CLASSES,0,0,0,0,248,836
2015-16,UTTAR PRADESH,MAHA MAYA NAGAR,SCHEDULED CASTE,TOTAL,MARGINAL,14643,4691,9198,3539,23841,8229
2015-16,UTTAR PRADESH,MAHA MAYA NAGAR,SCHEDULED CASTE,TOTAL,SMALL,1176,1501,1872,2450,3048,3951
2015-16,UTTAR PRADESH,MAHA MAYA NAGAR,SCHEDULED CASTE,TOTAL,SEMIMEDIUM,260,673,779,2073,1039,2746
2015-16,UTTAR PRADESH,MAHA MAYA NAGAR,SCHEDULED CASTE,TOTAL,MEDIUM,30,133,112,577,142,711
2015-16,UTTAR PRADESH,MAHA MAYA NAGAR,SCHEDULED CASTE,TOTAL,LARGE,0,0,0,0,0,0
2015-16,UTTAR PRADESH,MAHA MAYA NAGAR,SCHEDULED CASTE,TOTAL,ALL CLASSES,16109,6998,11961,8640,28070,15638
2015-16,UTTAR PRADESH,MAHA MAYA NAGAR,SCHEDULED TRIBES,TOTAL,MARGINAL,0,0,0,0,0,0
2015-16,UTTAR PRADESH,MAHA MAYA NAGAR,SCHEDULED TRIBES,TOTAL,SMALL,0,0,0,0,0,0
2015-16,UTTAR PRADESH,MAHA MAYA NAGAR,SCHEDULED TRIBES,TOTAL,SEMIMEDIUM,0,0,0,0,0,0
2015-16,UTTAR PRADESH,MAHA MAYA NAGAR,SCHEDULED TRIBES,TOTAL,MEDIUM,0,0,0,0,0,0
2015-16,UTTAR PRADESH,MAHA MAYA NAGAR,SCHEDULED TRIBES,TOTAL,LARGE,0,0,0,0,0,0
2015-16,UTTAR PRADESH,MAHA MAYA NAGAR,SCHEDULED TRIBES,TOTAL,ALL CLASSES,0,0,0,0,0,0
2015-16,UTTAR PRADESH,MAHA MAYA NAGAR,OTHERS,TOTAL,MARGINAL,48765,18463,39974,17593,88739,36056
2015-16,UTTAR PRADESH,MAHA MAYA NAGAR,OTHERS,TOTAL,SMALL,10186,13976,15114,20697,25300,34674
2015-16,UTTAR PRADESH,MAHA MAYA NAGAR,OTHERS,TOTAL,SEMIMEDIUM,4329,11674,8461,23437,12790,35110
2015-16,UTTAR PRADESH,MAHA MAYA NAGAR,OTHERS,TOTAL,MEDIUM,765,3765,2779,15056,3544,18821
2015-16,UTTAR PRADESH,MAHA MAYA NAGAR,OTHERS,TOTAL,LARGE,4,43,67,803,71,847
2015-16,UTTAR PRADESH,MAHA MAYA NAGAR,OTHERS,TOTAL,ALL CLASSES,64049,47921,66395,77586,130444,125507
2015-16,UTTAR PRADESH,MAHA MAYA NAGAR,INSTITUTIONAL,TOTAL,MARGINAL,0,0,0,0,123,48
2015-16,UTTAR PRADESH,MAHA MAYA NAGAR,INSTITUTIONAL,TOTAL,SMALL,0,0,0,0,50,69
2015-16,UTTAR PRADESH,MAHA MAYA NAGAR,INSTITUTIONAL,TOTAL,SEMIMEDIUM,0,0,0,0,26,70
2015-16,UTTAR PRADESH,MAHA MAYA NAGAR,INSTITUTIONAL,TOTAL,MEDIUM,0,0,0,0,20,126
2015-16,UTTAR PRADESH,MAHA MAYA NAGAR,INSTITUTIONAL,TOTAL,LARGE,0,0,0,0,2,62
2015-16,UTTAR PRADESH,MAHA MAYA NAGAR,INSTITUTIONAL,TOTAL,ALL CLASSES,0,0,0,0,221,376
2015-16,UTTAR PRADESH,MAHARAJGANJ,SCHEDULED CASTE,TOTAL,MARGINAL,54630,14985,1,0,54631,14985
2015-16,UTTAR PRADESH,MAHARAJGANJ,SCHEDULED CASTE,TOTAL,SMALL,2209,2805,0,0,2209,2805
2015-16,UTTAR PRADESH,MAHARAJGANJ,SCHEDULED CASTE,TOTAL,SEMIMEDIUM,297,752,0,0,297,752
2015-16,UTTAR PRADESH,MAHARAJGANJ,SCHEDULED CASTE,TOTAL,MEDIUM,16,82,0,0,16,82
2015-16,UTTAR PRADESH,MAHARAJGANJ,SCHEDULED CASTE,TOTAL,LARGE,0,0,0,0,0,0
2015-16,UTTAR PRADESH,MAHARAJGANJ,SCHEDULED CASTE,TOTAL,ALL CLASSES,57152,18624,1,0,57153,18624
2015-16,UTTAR PRADESH,MAHARAJGANJ,SCHEDULED TRIBES,TOTAL,MARGINAL,196,79,0,0,196,79
2015-16,UTTAR PRADESH,MAHARAJGANJ,SCHEDULED TRIBES,TOTAL,SMALL,94,135,0,0,94,135
2015-16,UTTAR PRADESH,MAHARAJGANJ,SCHEDULED TRIBES,TOTAL,SEMIMEDIUM,72,180,0,0,72,180
2015-16,UTTAR PRADESH,MAHARAJGANJ,SCHEDULED TRIBES,TOTAL,MEDIUM,55,315,0,0,55,315
2015-16,UTTAR PRADESH,MAHARAJGANJ,SCHEDULED TRIBES,TOTAL,LARGE,0,0,0,0,0,0
2015-16,UTTAR PRADESH,MAHARAJGANJ,SCHEDULED TRIBES,TOTAL,ALL CLASSES,417,710,0,0,417,710
2015-16,UTTAR PRADESH,MAHARAJGANJ,OTHERS,TOTAL,MARGINAL,290529,90841,32,15,290561,90856
2015-16,UTTAR PRADESH,MAHARAJGANJ,OTHERS,TOTAL,SMALL,30942,41226,17,23,30959,41249
2015-16,UTTAR PRADESH,MAHARAJGANJ,OTHERS,TOTAL,SEMIMEDIUM,11022,29648,4,14,11026,29662
2015-16,UTTAR PRADESH,MAHARAJGANJ,OTHERS,TOTAL,MEDIUM,2426,13143,4,22,2430,13165
2015-16,UTTAR PRADESH,MAHARAJGANJ,OTHERS,TOTAL,LARGE,58,1129,0,0,58,1129
2015-16,UTTAR PRADESH,MAHARAJGANJ,OTHERS,TOTAL,ALL CLASSES,334977,175988,57,75,335034,176063
2015-16,UTTAR PRADESH,MAHARAJGANJ,INSTITUTIONAL,TOTAL,MARGINAL,0,0,0,0,69,24
2015-16,UTTAR PRADESH,MAHARAJGANJ,INSTITUTIONAL,TOTAL,SMALL,0,0,0,0,11,14
2015-16,UTTAR PRADESH,MAHARAJGANJ,INSTITUTIONAL,TOTAL,SEMIMEDIUM,0,0,0,0,15,43
2015-16,UTTAR PRADESH,MAHARAJGANJ,INSTITUTIONAL,TOTAL,MEDIUM,0,0,0,0,5,29
2015-16,UTTAR PRADESH,MAHARAJGANJ,INSTITUTIONAL,TOTAL,LARGE,0,0,0,0,8,845
2015-16,UTTAR PRADESH,MAHARAJGANJ,INSTITUTIONAL,TOTAL,ALL CLASSES,0,0,0,0,108,957
2015-16,UTTAR PRADESH,MAHOBA,SCHEDULED CASTE,TOTAL,MARGINAL,12151,5807,4655,2291,16806,8098
2015-16,UTTAR PRADESH,MAHOBA,SCHEDULED CASTE,TOTAL,SMALL,4752,6427,2477,3525,7229,9952
2015-16,UTTAR PRADESH,MAHOBA,SCHEDULED CASTE,TOTAL,SEMIMEDIUM,1779,4583,1251,3376,3030,7958
2015-16,UTTAR PRADESH,MAHOBA,SCHEDULED CASTE,TOTAL,MEDIUM,315,1695,385,2047,700,3741
2015-16,UTTAR PRADESH,MAHOBA,SCHEDULED CASTE,TOTAL,LARGE,8,114,11,192,19,306
2015-16,UTTAR PRADESH,MAHOBA,SCHEDULED CASTE,TOTAL,ALL CLASSES,19005,18626,8779,11429,27784,30055
2015-16,UTTAR PRADESH,MAHOBA,SCHEDULED TRIBES,TOTAL,MARGINAL,0,0,0,0,0,0
2015-16,UTTAR PRADESH,MAHOBA,SCHEDULED TRIBES,TOTAL,SMALL,0,0,0,0,0,0
2015-16,UTTAR PRADESH,MAHOBA,SCHEDULED TRIBES,TOTAL,SEMIMEDIUM,0,0,0,0,0,0
2015-16,UTTAR PRADESH,MAHOBA,SCHEDULED TRIBES,TOTAL,MEDIUM,0,0,0,0,0,0
2015-16,UTTAR PRADESH,MAHOBA,SCHEDULED TRIBES,TOTAL,LARGE,0,0,0,0,0,0
2015-16,UTTAR PRADESH,MAHOBA,SCHEDULED TRIBES,TOTAL,ALL CLASSES,0,0,0,0,0,0
2015-16,UTTAR PRADESH,MAHOBA,OTHERS,TOTAL,MARGINAL,38218,20027,18501,9326,56719,29354
2015-16,UTTAR PRADESH,MAHOBA,OTHERS,TOTAL,SMALL,16544,24781,10492,15128,27036,39909
2015-16,UTTAR PRADESH,MAHOBA,OTHERS,TOTAL,SEMIMEDIUM,11703,35021,8813,25665,20516,60686
2015-16,UTTAR PRADESH,MAHOBA,OTHERS,TOTAL,MEDIUM,6621,39505,6037,36516,12658,76022
2015-16,UTTAR PRADESH,MAHOBA,OTHERS,TOTAL,LARGE,384,4856,605,7867,989,12724
2015-16,UTTAR PRADESH,MAHOBA,OTHERS,TOTAL,ALL CLASSES,73470,124192,44448,94504,117918,218695
2015-16,UTTAR PRADESH,MAHOBA,INSTITUTIONAL,TOTAL,MARGINAL,0,0,0,0,91,46
2015-16,UTTAR PRADESH,MAHOBA,INSTITUTIONAL,TOTAL,SMALL,0,0,0,0,50,68
2015-16,UTTAR PRADESH,MAHOBA,INSTITUTIONAL,TOTAL,SEMIMEDIUM,0,0,0,0,54,155
2015-16,UTTAR PRADESH,MAHOBA,INSTITUTIONAL,TOTAL,MEDIUM,0,0,0,0,29,168
2015-16,UTTAR PRADESH,MAHOBA,INSTITUTIONAL,TOTAL,LARGE,0,0,0,0,9,246
2015-16,UTTAR PRADESH,MAHOBA,INSTITUTIONAL,TOTAL,ALL CLASSES,0,0,0,0,233,683
2015-16,UTTAR PRADESH,MAINPURI,SCHEDULED CASTE,TOTAL,MARGINAL,21298,7661,23598,9397,44896,17058
2015-16,UTTAR PRADESH,MAINPURI,SCHEDULED CASTE,TOTAL,SMALL,2159,2935,3173,4147,5332,7082
2015-16,UTTAR PRADESH,MAINPURI,SCHEDULED CASTE,TOTAL,SEMIMEDIUM,263,679,520,1347,783,2026
2015-16,UTTAR PRADESH,MAINPURI,SCHEDULED CASTE,TOTAL,MEDIUM,7,33,19,104,26,139
2015-16,UTTAR PRADESH,MAINPURI,SCHEDULED CASTE,TOTAL,LARGE,0,0,3,34,3,34
2015-16,UTTAR PRADESH,MAINPURI,SCHEDULED CASTE,TOTAL,ALL CLASSES,23727,11309,27313,15029,51040,26338
2015-16,UTTAR PRADESH,MAINPURI,SCHEDULED TRIBES,TOTAL,MARGINAL,0,0,0,0,0,0
2015-16,UTTAR PRADESH,MAINPURI,SCHEDULED TRIBES,TOTAL,SMALL,0,0,0,0,0,0
2015-16,UTTAR PRADESH,MAINPURI,SCHEDULED TRIBES,TOTAL,SEMIMEDIUM,0,0,0,0,0,0
2015-16,UTTAR PRADESH,MAINPURI,SCHEDULED TRIBES,TOTAL,MEDIUM,0,0,0,0,0,0
2015-16,UTTAR PRADESH,MAINPURI,SCHEDULED TRIBES,TOTAL,LARGE,0,0,0,0,0,0
2015-16,UTTAR PRADESH,MAINPURI,SCHEDULED TRIBES,TOTAL,ALL CLASSES,0,0,0,0,0,0
2015-16,UTTAR PRADESH,MAINPURI,OTHERS,TOTAL,MARGINAL,98888,38211,109449,46863,208337,85074
2015-16,UTTAR PRADESH,MAINPURI,OTHERS,TOTAL,SMALL,13880,20054,20408,29082,34288,49135
2015-16,UTTAR PRADESH,MAINPURI,OTHERS,TOTAL,SEMIMEDIUM,3569,9728,7090,19323,10659,29051
2015-16,UTTAR PRADESH,MAINPURI,OTHERS,TOTAL,MEDIUM,633,3303,1711,9397,2344,12699
2015-16,UTTAR PRADESH,MAINPURI,OTHERS,TOTAL,LARGE,15,188,73,984,88,1172
2015-16,UTTAR PRADESH,MAINPURI,OTHERS,TOTAL,ALL CLASSES,116985,71485,138731,105648,255716,177132
2015-16,UTTAR PRADESH,MAINPURI,INSTITUTIONAL,TOTAL,MARGINAL,0,0,0,0,142,60
2015-16,UTTAR PRADESH,MAINPURI,INSTITUTIONAL,TOTAL,SMALL,0,0,0,0,53,71
2015-16,UTTAR PRADESH,MAINPURI,INSTITUTIONAL,TOTAL,SEMIMEDIUM,0,0,0,0,40,106
2015-16,UTTAR PRADESH,MAINPURI,INSTITUTIONAL,TOTAL,MEDIUM,0,0,0,0,14,71
2015-16,UTTAR PRADESH,MAINPURI,INSTITUTIONAL,TOTAL,LARGE,0,0,0,0,0,0
2015-16,UTTAR PRADESH,MAINPURI,INSTITUTIONAL,TOTAL,ALL CLASSES,0,0,0,0,249,308
2015-16,UTTAR PRADESH,MATHURA,SCHEDULED CASTE,TOTAL,MARGINAL,10159,3871,10257,4427,20416,8298
2015-16,UTTAR PRADESH,MATHURA,SCHEDULED CASTE,TOTAL,SMALL,1645,2161,2403,3165,4048,5326
2015-16,UTTAR PRADESH,MATHURA,SCHEDULED CASTE,TOTAL,SEMIMEDIUM,461,1192,1251,3458,1712,4651
2015-16,UTTAR PRADESH,MATHURA,SCHEDULED CASTE,TOTAL,MEDIUM,66,330,398,2146,464,2475
2015-16,UTTAR PRADESH,MATHURA,SCHEDULED CASTE,TOTAL,LARGE,0,0,9,124,9,124
2015-16,UTTAR PRADESH,MATHURA,SCHEDULED CASTE,TOTAL,ALL CLASSES,12331,7554,14318,13319,26649,20873
2015-16,UTTAR PRADESH,MATHURA,SCHEDULED TRIBES,TOTAL,MARGINAL,0,0,0,0,0,0
2015-16,UTTAR PRADESH,MATHURA,SCHEDULED TRIBES,TOTAL,SMALL,0,0,0,0,0,0
2015-16,UTTAR PRADESH,MATHURA,SCHEDULED TRIBES,TOTAL,SEMIMEDIUM,0,0,0,0,0,0
2015-16,UTTAR PRADESH,MATHURA,SCHEDULED TRIBES,TOTAL,MEDIUM,0,0,0,0,0,0
2015-16,UTTAR PRADESH,MATHURA,SCHEDULED TRIBES,TOTAL,LARGE,0,0,0,0,0,0
2015-16,UTTAR PRADESH,MATHURA,SCHEDULED TRIBES,TOTAL,ALL CLASSES,0,0,0,0,0,0
2015-16,UTTAR PRADESH,MATHURA,OTHERS,TOTAL,MARGINAL,37872,16595,41289,18932,79161,35527
2015-16,UTTAR PRADESH,MATHURA,OTHERS,TOTAL,SMALL,14155,19806,22114,32819,36269,52625
2015-16,UTTAR PRADESH,MATHURA,OTHERS,TOTAL,SEMIMEDIUM,7975,21731,19566,53793,27541,75524
2015-16,UTTAR PRADESH,MATHURA,OTHERS,TOTAL,MEDIUM,2511,13380,10686,60141,13197,73520
2015-16,UTTAR PRADESH,MATHURA,OTHERS,TOTAL,LARGE,6,71,551,7138,557,7209
2015-16,UTTAR PRADESH,MATHURA,OTHERS,TOTAL,ALL CLASSES,62519,71582,94206,172823,156725,244404
2015-16,UTTAR PRADESH,MATHURA,INSTITUTIONAL,TOTAL,MARGINAL,0,0,0,0,198,109
2015-16,UTTAR PRADESH,MATHURA,INSTITUTIONAL,TOTAL,SMALL,0,0,0,0,184,257
2015-16,UTTAR PRADESH,MATHURA,INSTITUTIONAL,TOTAL,SEMIMEDIUM,0,0,0,0,115,321
2015-16,UTTAR PRADESH,MATHURA,INSTITUTIONAL,TOTAL,MEDIUM,0,0,0,0,73,413
2015-16,UTTAR PRADESH,MATHURA,INSTITUTIONAL,TOTAL,LARGE,0,0,0,0,31,941
2015-16,UTTAR PRADESH,MATHURA,INSTITUTIONAL,TOTAL,ALL CLASSES,0,0,0,0,601,2039
2015-16,UTTAR PRADESH,MAU,SCHEDULED CASTE,TOTAL,MARGINAL,36424,10158,4525,1189,40949,11347
2015-16,UTTAR PRADESH,MAU,SCHEDULED CASTE,TOTAL,SMALL,1242,1437,247,266,1489,1703
2015-16,UTTAR PRADESH,MAU,SCHEDULED CASTE,TOTAL,SEMIMEDIUM,108,269,22,53,130,321
2015-16,UTTAR PRADESH,MAU,SCHEDULED CASTE,TOTAL,MEDIUM,1,5,0,0,1,5
2015-16,UTTAR PRADESH,MAU,SCHEDULED CASTE,TOTAL,LARGE,0,0,0,0,0,0
2015-16,UTTAR PRADESH,MAU,SCHEDULED CASTE,TOTAL,ALL CLASSES,37775,11869,4794,1507,42569,13376
2015-16,UTTAR PRADESH,MAU,SCHEDULED TRIBES,TOTAL,MARGINAL,0,0,0,0,0,0
2015-16,UTTAR PRADESH,MAU,SCHEDULED TRIBES,TOTAL,SMALL,0,0,0,0,0,0
2015-16,UTTAR PRADESH,MAU,SCHEDULED TRIBES,TOTAL,SEMIMEDIUM,0,0,0,0,0,0
2015-16,UTTAR PRADESH,MAU,SCHEDULED TRIBES,TOTAL,MEDIUM,0,0,0,0,0,0
2015-16,UTTAR PRADESH,MAU,SCHEDULED TRIBES,TOTAL,LARGE,0,0,0,0,0,0
2015-16,UTTAR PRADESH,MAU,SCHEDULED TRIBES,TOTAL,ALL CLASSES,0,0,0,0,0,0
2015-16,UTTAR PRADESH,MAU,OTHERS,TOTAL,MARGINAL,161818,60658,14417,6835,176235,67492
2015-16,UTTAR PRADESH,MAU,OTHERS,TOTAL,SMALL,14911,22895,1378,1918,16289,24813
2015-16,UTTAR PRADESH,MAU,OTHERS,TOTAL,SEMIMEDIUM,5486,15312,564,1458,6050,16770
2015-16,UTTAR PRADESH,MAU,OTHERS,TOTAL,MEDIUM,924,5071,120,645,1044,5717
2015-16,UTTAR PRADESH,MAU,OTHERS,TOTAL,LARGE,46,679,7,110,53,788
2015-16,UTTAR PRADESH,MAU,OTHERS,TOTAL,ALL CLASSES,183185,104615,16486,10966,199671,115581
2015-16,UTTAR PRADESH,MAU,INSTITUTIONAL,TOTAL,MARGINAL,0,0,0,0,59,17
2015-16,UTTAR PRADESH,MAU,INSTITUTIONAL,TOTAL,SMALL,0,0,0,0,12,18
2015-16,UTTAR PRADESH,MAU,INSTITUTIONAL,TOTAL,SEMIMEDIUM,0,0,0,0,19,52
2015-16,UTTAR PRADESH,MAU,INSTITUTIONAL,TOTAL,MEDIUM,0,0,0,0,7,43
2015-16,UTTAR PRADESH,MAU,INSTITUTIONAL,TOTAL,LARGE,0,0,0,0,2,23
2015-16,UTTAR PRADESH,MAU,INSTITUTIONAL,TOTAL,ALL CLASSES,0,0,0,0,99,153
2015-16,UTTAR PRADESH,MEERUT,SCHEDULED CASTE,TOTAL,MARGINAL,9404,2770,8954,3432,18358,6202
2015-16,UTTAR PRADESH,MEERUT,SCHEDULED CASTE,TOTAL,SMALL,752,938,1741,2484,2493,3421
2015-16,UTTAR PRADESH,MEERUT,SCHEDULED CASTE,TOTAL,SEMIMEDIUM,220,588,655,1704,875,2293
2015-16,UTTAR PRADESH,MEERUT,SCHEDULED CASTE,TOTAL,MEDIUM,55,298,158,833,213,1133
2015-16,UTTAR PRADESH,MEERUT,SCHEDULED CASTE,TOTAL,LARGE,0,0,10,121,10,121
2015-16,UTTAR PRADESH,MEERUT,SCHEDULED CASTE,TOTAL,ALL CLASSES,10431,4594,11518,8576,21949,13170
2015-16,UTTAR PRADESH,MEERUT,SCHEDULED TRIBES,TOTAL,MARGINAL,0,0,0,0,0,0
2015-16,UTTAR PRADESH,MEERUT,SCHEDULED TRIBES,TOTAL,SMALL,0,0,0,0,0,0
2015-16,UTTAR PRADESH,MEERUT,SCHEDULED TRIBES,TOTAL,SEMIMEDIUM,0,0,0,0,0,0
2015-16,UTTAR PRADESH,MEERUT,SCHEDULED TRIBES,TOTAL,MEDIUM,0,0,0,0,0,0
2015-16,UTTAR PRADESH,MEERUT,SCHEDULED TRIBES,TOTAL,LARGE,0,0,0,0,0,0
2015-16,UTTAR PRADESH,MEERUT,SCHEDULED TRIBES,TOTAL,ALL CLASSES,0,0,0,0,0,0
2015-16,UTTAR PRADESH,MEERUT,OTHERS,TOTAL,MARGINAL,46257,15970,68902,32290,115159,48260
2015-16,UTTAR PRADESH,MEERUT,OTHERS,TOTAL,SMALL,10443,15025,22238,31525,32681,46550
2015-16,UTTAR PRADESH,MEERUT,OTHERS,TOTAL,SEMIMEDIUM,5043,14019,12720,35780,17763,49799
2015-16,UTTAR PRADESH,MEERUT,OTHERS,TOTAL,MEDIUM,1014,5139,4395,24367,5409,29505
2015-16,UTTAR PRADESH,MEERUT,OTHERS,TOTAL,LARGE,7,504,177,2532,184,3036
2015-16,UTTAR PRADESH,MEERUT,OTHERS,TOTAL,ALL CLASSES,62764,50657,108432,126495,171196,177152
2015-16,UTTAR PRADESH,MEERUT,INSTITUTIONAL,TOTAL,MARGINAL,0,0,0,0,175,82
2015-16,UTTAR PRADESH,MEERUT,INSTITUTIONAL,TOTAL,SMALL,0,0,0,0,91,127
2015-16,UTTAR PRADESH,MEERUT,INSTITUTIONAL,TOTAL,SEMIMEDIUM,0,0,0,0,57,168
2015-16,UTTAR PRADESH,MEERUT,INSTITUTIONAL,TOTAL,MEDIUM,0,0,0,0,39,229
2015-16,UTTAR PRADESH,MEERUT,INSTITUTIONAL,TOTAL,LARGE,0,0,0,0,11,422
2015-16,UTTAR PRADESH,MEERUT,INSTITUTIONAL,TOTAL,ALL CLASSES,0,0,0,0,373,1027
2015-16,UTTAR PRADESH,MIRZAPUR,SCHEDULED CASTE,TOTAL,MARGINAL,31323,9942,13321,4848,44644,14790
2015-16,UTTAR PRADESH,MIRZAPUR,SCHEDULED CASTE,TOTAL,SMALL,5684,7618,2758,3786,8442,11404
2015-16,UTTAR PRADESH,MIRZAPUR,SCHEDULED CASTE,TOTAL,SEMIMEDIUM,906,2342,1124,3027,2030,5369
2015-16,UTTAR PRADESH,MIRZAPUR,SCHEDULED CASTE,TOTAL,MEDIUM,118,620,282,1528,400,2148
2015-16,UTTAR PRADESH,MIRZAPUR,SCHEDULED CASTE,TOTAL,LARGE,1,23,46,1103,47,1126
2015-16,UTTAR PRADESH,MIRZAPUR,SCHEDULED CASTE,TOTAL,ALL CLASSES,38032,20544,17531,14291,55563,34835
2015-16,UTTAR PRADESH,MIRZAPUR,SCHEDULED TRIBES,TOTAL,MARGINAL,311,113,406,145,717,257
2015-16,UTTAR PRADESH,MIRZAPUR,SCHEDULED TRIBES,TOTAL,SMALL,15,18,28,35,43,53
2015-16,UTTAR PRADESH,MIRZAPUR,SCHEDULED TRIBES,TOTAL,SEMIMEDIUM,0,0,0,0,0,0
2015-16,UTTAR PRADESH,MIRZAPUR,SCHEDULED TRIBES,TOTAL,MEDIUM,0,0,0,0,0,0
2015-16,UTTAR PRADESH,MIRZAPUR,SCHEDULED TRIBES,TOTAL,LARGE,0,0,0,0,0,0
2015-16,UTTAR PRADESH,MIRZAPUR,SCHEDULED TRIBES,TOTAL,ALL CLASSES,326,131,434,180,760,310
2015-16,UTTAR PRADESH,MIRZAPUR,OTHERS,TOTAL,MARGINAL,76509,32635,70678,29930,147187,62565
2015-16,UTTAR PRADESH,MIRZAPUR,OTHERS,TOTAL,SMALL,14329,21827,14620,23213,28949,45040
2015-16,UTTAR PRADESH,MIRZAPUR,OTHERS,TOTAL,SEMIMEDIUM,7101,19863,9298,25445,16399,45308
2015-16,UTTAR PRADESH,MIRZAPUR,OTHERS,TOTAL,MEDIUM,2715,14407,3883,21245,6598,35651
2015-16,UTTAR PRADESH,MIRZAPUR,OTHERS,TOTAL,LARGE,168,2357,871,14787,1039,17144
2015-16,UTTAR PRADESH,MIRZAPUR,OTHERS,TOTAL,ALL CLASSES,100822,91089,99350,114619,200172,205708
2015-16,UTTAR PRADESH,MIRZAPUR,INSTITUTIONAL,TOTAL,MARGINAL,0,0,0,0,97,39
2015-16,UTTAR PRADESH,MIRZAPUR,INSTITUTIONAL,TOTAL,SMALL,0,0,0,0,28,37
2015-16,UTTAR PRADESH,MIRZAPUR,INSTITUTIONAL,TOTAL,SEMIMEDIUM,0,0,0,0,31,89
2015-16,UTTAR PRADESH,MIRZAPUR,INSTITUTIONAL,TOTAL,MEDIUM,0,0,0,0,12,68
2015-16,UTTAR PRADESH,MIRZAPUR,INSTITUTIONAL,TOTAL,LARGE,0,0,0,0,38,1869
2015-16,UTTAR PRADESH,MIRZAPUR,INSTITUTIONAL,TOTAL,ALL CLASSES,0,0,0,0,206,2103
2015-16,UTTAR PRADESH,MORADABAD,SCHEDULED CASTE,TOTAL,MARGINAL,13838,3711,9921,3694,23759,7403
2015-16,UTTAR PRADESH,MORADABAD,SCHEDULED CASTE,TOTAL,SMALL,904,1247,1537,2121,2441,3368
2015-16,UTTAR PRADESH,MORADABAD,SCHEDULED CASTE,TOTAL,SEMIMEDIUM,167,446,465,1192,632,1637
2015-16,UTTAR PRADESH,MORADABAD,SCHEDULED CASTE,TOTAL,MEDIUM,8,37,47,228,55,265
2015-16,UTTAR PRADESH,MORADABAD,SCHEDULED CASTE,TOTAL,LARGE,0,0,1,11,1,11
2015-16,UTTAR PRADESH,MORADABAD,SCHEDULED CASTE,TOTAL,ALL CLASSES,14917,5439,11971,7246,26888,12685
2015-16,UTTAR PRADESH,MORADABAD,SCHEDULED TRIBES,TOTAL,MARGINAL,0,0,0,0,0,0
2015-16,UTTAR PRADESH,MORADABAD,SCHEDULED TRIBES,TOTAL,SMALL,0,0,0,0,0,0
2015-16,UTTAR PRADESH,MORADABAD,SCHEDULED TRIBES,TOTAL,SEMIMEDIUM,0,0,0,0,0,0
2015-16,UTTAR PRADESH,MORADABAD,SCHEDULED TRIBES,TOTAL,MEDIUM,0,0,0,0,0,0
2015-16,UTTAR PRADESH,MORADABAD,SCHEDULED TRIBES,TOTAL,LARGE,0,0,0,0,0,0
2015-16,UTTAR PRADESH,MORADABAD,SCHEDULED TRIBES,TOTAL,ALL CLASSES,0,0,0,0,0,0
2015-16,UTTAR PRADESH,MORADABAD,OTHERS,TOTAL,MARGINAL,90333,30306,97502,39774,187835,70079
2015-16,UTTAR PRADESH,MORADABAD,OTHERS,TOTAL,SMALL,10565,14605,21482,30842,32047,45447
2015-16,UTTAR PRADESH,MORADABAD,OTHERS,TOTAL,SEMIMEDIUM,4293,11004,10547,28008,14840,39012
2015-16,UTTAR PRADESH,MORADABAD,OTHERS,TOTAL,MEDIUM,849,4694,2518,13684,3367,18379
2015-16,UTTAR PRADESH,MORADABAD,OTHERS,TOTAL,LARGE,5,58,143,1770,148,1828
2015-16,UTTAR PRADESH,MORADABAD,OTHERS,TOTAL,ALL CLASSES,106045,60667,132192,114078,238237,174745
2015-16,UTTAR PRADESH,MORADABAD,INSTITUTIONAL,TOTAL,MARGINAL,0,0,0,0,160,68
2015-16,UTTAR PRADESH,MORADABAD,INSTITUTIONAL,TOTAL,SMALL,0,0,0,0,50,69
2015-16,UTTAR PRADESH,MORADABAD,INSTITUTIONAL,TOTAL,SEMIMEDIUM,0,0,0,0,23,59
2015-16,UTTAR PRADESH,MORADABAD,INSTITUTIONAL,TOTAL,MEDIUM,0,0,0,0,12,61
2015-16,UTTAR PRADESH,MORADABAD,INSTITUTIONAL,TOTAL,LARGE,0,0,0,0,11,343
2015-16,UTTAR PRADESH,MORADABAD,INSTITUTIONAL,TOTAL,ALL CLASSES,0,0,0,0,256,599
2015-16,UTTAR PRADESH,MUZAFFARNAGAR,SCHEDULED CASTE,TOTAL,MARGINAL,12643,3013,9455,2748,22098,5762
2015-16,UTTAR PRADESH,MUZAFFARNAGAR,SCHEDULED CASTE,TOTAL,SMALL,587,801,1000,1376,1587,2178
2015-16,UTTAR PRADESH,MUZAFFARNAGAR,SCHEDULED CASTE,TOTAL,SEMIMEDIUM,186,492,430,1194,616,1686
2015-16,UTTAR PRADESH,MUZAFFARNAGAR,SCHEDULED CASTE,TOTAL,MEDIUM,16,79,116,617,132,695
2015-16,UTTAR PRADESH,MUZAFFARNAGAR,SCHEDULED CASTE,TOTAL,LARGE,0,0,2,24,2,24
2015-16,UTTAR PRADESH,MUZAFFARNAGAR,SCHEDULED CASTE,TOTAL,ALL CLASSES,13432,4385,11003,5958,24435,10344
2015-16,UTTAR PRADESH,MUZAFFARNAGAR,SCHEDULED TRIBES,TOTAL,MARGINAL,0,0,0,0,0,0
2015-16,UTTAR PRADESH,MUZAFFARNAGAR,SCHEDULED TRIBES,TOTAL,SMALL,0,0,0,0,0,0
2015-16,UTTAR PRADESH,MUZAFFARNAGAR,SCHEDULED TRIBES,TOTAL,SEMIMEDIUM,0,0,0,0,0,0
2015-16,UTTAR PRADESH,MUZAFFARNAGAR,SCHEDULED TRIBES,TOTAL,MEDIUM,0,0,0,0,0,0
2015-16,UTTAR PRADESH,MUZAFFARNAGAR,SCHEDULED TRIBES,TOTAL,LARGE,0,0,0,0,0,0
2015-16,UTTAR PRADESH,MUZAFFARNAGAR,SCHEDULED TRIBES,TOTAL,ALL CLASSES,0,0,0,0,0,0
2015-16,UTTAR PRADESH,MUZAFFARNAGAR,OTHERS,TOTAL,MARGINAL,61909,17482,75511,28592,137420,46074
2015-16,UTTAR PRADESH,MUZAFFARNAGAR,OTHERS,TOTAL,SMALL,12158,16811,22353,32165,34511,48977
2015-16,UTTAR PRADESH,MUZAFFARNAGAR,OTHERS,TOTAL,SEMIMEDIUM,6189,16956,14940,41018,21129,57975
2015-16,UTTAR PRADESH,MUZAFFARNAGAR,OTHERS,TOTAL,MEDIUM,1274,6443,5770,31222,7044,37666
2015-16,UTTAR PRADESH,MUZAFFARNAGAR,OTHERS,TOTAL,LARGE,31,596,175,2707,206,3303
2015-16,UTTAR PRADESH,MUZAFFARNAGAR,OTHERS,TOTAL,ALL CLASSES,81561,58289,118749,135705,200310,193994
2015-16,UTTAR PRADESH,MUZAFFARNAGAR,INSTITUTIONAL,TOTAL,MARGINAL,0,0,0,0,164,68
2015-16,UTTAR PRADESH,MUZAFFARNAGAR,INSTITUTIONAL,TOTAL,SMALL,0,0,0,0,49,67
2015-16,UTTAR PRADESH,MUZAFFARNAGAR,INSTITUTIONAL,TOTAL,SEMIMEDIUM,0,0,0,0,43,125
2015-16,UTTAR PRADESH,MUZAFFARNAGAR,INSTITUTIONAL,TOTAL,MEDIUM,0,0,0,0,33,200
2015-16,UTTAR PRADESH,MUZAFFARNAGAR,INSTITUTIONAL,TOTAL,LARGE,0,0,0,0,9,557
2015-16,UTTAR PRADESH,MUZAFFARNAGAR,INSTITUTIONAL,TOTAL,ALL CLASSES,0,0,0,0,298,1017
2015-16,UTTAR PRADESH,PILIBHIT,SCHEDULED CASTE,TOTAL,MARGINAL,12840,4883,8386,3571,21226,8455
2015-16,UTTAR PRADESH,PILIBHIT,SCHEDULED CASTE,TOTAL,SMALL,2201,2899,2128,2931,4329,5830
2015-16,UTTAR PRADESH,PILIBHIT,SCHEDULED CASTE,TOTAL,SEMIMEDIUM,419,1084,773,2073,1192,3157
2015-16,UTTAR PRADESH,PILIBHIT,SCHEDULED CASTE,TOTAL,MEDIUM,84,371,133,694,217,1066
2015-16,UTTAR PRADESH,PILIBHIT,SCHEDULED CASTE,TOTAL,LARGE,1,15,4,45,5,60
2015-16,UTTAR PRADESH,PILIBHIT,SCHEDULED CASTE,TOTAL,ALL CLASSES,15545,9252,11424,9315,26969,18567
2015-16,UTTAR PRADESH,PILIBHIT,SCHEDULED TRIBES,TOTAL,MARGINAL,20,7,11,5,31,12
2015-16,UTTAR PRADESH,PILIBHIT,SCHEDULED TRIBES,TOTAL,SMALL,15,17,2,2,17,20
2015-16,UTTAR PRADESH,PILIBHIT,SCHEDULED TRIBES,TOTAL,SEMIMEDIUM,2,5,6,17,8,22
2015-16,UTTAR PRADESH,PILIBHIT,SCHEDULED TRIBES,TOTAL,MEDIUM,2,13,3,19,5,32
2015-16,UTTAR PRADESH,PILIBHIT,SCHEDULED TRIBES,TOTAL,LARGE,0,0,0,0,0,0
2015-16,UTTAR PRADESH,PILIBHIT,SCHEDULED TRIBES,TOTAL,ALL CLASSES,39,42,22,42,61,84
2015-16,UTTAR PRADESH,PILIBHIT,OTHERS,TOTAL,MARGINAL,64965,23856,64124,27784,129089,51640
2015-16,UTTAR PRADESH,PILIBHIT,OTHERS,TOTAL,SMALL,15860,22406,22178,32848,38038,55253
2015-16,UTTAR PRADESH,PILIBHIT,OTHERS,TOTAL,SEMIMEDIUM,8335,22238,12259,32905,20594,55143
2015-16,UTTAR PRADESH,PILIBHIT,OTHERS,TOTAL,MEDIUM,2405,12054,3981,21489,6386,33542
2015-16,UTTAR PRADESH,PILIBHIT,OTHERS,TOTAL,LARGE,33,388,362,5264,395,5653
2015-16,UTTAR PRADESH,PILIBHIT,OTHERS,TOTAL,ALL CLASSES,91598,80941,102904,120291,194502,201231
2015-16,UTTAR PRADESH,PILIBHIT,INSTITUTIONAL,TOTAL,MARGINAL,0,0,0,0,193,84
2015-16,UTTAR PRADESH,PILIBHIT,INSTITUTIONAL,TOTAL,SMALL,0,0,0,0,58,83
2015-16,UTTAR PRADESH,PILIBHIT,INSTITUTIONAL,TOTAL,SEMIMEDIUM,0,0,0,0,41,122
2015-16,UTTAR PRADESH,PILIBHIT,INSTITUTIONAL,TOTAL,MEDIUM,0,0,0,0,22,132
2015-16,UTTAR PRADESH,PILIBHIT,INSTITUTIONAL,TOTAL,LARGE,0,0,0,0,10,324
2015-16,UTTAR PRADESH,PILIBHIT,INSTITUTIONAL,TOTAL,ALL CLASSES,0,0,0,0,324,744
2015-16,UTTAR PRADESH,PRATAPGARH,SCHEDULED CASTE,TOTAL,MARGINAL,50333,12775,28082,8115,78415,20888
2015-16,UTTAR PRADESH,PRATAPGARH,SCHEDULED CASTE,TOTAL,SMALL,767,985,594,732,1361,1717
2015-16,UTTAR PRADESH,PRATAPGARH,SCHEDULED CASTE,TOTAL,SEMIMEDIUM,61,148,57,140,118,288
2015-16,UTTAR PRADESH,PRATAPGARH,SCHEDULED CASTE,TOTAL,MEDIUM,0,0,1,4,1,4
2015-16,UTTAR PRADESH,PRATAPGARH,SCHEDULED CASTE,TOTAL,LARGE,0,0,0,0,0,0
2015-16,UTTAR PRADESH,PRATAPGARH,SCHEDULED CASTE,TOTAL,ALL CLASSES,51161,13907,28734,8991,79895,22898
2015-16,UTTAR PRADESH,PRATAPGARH,SCHEDULED TRIBES,TOTAL,MARGINAL,0,0,0,0,0,0
2015-16,UTTAR PRADESH,PRATAPGARH,SCHEDULED TRIBES,TOTAL,SMALL,0,0,0,0,0,0
2015-16,UTTAR PRADESH,PRATAPGARH,SCHEDULED TRIBES,TOTAL,SEMIMEDIUM,0,0,0,0,0,0
2015-16,UTTAR PRADESH,PRATAPGARH,SCHEDULED TRIBES,TOTAL,MEDIUM,0,0,0,0,0,0
2015-16,UTTAR PRADESH,PRATAPGARH,SCHEDULED TRIBES,TOTAL,LARGE,0,0,0,0,0,0
2015-16,UTTAR PRADESH,PRATAPGARH,SCHEDULED TRIBES,TOTAL,ALL CLASSES,0,0,0,0,0,0
2015-16,UTTAR PRADESH,PRATAPGARH,OTHERS,TOTAL,MARGINAL,218076,90242,148545,63235,366621,153477
2015-16,UTTAR PRADESH,PRATAPGARH,OTHERS,TOTAL,SMALL,17846,26163,20723,27313,38569,53476
2015-16,UTTAR PRADESH,PRATAPGARH,OTHERS,TOTAL,SEMIMEDIUM,4927,12889,7827,20319,12754,33208
2015-16,UTTAR PRADESH,PRATAPGARH,OTHERS,TOTAL,MEDIUM,521,2642,1420,7495,1941,10137
2015-16,UTTAR PRADESH,PRATAPGARH,OTHERS,TOTAL,LARGE,4,72,44,636,48,708
2015-16,UTTAR PRADESH,PRATAPGARH,OTHERS,TOTAL,ALL CLASSES,241374,132009,178559,118996,419933,251006
2015-16,UTTAR PRADESH,PRATAPGARH,INSTITUTIONAL,TOTAL,MARGINAL,0,0,0,0,177,60
2015-16,UTTAR PRADESH,PRATAPGARH,INSTITUTIONAL,TOTAL,SMALL,0,0,0,0,56,78
2015-16,UTTAR PRADESH,PRATAPGARH,INSTITUTIONAL,TOTAL,SEMIMEDIUM,0,0,0,0,24,70
2015-16,UTTAR PRADESH,PRATAPGARH,INSTITUTIONAL,TOTAL,MEDIUM,0,0,0,0,15,83
2015-16,UTTAR PRADESH,PRATAPGARH,INSTITUTIONAL,TOTAL,LARGE,0,0,0,0,0,0
2015-16,UTTAR PRADESH,PRATAPGARH,INSTITUTIONAL,TOTAL,ALL CLASSES,0,0,0,0,272,291
2015-16,UTTAR PRADESH,RAEBARELI,SCHEDULED CASTE,TOTAL,MARGINAL,56393,17249,51252,18673,107645,35922
2015-16,UTTAR PRADESH,RAEBARELI,SCHEDULED CASTE,TOTAL,SMALL,2742,3181,4783,5989,7525,9170
2015-16,UTTAR PRADESH,RAEBARELI,SCHEDULED CASTE,TOTAL,SEMIMEDIUM,286,736,940,2329,1226,3064
2015-16,UTTAR PRADESH,RAEBARELI,SCHEDULED CASTE,TOTAL,MEDIUM,22,106,45,238,67,344
2015-16,UTTAR PRADESH,RAEBARELI,SCHEDULED CASTE,TOTAL,LARGE,0,0,2,26,2,26
2015-16,UTTAR PRADESH,RAEBARELI,SCHEDULED CASTE,TOTAL,ALL CLASSES,59443,21273,57022,27253,116465,48526
2015-16,UTTAR PRADESH,RAEBARELI,SCHEDULED TRIBES,TOTAL,MARGINAL,0,0,0,0,0,0
2015-16,UTTAR PRADESH,RAEBARELI,SCHEDULED TRIBES,TOTAL,SMALL,0,0,0,0,0,0
2015-16,UTTAR PRADESH,RAEBARELI,SCHEDULED TRIBES,TOTAL,SEMIMEDIUM,0,0,0,0,0,0
2015-16,UTTAR PRADESH,RAEBARELI,SCHEDULED TRIBES,TOTAL,MEDIUM,0,0,0,0,0,0
2015-16,UTTAR PRADESH,RAEBARELI,SCHEDULED TRIBES,TOTAL,LARGE,0,0,0,0,0,0
2015-16,UTTAR PRADESH,RAEBARELI,SCHEDULED TRIBES,TOTAL,ALL CLASSES,0,0,0,0,0,0
2015-16,UTTAR PRADESH,RAEBARELI,OTHERS,TOTAL,MARGINAL,136953,53510,143504,61545,280457,115055
2015-16,UTTAR PRADESH,RAEBARELI,OTHERS,TOTAL,SMALL,13529,17033,25238,31688,38767,48721
2015-16,UTTAR PRADESH,RAEBARELI,OTHERS,TOTAL,SEMIMEDIUM,4237,10931,10355,27422,14592,38354
2015-16,UTTAR PRADESH,RAEBARELI,OTHERS,TOTAL,MEDIUM,650,3410,2233,11999,2883,15410
2015-16,UTTAR PRADESH,RAEBARELI,OTHERS,TOTAL,LARGE,4,48,81,1019,85,1067
2015-16,UTTAR PRADESH,RAEBARELI,OTHERS,TOTAL,ALL CLASSES,155373,84932,181411,133674,336784,218606
2015-16,UTTAR PRADESH,RAEBARELI,INSTITUTIONAL,TOTAL,MARGINAL,0,0,0,0,167,70
2015-16,UTTAR PRADESH,RAEBARELI,INSTITUTIONAL,TOTAL,SMALL,0,0,0,0,36,52
2015-16,UTTAR PRADESH,RAEBARELI,INSTITUTIONAL,TOTAL,SEMIMEDIUM,0,0,0,0,35,105
2015-16,UTTAR PRADESH,RAEBARELI,INSTITUTIONAL,TOTAL,MEDIUM,0,0,0,0,28,174
2015-16,UTTAR PRADESH,RAEBARELI,INSTITUTIONAL,TOTAL,LARGE,0,0,0,0,6,80
2015-16,UTTAR PRADESH,RAEBARELI,INSTITUTIONAL,TOTAL,ALL CLASSES,0,0,0,0,272,482
2015-16,UTTAR PRADESH,RAMABAI NAGAR/KANPUR DEHA,SCHEDULED CASTE,TOTAL,MARGINAL,28472,9053,25372,9600,53844,18653
2015-16,UTTAR PRADESH,RAMABAI NAGAR/KANPUR DEHA,SCHEDULED CASTE,TOTAL,SMALL,1628,2136,3305,4445,4933,6581
2015-16,UTTAR PRADESH,RAMABAI NAGAR/KANPUR DEHA,SCHEDULED CASTE,TOTAL,SEMIMEDIUM,190,503,825,2181,1015,2686
2015-16,UTTAR PRADESH,RAMABAI NAGAR/KANPUR DEHA,SCHEDULED CASTE,TOTAL,MEDIUM,26,125,163,909,189,1035
2015-16,UTTAR PRADESH,RAMABAI NAGAR/KANPUR DEHA,SCHEDULED CASTE,TOTAL,LARGE,0,0,8,105,8,105
2015-16,UTTAR PRADESH,RAMABAI NAGAR/KANPUR DEHA,SCHEDULED CASTE,TOTAL,ALL CLASSES,30316,11818,29673,17242,59989,29060
2015-16,UTTAR PRADESH,RAMABAI NAGAR/KANPUR DEHA,SCHEDULED TRIBES,TOTAL,MARGINAL,0,0,0,0,0,0
2015-16,UTTAR PRADESH,RAMABAI NAGAR/KANPUR DEHA,SCHEDULED TRIBES,TOTAL,SMALL,0,0,0,0,0,0
2015-16,UTTAR PRADESH,RAMABAI NAGAR/KANPUR DEHA,SCHEDULED TRIBES,TOTAL,SEMIMEDIUM,0,0,0,0,0,0
2015-16,UTTAR PRADESH,RAMABAI NAGAR/KANPUR DEHA,SCHEDULED TRIBES,TOTAL,MEDIUM,0,0,0,0,0,0
2015-16,UTTAR PRADESH,RAMABAI NAGAR/KANPUR DEHA,SCHEDULED TRIBES,TOTAL,LARGE,0,0,0,0,0,0
2015-16,UTTAR PRADESH,RAMABAI NAGAR/KANPUR DEHA,SCHEDULED TRIBES,TOTAL,ALL CLASSES,0,0,0,0,0,0
2015-16,UTTAR PRADESH,RAMABAI NAGAR/KANPUR DEHA,OTHERS,TOTAL,MARGINAL,81533,28071,94051,38250,175584,66321
2015-16,UTTAR PRADESH,RAMABAI NAGAR/KANPUR DEHA,OTHERS,TOTAL,SMALL,11666,16041,27336,37518,39002,53559
2015-16,UTTAR PRADESH,RAMABAI NAGAR/KANPUR DEHA,OTHERS,TOTAL,SEMIMEDIUM,4125,11032,13027,35427,17152,46458
2015-16,UTTAR PRADESH,RAMABAI NAGAR/KANPUR DEHA,OTHERS,TOTAL,MEDIUM,715,3643,3543,19087,4258,22730
2015-16,UTTAR PRADESH,RAMABAI NAGAR/KANPUR DEHA,OTHERS,TOTAL,LARGE,4,48,124,1710,128,1758
2015-16,UTTAR PRADESH,RAMABAI NAGAR/KANPUR DEHA,OTHERS,TOTAL,ALL CLASSES,98043,58834,138081,131992,236124,190826
2015-16,UTTAR PRADESH,RAMABAI NAGAR/KANPUR DEHA,INSTITUTIONAL,TOTAL,MARGINAL,0,0,0,0,668,280
2015-16,UTTAR PRADESH,RAMABAI NAGAR/KANPUR DEHA,INSTITUTIONAL,TOTAL,SMALL,0,0,0,0,237,334
2015-16,UTTAR PRADESH,RAMABAI NAGAR/KANPUR DEHA,INSTITUTIONAL,TOTAL,SEMIMEDIUM,0,0,0,0,162,428
2015-16,UTTAR PRADESH,RAMABAI NAGAR/KANPUR DEHA,INSTITUTIONAL,TOTAL,MEDIUM,0,0,0,0,64,371
2015-16,UTTAR PRADESH,RAMABAI NAGAR/KANPUR DEHA,INSTITUTIONAL,TOTAL,LARGE,0,0,0,0,19,865
2015-16,UTTAR PRADESH,RAMABAI NAGAR/KANPUR DEHA,INSTITUTIONAL,TOTAL,ALL CLASSES,0,0,0,0,1150,2279
2015-16,UTTAR PRADESH,RAMPUR,SCHEDULED CASTE,TOTAL,MARGINAL,10273,3451,10033,4213,20306,7664
2015-16,UTTAR PRADESH,RAMPUR,SCHEDULED CASTE,TOTAL,SMALL,1284,1761,2391,3110,3675,4871
2015-16,UTTAR PRADESH,RAMPUR,SCHEDULED CASTE,TOTAL,SEMIMEDIUM,346,897,697,1871,1043,2767
2015-16,UTTAR PRADESH,RAMPUR,SCHEDULED CASTE,TOTAL,MEDIUM,30,136,78,382,108,519
2015-16,UTTAR PRADESH,RAMPUR,SCHEDULED CASTE,TOTAL,LARGE,0,0,0,0,0,0
2015-16,UTTAR PRADESH,RAMPUR,SCHEDULED CASTE,TOTAL,ALL CLASSES,11933,6244,13199,9576,25132,15821
2015-16,UTTAR PRADESH,RAMPUR,SCHEDULED TRIBES,TOTAL,MARGINAL,0,0,0,0,0,0
2015-16,UTTAR PRADESH,RAMPUR,SCHEDULED TRIBES,TOTAL,SMALL,0,0,0,0,0,0
2015-16,UTTAR PRADESH,RAMPUR,SCHEDULED TRIBES,TOTAL,SEMIMEDIUM,0,0,0,0,0,0
2015-16,UTTAR PRADESH,RAMPUR,SCHEDULED TRIBES,TOTAL,MEDIUM,0,0,0,0,0,0
2015-16,UTTAR PRADESH,RAMPUR,SCHEDULED TRIBES,TOTAL,LARGE,0,0,0,0,0,0
2015-16,UTTAR PRADESH,RAMPUR,SCHEDULED TRIBES,TOTAL,ALL CLASSES,0,0,0,0,0,0
2015-16,UTTAR PRADESH,RAMPUR,OTHERS,TOTAL,MARGINAL,74812,25565,68541,29120,143353,54685
2015-16,UTTAR PRADESH,RAMPUR,OTHERS,TOTAL,SMALL,13029,18106,21307,29465,34336,47571
2015-16,UTTAR PRADESH,RAMPUR,OTHERS,TOTAL,SEMIMEDIUM,6489,17652,10511,28001,17000,45654
2015-16,UTTAR PRADESH,RAMPUR,OTHERS,TOTAL,MEDIUM,1615,8064,2722,14669,4337,22732
2015-16,UTTAR PRADESH,RAMPUR,OTHERS,TOTAL,LARGE,8,102,104,1341,112,1443
2015-16,UTTAR PRADESH,RAMPUR,OTHERS,TOTAL,ALL CLASSES,95953,69489,103185,102597,199138,172087
2015-16,UTTAR PRADESH,RAMPUR,INSTITUTIONAL,TOTAL,MARGINAL,0,0,0,0,194,79
2015-16,UTTAR PRADESH,RAMPUR,INSTITUTIONAL,TOTAL,SMALL,0,0,0,0,58,85
2015-16,UTTAR PRADESH,RAMPUR,INSTITUTIONAL,TOTAL,SEMIMEDIUM,0,0,0,0,39,107
2015-16,UTTAR PRADESH,RAMPUR,INSTITUTIONAL,TOTAL,MEDIUM,0,0,0,0,27,152
2015-16,UTTAR PRADESH,RAMPUR,INSTITUTIONAL,TOTAL,LARGE,0,0,0,0,37,1494
2015-16,UTTAR PRADESH,RAMPUR,INSTITUTIONAL,TOTAL,ALL CLASSES,0,0,0,0,355,1916
2015-16,UTTAR PRADESH,SAHARANPUR,SCHEDULED CASTE,TOTAL,MARGINAL,20634,5898,13363,4840,33997,10738
2015-16,UTTAR PRADESH,SAHARANPUR,SCHEDULED CASTE,TOTAL,SMALL,1485,1998,2126,2824,3611,4822
2015-16,UTTAR PRADESH,SAHARANPUR,SCHEDULED CASTE,TOTAL,SEMIMEDIUM,375,989,811,2099,1186,3088
2015-16,UTTAR PRADESH,SAHARANPUR,SCHEDULED CASTE,TOTAL,MEDIUM,38,191,187,945,225,1135
2015-16,UTTAR PRADESH,SAHARANPUR,SCHEDULED CASTE,TOTAL,LARGE,0,0,1,11,1,11
2015-16,UTTAR PRADESH,SAHARANPUR,SCHEDULED CASTE,TOTAL,ALL CLASSES,22532,9075,16488,10720,39020,19795
2015-16,UTTAR PRADESH,SAHARANPUR,SCHEDULED TRIBES,TOTAL,MARGINAL,0,0,0,0,0,0
2015-16,UTTAR PRADESH,SAHARANPUR,SCHEDULED TRIBES,TOTAL,SMALL,0,0,0,0,0,0
2015-16,UTTAR PRADESH,SAHARANPUR,SCHEDULED TRIBES,TOTAL,SEMIMEDIUM,0,0,0,0,0,0
2015-16,UTTAR PRADESH,SAHARANPUR,SCHEDULED TRIBES,TOTAL,MEDIUM,0,0,0,0,0,0
2015-16,UTTAR PRADESH,SAHARANPUR,SCHEDULED TRIBES,TOTAL,LARGE,0,0,0,0,0,0
2015-16,UTTAR PRADESH,SAHARANPUR,SCHEDULED TRIBES,TOTAL,ALL CLASSES,0,0,0,0,0,0
2015-16,UTTAR PRADESH,SAHARANPUR,OTHERS,TOTAL,MARGINAL,70784,32045,63862,31835,134646,63880
2015-16,UTTAR PRADESH,SAHARANPUR,OTHERS,TOTAL,SMALL,19890,31093,24536,36305,44426,67398
2015-16,UTTAR PRADESH,SAHARANPUR,OTHERS,TOTAL,SEMIMEDIUM,13318,37300,20247,57126,33565,94428
2015-16,UTTAR PRADESH,SAHARANPUR,OTHERS,TOTAL,MEDIUM,2342,11489,6065,32726,8407,44215
2015-16,UTTAR PRADESH,SAHARANPUR,OTHERS,TOTAL,LARGE,5,53,240,3074,245,3126
2015-16,UTTAR PRADESH,SAHARANPUR,OTHERS,TOTAL,ALL CLASSES,106339,111980,114950,161066,221289,273046
2015-16,UTTAR PRADESH,SAHARANPUR,INSTITUTIONAL,TOTAL,MARGINAL,0,0,0,0,566,219
2015-16,UTTAR PRADESH,SAHARANPUR,INSTITUTIONAL,TOTAL,SMALL,0,0,0,0,131,181
2015-16,UTTAR PRADESH,SAHARANPUR,INSTITUTIONAL,TOTAL,SEMIMEDIUM,0,0,0,0,91,254
2015-16,UTTAR PRADESH,SAHARANPUR,INSTITUTIONAL,TOTAL,MEDIUM,0,0,0,0,34,194
2015-16,UTTAR PRADESH,SAHARANPUR,INSTITUTIONAL,TOTAL,LARGE,0,0,0,0,6,204
2015-16,UTTAR PRADESH,SAHARANPUR,INSTITUTIONAL,TOTAL,ALL CLASSES,0,0,0,0,828,1051
2015-16,UTTAR PRADESH,SAMBHAL,SCHEDULED CASTE,TOTAL,MARGINAL,18168,4561,14688,5431,32856,9993
2015-16,UTTAR PRADESH,SAMBHAL,SCHEDULED CASTE,TOTAL,SMALL,1022,1336,1955,2595,2977,3931
2015-16,UTTAR PRADESH,SAMBHAL,SCHEDULED CASTE,TOTAL,SEMIMEDIUM,185,461,486,1259,671,1720
2015-16,UTTAR PRADESH,SAMBHAL,SCHEDULED CASTE,TOTAL,MEDIUM,24,109,43,215,67,325
2015-16,UTTAR PRADESH,SAMBHAL,SCHEDULED CASTE,TOTAL,LARGE,0,0,1,15,1,15
2015-16,UTTAR PRADESH,SAMBHAL,SCHEDULED CASTE,TOTAL,ALL CLASSES,19399,6467,17173,9516,36572,15983
2015-16,UTTAR PRADESH,SAMBHAL,SCHEDULED TRIBES,TOTAL,MARGINAL,0,0,0,0,0,0
2015-16,UTTAR PRADESH,SAMBHAL,SCHEDULED TRIBES,TOTAL,SMALL,0,0,0,0,0,0
2015-16,UTTAR PRADESH,SAMBHAL,SCHEDULED TRIBES,TOTAL,SEMIMEDIUM,0,0,0,0,0,0
2015-16,UTTAR PRADESH,SAMBHAL,SCHEDULED TRIBES,TOTAL,MEDIUM,0,0,0,0,0,0
2015-16,UTTAR PRADESH,SAMBHAL,SCHEDULED TRIBES,TOTAL,LARGE,0,0,0,0,0,0
2015-16,UTTAR PRADESH,SAMBHAL,SCHEDULED TRIBES,TOTAL,ALL CLASSES,0,0,0,0,0,0
2015-16,UTTAR PRADESH,SAMBHAL,OTHERS,TOTAL,MARGINAL,116879,36951,106206,42408,223085,79358
2015-16,UTTAR PRADESH,SAMBHAL,OTHERS,TOTAL,SMALL,12756,17513,19477,26507,32233,44020
2015-16,UTTAR PRADESH,SAMBHAL,OTHERS,TOTAL,SEMIMEDIUM,4543,12655,11532,32489,16075,45144
2015-16,UTTAR PRADESH,SAMBHAL,OTHERS,TOTAL,MEDIUM,597,2956,2230,11778,2827,14734
2015-16,UTTAR PRADESH,SAMBHAL,OTHERS,TOTAL,LARGE,4,57,75,930,79,986
2015-16,UTTAR PRADESH,SAMBHAL,OTHERS,TOTAL,ALL CLASSES,134779,70132,139520,114111,274299,184243
2015-16,UTTAR PRADESH,SAMBHAL,INSTITUTIONAL,TOTAL,MARGINAL,0,0,0,0,137,61
2015-16,UTTAR PRADESH,SAMBHAL,INSTITUTIONAL,TOTAL,SMALL,0,0,0,0,23,35
2015-16,UTTAR PRADESH,SAMBHAL,INSTITUTIONAL,TOTAL,SEMIMEDIUM,0,0,0,0,18,43
2015-16,UTTAR PRADESH,SAMBHAL,INSTITUTIONAL,TOTAL,MEDIUM,0,0,0,0,10,57
2015-16,UTTAR PRADESH,SAMBHAL,INSTITUTIONAL,TOTAL,LARGE,0,0,0,0,3,121
2015-16,UTTAR PRADESH,SAMBHAL,INSTITUTIONAL,TOTAL,ALL CLASSES,0,0,0,0,191,319
2015-16,UTTAR PRADESH,SANT KABIR NAGAR,SCHEDULED CASTE,TOTAL,MARGINAL,16751,4165,17217,4961,33968,9126
2015-16,UTTAR PRADESH,SANT KABIR NAGAR,SCHEDULED CASTE,TOTAL,SMALL,272,357,739,967,1011,1324
2015-16,UTTAR PRADESH,SANT KABIR NAGAR,SCHEDULED CASTE,TOTAL,SEMIMEDIUM,32,81,91,228,123,309
2015-16,UTTAR PRADESH,SANT KABIR NAGAR,SCHEDULED CASTE,TOTAL,MEDIUM,0,0,13,71,13,71
2015-16,UTTAR PRADESH,SANT KABIR NAGAR,SCHEDULED CASTE,TOTAL,LARGE,0,0,0,0,0,0
2015-16,UTTAR PRADESH,SANT KABIR NAGAR,SCHEDULED CASTE,TOTAL,ALL CLASSES,17055,4603,18060,6227,35115,10830
2015-16,UTTAR PRADESH,SANT KABIR NAGAR,SCHEDULED TRIBES,TOTAL,MARGINAL,0,0,0,0,0,0
2015-16,UTTAR PRADESH,SANT KABIR NAGAR,SCHEDULED TRIBES,TOTAL,SMALL,0,0,0,0,0,0
2015-16,UTTAR PRADESH,SANT KABIR NAGAR,SCHEDULED TRIBES,TOTAL,SEMIMEDIUM,0,0,0,0,0,0
2015-16,UTTAR PRADESH,SANT KABIR NAGAR,SCHEDULED TRIBES,TOTAL,MEDIUM,0,0,0,0,0,0
2015-16,UTTAR PRADESH,SANT KABIR NAGAR,SCHEDULED TRIBES,TOTAL,LARGE,0,0,0,0,0,0
2015-16,UTTAR PRADESH,SANT KABIR NAGAR,SCHEDULED TRIBES,TOTAL,ALL CLASSES,0,0,0,0,0,0
2015-16,UTTAR PRADESH,SANT KABIR NAGAR,OTHERS,TOTAL,MARGINAL,58817,17943,105816,35387,164633,53330
2015-16,UTTAR PRADESH,SANT KABIR NAGAR,OTHERS,TOTAL,SMALL,5988,8605,14998,19122,20986,27728
2015-16,UTTAR PRADESH,SANT KABIR NAGAR,OTHERS,TOTAL,SEMIMEDIUM,1990,5599,5675,15312,7665,20911
2015-16,UTTAR PRADESH,SANT KABIR NAGAR,OTHERS,TOTAL,MEDIUM,275,1471,1256,6908,1531,8379
2015-16,UTTAR PRADESH,SANT KABIR NAGAR,OTHERS,TOTAL,LARGE,5,63,57,733,62,796
2015-16,UTTAR PRADESH,SANT KABIR NAGAR,OTHERS,TOTAL,ALL CLASSES,67075,33681,127802,77462,194877,111143
2015-16,UTTAR PRADESH,SANT KABIR NAGAR,INSTITUTIONAL,TOTAL,MARGINAL,0,0,0,0,74,25
2015-16,UTTAR PRADESH,SANT KABIR NAGAR,INSTITUTIONAL,TOTAL,SMALL,0,0,0,0,10,15
2015-16,UTTAR PRADESH,SANT KABIR NAGAR,INSTITUTIONAL,TOTAL,SEMIMEDIUM,0,0,0,0,4,11
2015-16,UTTAR PRADESH,SANT KABIR NAGAR,INSTITUTIONAL,TOTAL,MEDIUM,0,0,0,0,8,57
2015-16,UTTAR PRADESH,SANT KABIR NAGAR,INSTITUTIONAL,TOTAL,LARGE,0,0,0,0,1,15
2015-16,UTTAR PRADESH,SANT KABIR NAGAR,INSTITUTIONAL,TOTAL,ALL CLASSES,0,0,0,0,97,123
2015-16,UTTAR PRADESH,SANT RAVIDAS NAGAR,SCHEDULED CASTE,TOTAL,MARGINAL,9746,1728,11272,2355,21018,4083
2015-16,UTTAR PRADESH,SANT RAVIDAS NAGAR,SCHEDULED CASTE,TOTAL,SMALL,34,45,60,79,94,124
2015-16,UTTAR PRADESH,SANT RAVIDAS NAGAR,SCHEDULED CASTE,TOTAL,SEMIMEDIUM,1,2,10,25,11,27
2015-16,UTTAR PRADESH,SANT RAVIDAS NAGAR,SCHEDULED CASTE,TOTAL,MEDIUM,0,0,0,0,0,0
2015-16,UTTAR PRADESH,SANT RAVIDAS NAGAR,SCHEDULED CASTE,TOTAL,LARGE,0,0,0,0,0,0
2015-16,UTTAR PRADESH,SANT RAVIDAS NAGAR,SCHEDULED CASTE,TOTAL,ALL CLASSES,9781,1775,11342,2459,21123,4234
2015-16,UTTAR PRADESH,SANT RAVIDAS NAGAR,SCHEDULED TRIBES,TOTAL,MARGINAL,0,0,0,0,0,0
2015-16,UTTAR PRADESH,SANT RAVIDAS NAGAR,SCHEDULED TRIBES,TOTAL,SMALL,0,0,0,0,0,0
2015-16,UTTAR PRADESH,SANT RAVIDAS NAGAR,SCHEDULED TRIBES,TOTAL,SEMIMEDIUM,0,0,0,0,0,0
2015-16,UTTAR PRADESH,SANT RAVIDAS NAGAR,SCHEDULED TRIBES,TOTAL,MEDIUM,0,0,0,0,0,0
2015-16,UTTAR PRADESH,SANT RAVIDAS NAGAR,SCHEDULED TRIBES,TOTAL,LARGE,0,0,0,0,0,0
2015-16,UTTAR PRADESH,SANT RAVIDAS NAGAR,SCHEDULED TRIBES,TOTAL,ALL CLASSES,0,0,0,0,0,0
2015-16,UTTAR PRADESH,SANT RAVIDAS NAGAR,OTHERS,TOTAL,MARGINAL,41874,10524,111665,45267,153539,55791
2015-16,UTTAR PRADESH,SANT RAVIDAS NAGAR,OTHERS,TOTAL,SMALL,2084,2744,6540,8767,8624,11511
2015-16,UTTAR PRADESH,SANT RAVIDAS NAGAR,OTHERS,TOTAL,SEMIMEDIUM,409,1057,1768,4643,2177,5700
2015-16,UTTAR PRADESH,SANT RAVIDAS NAGAR,OTHERS,TOTAL,MEDIUM,34,182,296,1579,330,1761
2015-16,UTTAR PRADESH,SANT RAVIDAS NAGAR,OTHERS,TOTAL,LARGE,0,0,8,108,8,108
2015-16,UTTAR PRADESH,SANT RAVIDAS NAGAR,OTHERS,TOTAL,ALL CLASSES,44401,14507,120277,60363,164678,74870
2015-16,UTTAR PRADESH,SANT RAVIDAS NAGAR,INSTITUTIONAL,TOTAL,MARGINAL,0,0,0,0,14,3
2015-16,UTTAR PRADESH,SANT RAVIDAS NAGAR,INSTITUTIONAL,TOTAL,SMALL,0,0,0,0,3,3
2015-16,UTTAR PRADESH,SANT RAVIDAS NAGAR,INSTITUTIONAL,TOTAL,SEMIMEDIUM,0,0,0,0,1,2
2015-16,UTTAR PRADESH,SANT RAVIDAS NAGAR,INSTITUTIONAL,TOTAL,MEDIUM,0,0,0,0,2,9
2015-16,UTTAR PRADESH,SANT RAVIDAS NAGAR,INSTITUTIONAL,TOTAL,LARGE,0,0,0,0,1,12
2015-16,UTTAR PRADESH,SANT RAVIDAS NAGAR,INSTITUTIONAL,TOTAL,ALL CLASSES,0,0,0,0,21,29
2015-16,UTTAR PRADESH,SHAHJAHANPUR,SCHEDULED CASTE,TOTAL,MARGINAL,28389,9894,24104,10083,52493,19976
2015-16,UTTAR PRADESH,SHAHJAHANPUR,SCHEDULED CASTE,TOTAL,SMALL,3410,4361,4425,5628,7835,9989
2015-16,UTTAR PRADESH,SHAHJAHANPUR,SCHEDULED CASTE,TOTAL,SEMIMEDIUM,677,1692,1332,3298,2009,4992
2015-16,UTTAR PRADESH,SHAHJAHANPUR,SCHEDULED CASTE,TOTAL,MEDIUM,44,221,157,806,201,1027
2015-16,UTTAR PRADESH,SHAHJAHANPUR,SCHEDULED CASTE,TOTAL,LARGE,0,0,0,0,0,0
2015-16,UTTAR PRADESH,SHAHJAHANPUR,SCHEDULED CASTE,TOTAL,ALL CLASSES,32520,16167,30018,19816,62538,35983
2015-16,UTTAR PRADESH,SHAHJAHANPUR,SCHEDULED TRIBES,TOTAL,MARGINAL,0,0,0,0,0,0
2015-16,UTTAR PRADESH,SHAHJAHANPUR,SCHEDULED TRIBES,TOTAL,SMALL,0,0,0,0,0,0
2015-16,UTTAR PRADESH,SHAHJAHANPUR,SCHEDULED TRIBES,TOTAL,SEMIMEDIUM,0,0,0,0,0,0
2015-16,UTTAR PRADESH,SHAHJAHANPUR,SCHEDULED TRIBES,TOTAL,MEDIUM,0,0,0,0,0,0
2015-16,UTTAR PRADESH,SHAHJAHANPUR,SCHEDULED TRIBES,TOTAL,LARGE,0,0,0,0,0,0
2015-16,UTTAR PRADESH,SHAHJAHANPUR,SCHEDULED TRIBES,TOTAL,ALL CLASSES,0,0,0,0,0,0
2015-16,UTTAR PRADESH,SHAHJAHANPUR,OTHERS,TOTAL,MARGINAL,121351,57115,149636,68643,270987,125758
2015-16,UTTAR PRADESH,SHAHJAHANPUR,OTHERS,TOTAL,SMALL,20235,27419,36688,53264,56923,80683
2015-16,UTTAR PRADESH,SHAHJAHANPUR,OTHERS,TOTAL,SEMIMEDIUM,8238,22825,18250,49769,26488,72594
2015-16,UTTAR PRADESH,SHAHJAHANPUR,OTHERS,TOTAL,MEDIUM,1844,9553,5173,28507,7017,38059
2015-16,UTTAR PRADESH,SHAHJAHANPUR,OTHERS,TOTAL,LARGE,12,161,327,4681,339,4842
2015-16,UTTAR PRADESH,SHAHJAHANPUR,OTHERS,TOTAL,ALL CLASSES,151680,117073,210074,204864,361754,321937
2015-16,UTTAR PRADESH,SHAHJAHANPUR,INSTITUTIONAL,TOTAL,MARGINAL,0,0,0,0,179,71
2015-16,UTTAR PRADESH,SHAHJAHANPUR,INSTITUTIONAL,TOTAL,SMALL,0,0,0,0,55,79
2015-16,UTTAR PRADESH,SHAHJAHANPUR,INSTITUTIONAL,TOTAL,SEMIMEDIUM,0,0,0,0,45,125
2015-16,UTTAR PRADESH,SHAHJAHANPUR,INSTITUTIONAL,TOTAL,MEDIUM,0,0,0,0,25,166
2015-16,UTTAR PRADESH,SHAHJAHANPUR,INSTITUTIONAL,TOTAL,LARGE,0,0,0,0,20,701
2015-16,UTTAR PRADESH,SHAHJAHANPUR,INSTITUTIONAL,TOTAL,ALL CLASSES,0,0,0,0,324,1143
2015-16,UTTAR PRADESH,SHAMLI,SCHEDULED CASTE,TOTAL,MARGINAL,6269,1583,3405,1079,9674,2662
2015-16,UTTAR PRADESH,SHAMLI,SCHEDULED CASTE,TOTAL,SMALL,244,330,272,368,516,697
2015-16,UTTAR PRADESH,SHAMLI,SCHEDULED CASTE,TOTAL,SEMIMEDIUM,40,102,61,155,101,257
2015-16,UTTAR PRADESH,SHAMLI,SCHEDULED CASTE,TOTAL,MEDIUM,5,22,7,32,12,54
2015-16,UTTAR PRADESH,SHAMLI,SCHEDULED CASTE,TOTAL,LARGE,0,0,0,0,0,0
2015-16,UTTAR PRADESH,SHAMLI,SCHEDULED CASTE,TOTAL,ALL CLASSES,6558,2036,3745,1635,10303,3672
2015-16,UTTAR PRADESH,SHAMLI,SCHEDULED TRIBES,TOTAL,MARGINAL,0,0,0,0,0,0
2015-16,UTTAR PRADESH,SHAMLI,SCHEDULED TRIBES,TOTAL,SMALL,0,0,0,0,0,0
2015-16,UTTAR PRADESH,SHAMLI,SCHEDULED TRIBES,TOTAL,SEMIMEDIUM,0,0,0,0,0,0
2015-16,UTTAR PRADESH,SHAMLI,SCHEDULED TRIBES,TOTAL,MEDIUM,0,0,0,0,0,0
2015-16,UTTAR PRADESH,SHAMLI,SCHEDULED TRIBES,TOTAL,LARGE,0,0,0,0,0,0
2015-16,UTTAR PRADESH,SHAMLI,SCHEDULED TRIBES,TOTAL,ALL CLASSES,0,0,0,0,0,0
2015-16,UTTAR PRADESH,SHAMLI,OTHERS,TOTAL,MARGINAL,41445,13866,37647,15094,79092,28960
2015-16,UTTAR PRADESH,SHAMLI,OTHERS,TOTAL,SMALL,8410,11675,11801,16506,20211,28181
2015-16,UTTAR PRADESH,SHAMLI,OTHERS,TOTAL,SEMIMEDIUM,3877,10549,6805,18442,10682,28991
2015-16,UTTAR PRADESH,SHAMLI,OTHERS,TOTAL,MEDIUM,759,3802,1973,10526,2732,14328
2015-16,UTTAR PRADESH,SHAMLI,OTHERS,TOTAL,LARGE,5,67,57,696,62,764
2015-16,UTTAR PRADESH,SHAMLI,OTHERS,TOTAL,ALL CLASSES,54496,39959,58283,61264,112779,101223
2015-16,UTTAR PRADESH,SHAMLI,INSTITUTIONAL,TOTAL,MARGINAL,0,0,0,0,144,63
2015-16,UTTAR PRADESH,SHAMLI,INSTITUTIONAL,TOTAL,SMALL,0,0,0,0,33,46
2015-16,UTTAR PRADESH,SHAMLI,INSTITUTIONAL,TOTAL,SEMIMEDIUM,0,0,0,0,23,63
2015-16,UTTAR PRADESH,SHAMLI,INSTITUTIONAL,TOTAL,MEDIUM,0,0,0,0,8,49
2015-16,UTTAR PRADESH,SHAMLI,INSTITUTIONAL,TOTAL,LARGE,0,0,0,0,5,146
2015-16,UTTAR PRADESH,SHAMLI,INSTITUTIONAL,TOTAL,ALL CLASSES,0,0,0,0,213,367
2015-16,UTTAR PRADESH,SHRAWASTI,SCHEDULED CASTE,TOTAL,MARGINAL,18056,6798,9622,3651,27678,10449
2015-16,UTTAR PRADESH,SHRAWASTI,SCHEDULED CASTE,TOTAL,SMALL,1656,2288,1133,1434,2789,3722
2015-16,UTTAR PRADESH,SHRAWASTI,SCHEDULED CASTE,TOTAL,SEMIMEDIUM,319,796,247,617,566,1413
2015-16,UTTAR PRADESH,SHRAWASTI,SCHEDULED CASTE,TOTAL,MEDIUM,10,52,18,90,28,142
2015-16,UTTAR PRADESH,SHRAWASTI,SCHEDULED CASTE,TOTAL,LARGE,0,0,1,10,1,10
2015-16,UTTAR PRADESH,SHRAWASTI,SCHEDULED CASTE,TOTAL,ALL CLASSES,20041,9934,11021,5802,31062,15736
2015-16,UTTAR PRADESH,SHRAWASTI,SCHEDULED TRIBES,TOTAL,MARGINAL,224,76,212,78,436,155
2015-16,UTTAR PRADESH,SHRAWASTI,SCHEDULED TRIBES,TOTAL,SMALL,109,140,122,169,231,309
2015-16,UTTAR PRADESH,SHRAWASTI,SCHEDULED TRIBES,TOTAL,SEMIMEDIUM,16,46,17,47,33,92
2015-16,UTTAR PRADESH,SHRAWASTI,SCHEDULED TRIBES,TOTAL,MEDIUM,1,4,2,11,3,15
2015-16,UTTAR PRADESH,SHRAWASTI,SCHEDULED TRIBES,TOTAL,LARGE,0,0,0,0,0,0
2015-16,UTTAR PRADESH,SHRAWASTI,SCHEDULED TRIBES,TOTAL,ALL CLASSES,350,266,353,305,703,571
2015-16,UTTAR PRADESH,SHRAWASTI,OTHERS,TOTAL,MARGINAL,78612,30110,45594,17184,124206,47294
2015-16,UTTAR PRADESH,SHRAWASTI,OTHERS,TOTAL,SMALL,14214,21566,9349,14656,23563,36221
2015-16,UTTAR PRADESH,SHRAWASTI,OTHERS,TOTAL,SEMIMEDIUM,4982,12981,3846,10247,8828,23228
2015-16,UTTAR PRADESH,SHRAWASTI,OTHERS,TOTAL,MEDIUM,992,5060,859,4790,1851,9849
2015-16,UTTAR PRADESH,SHRAWASTI,OTHERS,TOTAL,LARGE,13,170,32,409,45,579
2015-16,UTTAR PRADESH,SHRAWASTI,OTHERS,TOTAL,ALL CLASSES,98813,69887,59680,47284,158493,117171
2015-16,UTTAR PRADESH,SHRAWASTI,INSTITUTIONAL,TOTAL,MARGINAL,0,0,0,0,45,22
2015-16,UTTAR PRADESH,SHRAWASTI,INSTITUTIONAL,TOTAL,SMALL,0,0,0,0,10,15
2015-16,UTTAR PRADESH,SHRAWASTI,INSTITUTIONAL,TOTAL,SEMIMEDIUM,0,0,0,0,9,26
2015-16,UTTAR PRADESH,SHRAWASTI,INSTITUTIONAL,TOTAL,MEDIUM,0,0,0,0,3,19
2015-16,UTTAR PRADESH,SHRAWASTI,INSTITUTIONAL,TOTAL,LARGE,0,0,0,0,4,97
2015-16,UTTAR PRADESH,SHRAWASTI,INSTITUTIONAL,TOTAL,ALL CLASSES,0,0,0,0,71,180
2015-16,UTTAR PRADESH,SIDDHARTH NAGAR,SCHEDULED CASTE,TOTAL,MARGINAL,28943,7285,21025,6464,49968,13749
2015-16,UTTAR PRADESH,SIDDHARTH NAGAR,SCHEDULED CASTE,TOTAL,SMALL,573,725,865,1109,1438,1835
2015-16,UTTAR PRADESH,SIDDHARTH NAGAR,SCHEDULED CASTE,TOTAL,SEMIMEDIUM,39,101,100,247,139,348
2015-16,UTTAR PRADESH,SIDDHARTH NAGAR,SCHEDULED CASTE,TOTAL,MEDIUM,0,0,4,25,4,25
2015-16,UTTAR PRADESH,SIDDHARTH NAGAR,SCHEDULED CASTE,TOTAL,LARGE,0,0,0,0,0,0
2015-16,UTTAR PRADESH,SIDDHARTH NAGAR,SCHEDULED CASTE,TOTAL,ALL CLASSES,29555,8112,21994,7845,51549,15957
2015-16,UTTAR PRADESH,SIDDHARTH NAGAR,SCHEDULED TRIBES,TOTAL,MARGINAL,0,0,0,0,0,0
2015-16,UTTAR PRADESH,SIDDHARTH NAGAR,SCHEDULED TRIBES,TOTAL,SMALL,0,0,0,0,0,0
2015-16,UTTAR PRADESH,SIDDHARTH NAGAR,SCHEDULED TRIBES,TOTAL,SEMIMEDIUM,0,0,0,0,0,0
2015-16,UTTAR PRADESH,SIDDHARTH NAGAR,SCHEDULED TRIBES,TOTAL,MEDIUM,0,0,0,0,0,0
2015-16,UTTAR PRADESH,SIDDHARTH NAGAR,SCHEDULED TRIBES,TOTAL,LARGE,0,0,0,0,0,0
2015-16,UTTAR PRADESH,SIDDHARTH NAGAR,SCHEDULED TRIBES,TOTAL,ALL CLASSES,0,0,0,0,0,0
2015-16,UTTAR PRADESH,SIDDHARTH NAGAR,OTHERS,TOTAL,MARGINAL,159830,68624,153221,51401,313051,120026
2015-16,UTTAR PRADESH,SIDDHARTH NAGAR,OTHERS,TOTAL,SMALL,18730,26232,23573,31487,42303,57719
2015-16,UTTAR PRADESH,SIDDHARTH NAGAR,OTHERS,TOTAL,SEMIMEDIUM,5079,13379,8017,21354,13096,34733
2015-16,UTTAR PRADESH,SIDDHARTH NAGAR,OTHERS,TOTAL,MEDIUM,728,3673,1810,9954,2538,13627
2015-16,UTTAR PRADESH,SIDDHARTH NAGAR,OTHERS,TOTAL,LARGE,0,0,141,1806,141,1806
2015-16,UTTAR PRADESH,SIDDHARTH NAGAR,OTHERS,TOTAL,ALL CLASSES,184367,111907,186762,116003,371129,227910
2015-16,UTTAR PRADESH,SIDDHARTH NAGAR,INSTITUTIONAL,TOTAL,MARGINAL,0,0,0,0,142,44
2015-16,UTTAR PRADESH,SIDDHARTH NAGAR,INSTITUTIONAL,TOTAL,SMALL,0,0,0,0,31,41
2015-16,UTTAR PRADESH,SIDDHARTH NAGAR,INSTITUTIONAL,TOTAL,SEMIMEDIUM,0,0,0,0,22,66
2015-16,UTTAR PRADESH,SIDDHARTH NAGAR,INSTITUTIONAL,TOTAL,MEDIUM,0,0,0,0,11,75
2015-16,UTTAR PRADESH,SIDDHARTH NAGAR,INSTITUTIONAL,TOTAL,LARGE,0,0,0,0,6,114
2015-16,UTTAR PRADESH,SIDDHARTH NAGAR,INSTITUTIONAL,TOTAL,ALL CLASSES,0,0,0,0,212,338
2015-16,UTTAR PRADESH,SITAPUR,SCHEDULED CASTE,TOTAL,MARGINAL,78090,25372,72153,27717,150243,53089
2015-16,UTTAR PRADESH,SITAPUR,SCHEDULED CASTE,TOTAL,SMALL,6708,9109,12261,16744,18969,25854
2015-16,UTTAR PRADESH,SITAPUR,SCHEDULED CASTE,TOTAL,SEMIMEDIUM,1287,3367,3225,8478,4512,11845
2015-16,UTTAR PRADESH,SITAPUR,SCHEDULED CASTE,TOTAL,MEDIUM,120,614,395,2067,515,2682
2015-16,UTTAR PRADESH,SITAPUR,SCHEDULED CASTE,TOTAL,LARGE,3,34,5,61,8,95
2015-16,UTTAR PRADESH,SITAPUR,SCHEDULED CASTE,TOTAL,ALL CLASSES,86208,38495,88039,55070,174247,93565
2015-16,UTTAR PRADESH,SITAPUR,SCHEDULED TRIBES,TOTAL,MARGINAL,0,0,0,0,0,0
2015-16,UTTAR PRADESH,SITAPUR,SCHEDULED TRIBES,TOTAL,SMALL,0,0,0,0,0,0
2015-16,UTTAR PRADESH,SITAPUR,SCHEDULED TRIBES,TOTAL,SEMIMEDIUM,0,0,0,0,0,0
2015-16,UTTAR PRADESH,SITAPUR,SCHEDULED TRIBES,TOTAL,MEDIUM,0,0,0,0,0,0
2015-16,UTTAR PRADESH,SITAPUR,SCHEDULED TRIBES,TOTAL,LARGE,0,0,0,0,0,0
2015-16,UTTAR PRADESH,SITAPUR,SCHEDULED TRIBES,TOTAL,ALL CLASSES,0,0,0,0,0,0
2015-16,UTTAR PRADESH,SITAPUR,OTHERS,TOTAL,MARGINAL,204216,77894,183283,85800,387499,163693
2015-16,UTTAR PRADESH,SITAPUR,OTHERS,TOTAL,SMALL,26941,36668,43070,61350,70011,98018
2015-16,UTTAR PRADESH,SITAPUR,OTHERS,TOTAL,SEMIMEDIUM,9525,25567,17632,47343,27157,72909
2015-16,UTTAR PRADESH,SITAPUR,OTHERS,TOTAL,MEDIUM,1760,9011,4454,23873,6214,32885
2015-16,UTTAR PRADESH,SITAPUR,OTHERS,TOTAL,LARGE,22,270,199,2837,221,3107
2015-16,UTTAR PRADESH,SITAPUR,OTHERS,TOTAL,ALL CLASSES,242464,149411,248638,221202,491102,370613
2015-16,UTTAR PRADESH,SITAPUR,INSTITUTIONAL,TOTAL,MARGINAL,0,0,0,0,730,304
2015-16,UTTAR PRADESH,SITAPUR,INSTITUTIONAL,TOTAL,SMALL,0,0,0,0,195,262
2015-16,UTTAR PRADESH,SITAPUR,INSTITUTIONAL,TOTAL,SEMIMEDIUM,0,0,0,0,132,374
2015-16,UTTAR PRADESH,SITAPUR,INSTITUTIONAL,TOTAL,MEDIUM,0,0,0,0,63,383
2015-16,UTTAR PRADESH,SITAPUR,INSTITUTIONAL,TOTAL,LARGE,0,0,0,0,35,1465
2015-16,UTTAR PRADESH,SITAPUR,INSTITUTIONAL,TOTAL,ALL CLASSES,0,0,0,0,1155,2788
2015-16,UTTAR PRADESH,SONEBHADRA,SCHEDULED CASTE,TOTAL,MARGINAL,23387,7657,11480,3804,34867,11461
2015-16,UTTAR PRADESH,SONEBHADRA,SCHEDULED CASTE,TOTAL,SMALL,4786,6435,2526,3303,7312,9738
2015-16,UTTAR PRADESH,SONEBHADRA,SCHEDULED CASTE,TOTAL,SEMIMEDIUM,1548,4234,1666,4524,3214,8759
2015-16,UTTAR PRADESH,SONEBHADRA,SCHEDULED CASTE,TOTAL,MEDIUM,492,2795,600,3510,1092,6305
2015-16,UTTAR PRADESH,SONEBHADRA,SCHEDULED CASTE,TOTAL,LARGE,50,723,102,1669,152,2392
2015-16,UTTAR PRADESH,SONEBHADRA,SCHEDULED CASTE,TOTAL,ALL CLASSES,30263,21845,16374,16811,46637,38656
2015-16,UTTAR PRADESH,SONEBHADRA,SCHEDULED TRIBES,TOTAL,MARGINAL,18917,7671,11051,4623,29968,12294
2015-16,UTTAR PRADESH,SONEBHADRA,SCHEDULED TRIBES,TOTAL,SMALL,4813,6977,3253,4894,8066,11872
2015-16,UTTAR PRADESH,SONEBHADRA,SCHEDULED TRIBES,TOTAL,SEMIMEDIUM,2391,6456,2868,8263,5259,14720
2015-16,UTTAR PRADESH,SONEBHADRA,SCHEDULED TRIBES,TOTAL,MEDIUM,840,4587,2085,12126,2925,16714
2015-16,UTTAR PRADESH,SONEBHADRA,SCHEDULED TRIBES,TOTAL,LARGE,66,1041,368,5772,434,6813
2015-16,UTTAR PRADESH,SONEBHADRA,SCHEDULED TRIBES,TOTAL,ALL CLASSES,27027,26734,19625,35678,46652,62412
2015-16,UTTAR PRADESH,SONEBHADRA,OTHERS,TOTAL,MARGINAL,39907,15659,30322,10539,70229,26198
2015-16,UTTAR PRADESH,SONEBHADRA,OTHERS,TOTAL,SMALL,10479,15382,10085,13894,20564,29276
2015-16,UTTAR PRADESH,SONEBHADRA,OTHERS,TOTAL,SEMIMEDIUM,5490,15252,6540,17901,12030,33154
2015-16,UTTAR PRADESH,SONEBHADRA,OTHERS,TOTAL,MEDIUM,2340,13900,3573,20944,5913,34843
2015-16,UTTAR PRADESH,SONEBHADRA,OTHERS,TOTAL,LARGE,335,4793,853,16539,1188,21332
2015-16,UTTAR PRADESH,SONEBHADRA,OTHERS,TOTAL,ALL CLASSES,58551,64986,51373,79818,109924,144804
2015-16,UTTAR PRADESH,SONEBHADRA,INSTITUTIONAL,TOTAL,MARGINAL,0,0,0,0,19,7
2015-16,UTTAR PRADESH,SONEBHADRA,INSTITUTIONAL,TOTAL,SMALL,0,0,0,0,8,11
2015-16,UTTAR PRADESH,SONEBHADRA,INSTITUTIONAL,TOTAL,SEMIMEDIUM,0,0,0,0,13,34
2015-16,UTTAR PRADESH,SONEBHADRA,INSTITUTIONAL,TOTAL,MEDIUM,0,0,0,0,8,46
2015-16,UTTAR PRADESH,SONEBHADRA,INSTITUTIONAL,TOTAL,LARGE,0,0,0,0,6,291
2015-16,UTTAR PRADESH,SONEBHADRA,INSTITUTIONAL,TOTAL,ALL CLASSES,0,0,0,0,54,390
2015-16,UTTAR PRADESH,SULTANPUR,SCHEDULED CASTE,TOTAL,MARGINAL,44427,10622,22823,6153,67250,16774
2015-16,UTTAR PRADESH,SULTANPUR,SCHEDULED CASTE,TOTAL,SMALL,441,574,536,744,977,1318
2015-16,UTTAR PRADESH,SULTANPUR,SCHEDULED CASTE,TOTAL,SEMIMEDIUM,25,58,68,174,93,232
2015-16,UTTAR PRADESH,SULTANPUR,SCHEDULED CASTE,TOTAL,MEDIUM,0,0,0,0,0,0
2015-16,UTTAR PRADESH,SULTANPUR,SCHEDULED CASTE,TOTAL,LARGE,0,0,0,0,0,0
2015-16,UTTAR PRADESH,SULTANPUR,SCHEDULED CASTE,TOTAL,ALL CLASSES,44893,11254,23427,7071,68320,18325
2015-16,UTTAR PRADESH,SULTANPUR,SCHEDULED TRIBES,TOTAL,MARGINAL,0,0,0,0,0,0
2015-16,UTTAR PRADESH,SULTANPUR,SCHEDULED TRIBES,TOTAL,SMALL,0,0,0,0,0,0
2015-16,UTTAR PRADESH,SULTANPUR,SCHEDULED TRIBES,TOTAL,SEMIMEDIUM,0,0,0,0,0,0
2015-16,UTTAR PRADESH,SULTANPUR,SCHEDULED TRIBES,TOTAL,MEDIUM,0,0,0,0,0,0
2015-16,UTTAR PRADESH,SULTANPUR,SCHEDULED TRIBES,TOTAL,LARGE,0,0,0,0,0,0
2015-16,UTTAR PRADESH,SULTANPUR,SCHEDULED TRIBES,TOTAL,ALL CLASSES,0,0,0,0,0,0
2015-16,UTTAR PRADESH,SULTANPUR,OTHERS,TOTAL,MARGINAL,160579,63299,115260,42397,275839,105696
2015-16,UTTAR PRADESH,SULTANPUR,OTHERS,TOTAL,SMALL,13139,17829,14327,18545,27466,36374
2015-16,UTTAR PRADESH,SULTANPUR,OTHERS,TOTAL,SEMIMEDIUM,3482,9014,4848,13312,8330,22326
2015-16,UTTAR PRADESH,SULTANPUR,OTHERS,TOTAL,MEDIUM,387,1912,937,4953,1324,6866
2015-16,UTTAR PRADESH,SULTANPUR,OTHERS,TOTAL,LARGE,2,24,15,199,17,223
2015-16,UTTAR PRADESH,SULTANPUR,OTHERS,TOTAL,ALL CLASSES,177589,92080,135387,79406,312976,171486
2015-16,UTTAR PRADESH,SULTANPUR,INSTITUTIONAL,TOTAL,MARGINAL,0,0,0,0,116,32
2015-16,UTTAR PRADESH,SULTANPUR,INSTITUTIONAL,TOTAL,SMALL,0,0,0,0,32,47
2015-16,UTTAR PRADESH,SULTANPUR,INSTITUTIONAL,TOTAL,SEMIMEDIUM,0,0,0,0,21,56
2015-16,UTTAR PRADESH,SULTANPUR,INSTITUTIONAL,TOTAL,MEDIUM,0,0,0,0,11,67
2015-16,UTTAR PRADESH,SULTANPUR,INSTITUTIONAL,TOTAL,LARGE,0,0,0,0,4,130
2015-16,UTTAR PRADESH,SULTANPUR,INSTITUTIONAL,TOTAL,ALL CLASSES,0,0,0,0,184,332
2015-16,UTTAR PRADESH,UNNAO,SCHEDULED CASTE,TOTAL,MARGINAL,62531,19304,60443,22256,122974,41561
2015-16,UTTAR PRADESH,UNNAO,SCHEDULED CASTE,TOTAL,SMALL,3755,4893,7926,10690,11681,15583
2015-16,UTTAR PRADESH,UNNAO,SCHEDULED CASTE,TOTAL,SEMIMEDIUM,495,1251,1643,4248,2138,5500
2015-16,UTTAR PRADESH,UNNAO,SCHEDULED CASTE,TOTAL,MEDIUM,28,131,99,512,127,643
2015-16,UTTAR PRADESH,UNNAO,SCHEDULED CASTE,TOTAL,LARGE,0,0,1,10,1,10
2015-16,UTTAR PRADESH,UNNAO,SCHEDULED CASTE,TOTAL,ALL CLASSES,66809,25578,70112,37719,136921,63297
2015-16,UTTAR PRADESH,UNNAO,SCHEDULED TRIBES,TOTAL,MARGINAL,0,0,0,0,0,0
2015-16,UTTAR PRADESH,UNNAO,SCHEDULED TRIBES,TOTAL,SMALL,0,0,0,0,0,0
2015-16,UTTAR PRADESH,UNNAO,SCHEDULED TRIBES,TOTAL,SEMIMEDIUM,0,0,0,0,0,0
2015-16,UTTAR PRADESH,UNNAO,SCHEDULED TRIBES,TOTAL,MEDIUM,0,0,0,0,0,0
2015-16,UTTAR PRADESH,UNNAO,SCHEDULED TRIBES,TOTAL,LARGE,0,0,0,0,0,0
2015-16,UTTAR PRADESH,UNNAO,SCHEDULED TRIBES,TOTAL,ALL CLASSES,0,0,0,0,0,0
2015-16,UTTAR PRADESH,UNNAO,OTHERS,TOTAL,MARGINAL,133925,71554,181340,68981,315265,140536
2015-16,UTTAR PRADESH,UNNAO,OTHERS,TOTAL,SMALL,15498,21029,33827,45171,49325,66199
2015-16,UTTAR PRADESH,UNNAO,OTHERS,TOTAL,SEMIMEDIUM,4355,11283,12104,31894,16459,43178
2015-16,UTTAR PRADESH,UNNAO,OTHERS,TOTAL,MEDIUM,729,3807,3089,16584,3818,20389
2015-16,UTTAR PRADESH,UNNAO,OTHERS,TOTAL,LARGE,5,66,145,2006,150,2072
2015-16,UTTAR PRADESH,UNNAO,OTHERS,TOTAL,ALL CLASSES,154512,107739,230505,164634,385017,272373
2015-16,UTTAR PRADESH,UNNAO,INSTITUTIONAL,TOTAL,MARGINAL,0,0,0,0,731,309
2015-16,UTTAR PRADESH,UNNAO,INSTITUTIONAL,TOTAL,SMALL,0,0,0,0,203,266
2015-16,UTTAR PRADESH,UNNAO,INSTITUTIONAL,TOTAL,SEMIMEDIUM,0,0,0,0,100,268
2015-16,UTTAR PRADESH,UNNAO,INSTITUTIONAL,TOTAL,MEDIUM,0,0,0,0,67,380
2015-16,UTTAR PRADESH,UNNAO,INSTITUTIONAL,TOTAL,LARGE,0,0,0,0,12,304
2015-16,UTTAR PRADESH,UNNAO,INSTITUTIONAL,TOTAL,ALL CLASSES,0,0,0,0,1113,1527
2015-16,UTTAR PRADESH,VARANASI,SCHEDULED CASTE,TOTAL,MARGINAL,15022,3088,15440,3943,30462,7030
2015-16,UTTAR PRADESH,VARANASI,SCHEDULED CASTE,TOTAL,SMALL,121,132,200,324,321,456
2015-16,UTTAR PRADESH,VARANASI,SCHEDULED CASTE,TOTAL,SEMIMEDIUM,1,3,5,12,6,15
2015-16,UTTAR PRADESH,VARANASI,SCHEDULED CASTE,TOTAL,MEDIUM,0,0,0,0,0,0
2015-16,UTTAR PRADESH,VARANASI,SCHEDULED CASTE,TOTAL,LARGE,0,0,0,0,0,0
2015-16,UTTAR PRADESH,VARANASI,SCHEDULED CASTE,TOTAL,ALL CLASSES,15144,3223,15645,4279,30789,7502
2015-16,UTTAR PRADESH,VARANASI,SCHEDULED TRIBES,TOTAL,MARGINAL,10,1,9,1,19,2
2015-16,UTTAR PRADESH,VARANASI,SCHEDULED TRIBES,TOTAL,SMALL,0,0,0,0,0,0
2015-16,UTTAR PRADESH,VARANASI,SCHEDULED TRIBES,TOTAL,SEMIMEDIUM,0,0,0,0,0,0
2015-16,UTTAR PRADESH,VARANASI,SCHEDULED TRIBES,TOTAL,MEDIUM,0,0,0,0,0,0
2015-16,UTTAR PRADESH,VARANASI,SCHEDULED TRIBES,TOTAL,LARGE,0,0,0,0,0,0
2015-16,UTTAR PRADESH,VARANASI,SCHEDULED TRIBES,TOTAL,ALL CLASSES,10,1,9,1,19,2
2015-16,UTTAR PRADESH,VARANASI,OTHERS,TOTAL,MARGINAL,106102,31896,124745,35506,230847,67402
2015-16,UTTAR PRADESH,VARANASI,OTHERS,TOTAL,SMALL,4239,5454,5888,7422,10127,12876
2015-16,UTTAR PRADESH,VARANASI,OTHERS,TOTAL,SEMIMEDIUM,719,1711,1578,3831,2297,5542
2015-16,UTTAR PRADESH,VARANASI,OTHERS,TOTAL,MEDIUM,23,121,125,647,148,767
2015-16,UTTAR PRADESH,VARANASI,OTHERS,TOTAL,LARGE,0,0,5,55,5,55
2015-16,UTTAR PRADESH,VARANASI,OTHERS,TOTAL,ALL CLASSES,111083,39181,132341,47462,243424,86643
2015-16,UTTAR PRADESH,VARANASI,INSTITUTIONAL,TOTAL,MARGINAL,0,0,0,0,29,16
2015-16,UTTAR PRADESH,VARANASI,INSTITUTIONAL,TOTAL,SMALL,0,0,0,0,44,73
2015-16,UTTAR PRADESH,VARANASI,INSTITUTIONAL,TOTAL,SEMIMEDIUM,0,0,0,0,10,26
2015-16,UTTAR PRADESH,VARANASI,INSTITUTIONAL,TOTAL,MEDIUM,0,0,0,0,3,21
2015-16,UTTAR PRADESH,VARANASI,INSTITUTIONAL,TOTAL,LARGE,0,0,0,0,3,57
2015-16,UTTAR PRADESH,VARANASI,INSTITUTIONAL,TOTAL,ALL CLASSES,0,0,0,0,89,193
