year,state,district,social_group,gender,size_category,ind_holdings_number,ind_holdings_area_ha,jnt_holdings_number,jnt_holdings_area_ha,tot_holdings_number,tot_holdings_area_ha
2015-16,MADHYA PRADESH,AAGAR,SCHEDULED CASTE,TOTAL,MARGINAL,10282,5344,655,347,10937,5689
2015-16,MADHYA PRADESH,AAGAR,SCHEDULED CASTE,TOTAL,SMALL,4738,6268,507,686,5245,6954
2015-16,MADHYA PRADESH,AAGAR,SCHEDULED CASTE,TOTAL,SEMIMEDIUM,1574,3943,207,565,1781,4508
2015-16,MADHYA PRADESH,AAGAR,SCHEDULED CASTE,TOTAL,MEDIUM,425,2099,69,363,494,2461
2015-16,MADHYA PRADESH,AAGAR,SCHEDULED CASTE,TOTAL,LARGE,6,159,6,92,12,251
2015-16,MADHYA PRADESH,AAGAR,SCHEDULED CASTE,TOTAL,ALL CLASSES,17025,17811,1444,2052,18469,19863
2015-16,MADHYA PRADESH,AAGAR,SCHEDULED TRIBES,TOTAL,MARGINAL,1161,610,111,50,1272,659
2015-16,MADHYA PRADESH,AAGAR,SCHEDULED TRIBES,TOTAL,SMALL,658,886,78,114,736,1000
2015-16,MADHYA PRADESH,AAGAR,SCHEDULED TRIBES,TOTAL,SEMIMEDIUM,267,701,56,159,323,860
2015-16,MADHYA PRADESH,AAGAR,SCHEDULED TRIBES,TOTAL,MEDIUM,82,409,11,59,93,468
2015-16,MADHYA PRADESH,AAGAR,SCHEDULED TRIBES,TOTAL,LARGE,1,10,0,0,1,10
2015-16,MADHYA PRADESH,AAGAR,SCHEDULED TRIBES,TOTAL,ALL CLASSES,2169,2615,256,383,2425,2998
2015-16,MADHYA PRADESH,AAGAR,OTHERS,TOTAL,MARGINAL,34620,19335,2585,1333,37205,20668
2015-16,MADHYA PRADESH,AAGAR,OTHERS,TOTAL,SMALL,20422,28980,1541,2223,21963,31203
2015-16,MADHYA PRADESH,AAGAR,OTHERS,TOTAL,SEMIMEDIUM,14233,39912,1360,3799,15593,43711
2015-16,MADHYA PRADESH,AAGAR,OTHERS,TOTAL,MEDIUM,6935,38147,816,4920,7751,43067
2015-16,MADHYA PRADESH,AAGAR,OTHERS,TOTAL,LARGE,439,7525,127,1704,566,9228
2015-16,MADHYA PRADESH,AAGAR,OTHERS,TOTAL,ALL CLASSES,76649,133899,6429,13979,83078,147877
2015-16,MADHYA PRADESH,AAGAR,INSTITUTIONAL,TOTAL,MARGINAL,0,0,0,0,0,0
2015-16,MADHYA PRADESH,AAGAR,INSTITUTIONAL,TOTAL,SMALL,0,0,0,0,0,0
2015-16,MADHYA PRADESH,AAGAR,INSTITUTIONAL,TOTAL,SEMIMEDIUM,0,0,0,0,0,0
2015-16,MADHYA PRADESH,AAGAR,INSTITUTIONAL,TOTAL,MEDIUM,0,0,0,0,0,0
2015-16,MADHYA PRADESH,AAGAR,INSTITUTIONAL,TOTAL,LARGE,0,0,0,0,0,0
2015-16,MADHYA PRADESH,AAGAR,INSTITUTIONAL,TOTAL,ALL CLASSES,0,0,0,0,0,0
2015-16,MADHYA PRADESH,ALIRAJPUR,SCHEDULED CASTE,TOTAL,MARGINAL,1052,503,77,49,1129,552
2015-16,MADHYA PRADESH,ALIRAJPUR,SCHEDULED CASTE,TOTAL,SMALL,440,574,54,68,494,642
2015-16,MADHYA PRADESH,ALIRAJPUR,SCHEDULED CASTE,TOTAL,SEMIMEDIUM,174,459,39,114,213,573
2015-16,MADHYA PRADESH,ALIRAJPUR,SCHEDULED CASTE,TOTAL,MEDIUM,45,221,22,125,67,346
2015-16,MADHYA PRADESH,ALIRAJPUR,SCHEDULED CASTE,TOTAL,LARGE,0,0,1,12,1,12
2015-16,MADHYA PRADESH,ALIRAJPUR,SCHEDULED CASTE,TOTAL,ALL CLASSES,1711,1757,193,367,1904,2124
2015-16,MADHYA PRADESH,ALIRAJPUR,SCHEDULED TRIBES,TOTAL,MARGINAL,43017,24466,1202,724,44219,25190
2015-16,MADHYA PRADESH,ALIRAJPUR,SCHEDULED TRIBES,TOTAL,SMALL,28666,41503,1106,1654,29772,43157
2015-16,MADHYA PRADESH,ALIRAJPUR,SCHEDULED TRIBES,TOTAL,SEMIMEDIUM,18580,50813,1254,3626,19834,54439
2015-16,MADHYA PRADESH,ALIRAJPUR,SCHEDULED TRIBES,TOTAL,MEDIUM,6475,36387,949,5453,7424,41842
2015-16,MADHYA PRADESH,ALIRAJPUR,SCHEDULED TRIBES,TOTAL,LARGE,335,4335,124,1692,459,6027
2015-16,MADHYA PRADESH,ALIRAJPUR,SCHEDULED TRIBES,TOTAL,ALL CLASSES,97073,157504,4635,13150,101708,170654
2015-16,MADHYA PRADESH,ALIRAJPUR,OTHERS,TOTAL,MARGINAL,812,399,31,19,843,417
2015-16,MADHYA PRADESH,ALIRAJPUR,OTHERS,TOTAL,SMALL,372,515,28,38,400,554
2015-16,MADHYA PRADESH,ALIRAJPUR,OTHERS,TOTAL,SEMIMEDIUM,187,544,32,92,219,637
2015-16,MADHYA PRADESH,ALIRAJPUR,OTHERS,TOTAL,MEDIUM,81,483,26,154,107,637
2015-16,MADHYA PRADESH,ALIRAJPUR,OTHERS,TOTAL,LARGE,10,139,5,66,15,206
2015-16,MADHYA PRADESH,ALIRAJPUR,OTHERS,TOTAL,ALL CLASSES,1462,2082,122,370,1584,2452
2015-16,MADHYA PRADESH,ALIRAJPUR,INSTITUTIONAL,TOTAL,MARGINAL,0,0,0,0,6,4
2015-16,MADHYA PRADESH,ALIRAJPUR,INSTITUTIONAL,TOTAL,SMALL,0,0,0,0,7,10
2015-16,MADHYA PRADESH,ALIRAJPUR,INSTITUTIONAL,TOTAL,SEMIMEDIUM,0,0,0,0,5,12
2015-16,MADHYA PRADESH,ALIRAJPUR,INSTITUTIONAL,TOTAL,MEDIUM,0,0,0,0,4,26
2015-16,MADHYA PRADESH,ALIRAJPUR,INSTITUTIONAL,TOTAL,LARGE,0,0,0,0,3,90
2015-16,MADHYA PRADESH,ALIRAJPUR,INSTITUTIONAL,TOTAL,ALL CLASSES,0,0,0,0,25,142
2015-16,MADHYA PRADESH,ANUPPUR,SCHEDULED CASTE,TOTAL,MARGINAL,7468,3047,82,44,7550,3091
2015-16,MADHYA PRADESH,ANUPPUR,SCHEDULED CASTE,TOTAL,SMALL,1947,2820,60,82,2007,2902
2015-16,MADHYA PRADESH,ANUPPUR,SCHEDULED CASTE,TOTAL,SEMIMEDIUM,1108,2733,38,106,1146,2840
2015-16,MADHYA PRADESH,ANUPPUR,SCHEDULED CASTE,TOTAL,MEDIUM,445,2417,16,88,461,2506
2015-16,MADHYA PRADESH,ANUPPUR,SCHEDULED CASTE,TOTAL,LARGE,21,258,0,0,21,258
2015-16,MADHYA PRADESH,ANUPPUR,SCHEDULED CASTE,TOTAL,ALL CLASSES,10989,11275,196,320,11185,11596
2015-16,MADHYA PRADESH,ANUPPUR,SCHEDULED TRIBES,TOTAL,MARGINAL,33238,15257,592,285,33830,15542
2015-16,MADHYA PRADESH,ANUPPUR,SCHEDULED TRIBES,TOTAL,SMALL,14907,20871,399,550,15306,21421
2015-16,MADHYA PRADESH,ANUPPUR,SCHEDULED TRIBES,TOTAL,SEMIMEDIUM,12713,34586,628,1774,13341,36360
2015-16,MADHYA PRADESH,ANUPPUR,SCHEDULED TRIBES,TOTAL,MEDIUM,6276,36122,769,4601,7045,40723
2015-16,MADHYA PRADESH,ANUPPUR,SCHEDULED TRIBES,TOTAL,LARGE,698,8979,262,4530,960,13509
2015-16,MADHYA PRADESH,ANUPPUR,SCHEDULED TRIBES,TOTAL,ALL CLASSES,67832,115815,2650,11740,70482,127555
2015-16,MADHYA PRADESH,ANUPPUR,OTHERS,TOTAL,MARGINAL,31517,11885,295,139,31812,12024
2015-16,MADHYA PRADESH,ANUPPUR,OTHERS,TOTAL,SMALL,9038,12360,229,337,9267,12696
2015-16,MADHYA PRADESH,ANUPPUR,OTHERS,TOTAL,SEMIMEDIUM,5116,13457,241,677,5357,14134
2015-16,MADHYA PRADESH,ANUPPUR,OTHERS,TOTAL,MEDIUM,1866,10348,145,853,2011,11203
2015-16,MADHYA PRADESH,ANUPPUR,OTHERS,TOTAL,LARGE,129,1740,21,279,150,2018
2015-16,MADHYA PRADESH,ANUPPUR,OTHERS,TOTAL,ALL CLASSES,47666,49790,931,2285,48597,52075
2015-16,MADHYA PRADESH,ANUPPUR,INSTITUTIONAL,TOTAL,MARGINAL,0,0,0,0,2,2
2015-16,MADHYA PRADESH,ANUPPUR,INSTITUTIONAL,TOTAL,SMALL,0,0,0,0,1,2
2015-16,MADHYA PRADESH,ANUPPUR,INSTITUTIONAL,TOTAL,SEMIMEDIUM,0,0,0,0,1,3
2015-16,MADHYA PRADESH,ANUPPUR,INSTITUTIONAL,TOTAL,MEDIUM,0,0,0,0,2,10
2015-16,MADHYA PRADESH,ANUPPUR,INSTITUTIONAL,TOTAL,LARGE,0,0,0,0,3,332
2015-16,MADHYA PRADESH,ANUPPUR,INSTITUTIONAL,TOTAL,ALL CLASSES,0,0,0,0,9,349
2015-16,MADHYA PRADESH,ASHOK NAGAR,SCHEDULED CASTE,TOTAL,MARGINAL,12275,6703,318,155,12593,6858
2015-16,MADHYA PRADESH,ASHOK NAGAR,SCHEDULED CASTE,TOTAL,SMALL,7565,10821,188,265,7753,11086
2015-16,MADHYA PRADESH,ASHOK NAGAR,SCHEDULED CASTE,TOTAL,SEMIMEDIUM,4641,12181,133,360,4774,12541
2015-16,MADHYA PRADESH,ASHOK NAGAR,SCHEDULED CASTE,TOTAL,MEDIUM,1298,6944,69,401,1367,7347
2015-16,MADHYA PRADESH,ASHOK NAGAR,SCHEDULED CASTE,TOTAL,LARGE,58,949,16,213,74,1162
2015-16,MADHYA PRADESH,ASHOK NAGAR,SCHEDULED CASTE,TOTAL,ALL CLASSES,25837,37598,724,1395,26561,38993
2015-16,MADHYA PRADESH,ASHOK NAGAR,SCHEDULED TRIBES,TOTAL,MARGINAL,4660,2378,82,46,4742,2426
2015-16,MADHYA PRADESH,ASHOK NAGAR,SCHEDULED TRIBES,TOTAL,SMALL,3446,4760,74,99,3520,4859
2015-16,MADHYA PRADESH,ASHOK NAGAR,SCHEDULED TRIBES,TOTAL,SEMIMEDIUM,1684,4277,72,176,1756,4453
2015-16,MADHYA PRADESH,ASHOK NAGAR,SCHEDULED TRIBES,TOTAL,MEDIUM,295,1554,20,102,315,1655
2015-16,MADHYA PRADESH,ASHOK NAGAR,SCHEDULED TRIBES,TOTAL,LARGE,11,162,2,27,13,190
2015-16,MADHYA PRADESH,ASHOK NAGAR,SCHEDULED TRIBES,TOTAL,ALL CLASSES,10096,13132,250,451,10346,13583
2015-16,MADHYA PRADESH,ASHOK NAGAR,OTHERS,TOTAL,MARGINAL,30409,16082,946,454,31355,16535
2015-16,MADHYA PRADESH,ASHOK NAGAR,OTHERS,TOTAL,SMALL,20743,29673,658,914,21401,30587
2015-16,MADHYA PRADESH,ASHOK NAGAR,OTHERS,TOTAL,SEMIMEDIUM,20728,56882,587,1627,21315,58509
2015-16,MADHYA PRADESH,ASHOK NAGAR,OTHERS,TOTAL,MEDIUM,13227,77794,414,2530,13641,80323
2015-16,MADHYA PRADESH,ASHOK NAGAR,OTHERS,TOTAL,LARGE,2595,60873,180,4002,2775,64875
2015-16,MADHYA PRADESH,ASHOK NAGAR,OTHERS,TOTAL,ALL CLASSES,87702,241304,2785,9526,90487,250830
2015-16,MADHYA PRADESH,ASHOK NAGAR,INSTITUTIONAL,TOTAL,MARGINAL,0,0,0,0,2,1
2015-16,MADHYA PRADESH,ASHOK NAGAR,INSTITUTIONAL,TOTAL,SMALL,0,0,0,0,1,1
2015-16,MADHYA PRADESH,ASHOK NAGAR,INSTITUTIONAL,TOTAL,SEMIMEDIUM,0,0,0,0,2,6
2015-16,MADHYA PRADESH,ASHOK NAGAR,INSTITUTIONAL,TOTAL,MEDIUM,0,0,0,0,1,6
2015-16,MADHYA PRADESH,ASHOK NAGAR,INSTITUTIONAL,TOTAL,LARGE,0,0,0,0,6,2473
2015-16,MADHYA PRADESH,ASHOK NAGAR,INSTITUTIONAL,TOTAL,ALL CLASSES,0,0,0,0,12,2487
2015-16,MADHYA PRADESH,BADWANI,SCHEDULED CASTE,TOTAL,MARGINAL,2109,1126,0,0,2109,1126
2015-16,MADHYA PRADESH,BADWANI,SCHEDULED CASTE,TOTAL,SMALL,1056,1441,0,0,1056,1441
2015-16,MADHYA PRADESH,BADWANI,SCHEDULED CASTE,TOTAL,SEMIMEDIUM,606,1605,0,0,606,1605
2015-16,MADHYA PRADESH,BADWANI,SCHEDULED CASTE,TOTAL,MEDIUM,198,1089,0,0,198,1089
2015-16,MADHYA PRADESH,BADWANI,SCHEDULED CASTE,TOTAL,LARGE,17,200,0,0,17,200
2015-16,MADHYA PRADESH,BADWANI,SCHEDULED CASTE,TOTAL,ALL CLASSES,3986,5462,0,0,3986,5462
2015-16,MADHYA PRADESH,BADWANI,SCHEDULED TRIBES,TOTAL,MARGINAL,45508,25855,0,0,45508,25855
2015-16,MADHYA PRADESH,BADWANI,SCHEDULED TRIBES,TOTAL,SMALL,27495,38429,0,0,27495,38429
2015-16,MADHYA PRADESH,BADWANI,SCHEDULED TRIBES,TOTAL,SEMIMEDIUM,19960,51202,0,0,19960,51202
2015-16,MADHYA PRADESH,BADWANI,SCHEDULED TRIBES,TOTAL,MEDIUM,6639,38020,0,0,6639,38020
2015-16,MADHYA PRADESH,BADWANI,SCHEDULED TRIBES,TOTAL,LARGE,709,9737,0,0,709,9737
2015-16,MADHYA PRADESH,BADWANI,SCHEDULED TRIBES,TOTAL,ALL CLASSES,100311,163245,0,0,100311,163245
2015-16,MADHYA PRADESH,BADWANI,OTHERS,TOTAL,MARGINAL,9477,5394,0,0,9477,5394
2015-16,MADHYA PRADESH,BADWANI,OTHERS,TOTAL,SMALL,10324,15091,0,0,10324,15091
2015-16,MADHYA PRADESH,BADWANI,OTHERS,TOTAL,SEMIMEDIUM,7025,18852,0,0,7025,18852
2015-16,MADHYA PRADESH,BADWANI,OTHERS,TOTAL,MEDIUM,2819,15822,0,0,2819,15822
2015-16,MADHYA PRADESH,BADWANI,OTHERS,TOTAL,LARGE,164,2109,0,0,164,2109
2015-16,MADHYA PRADESH,BADWANI,OTHERS,TOTAL,ALL CLASSES,29809,57268,0,0,29809,57268
2015-16,MADHYA PRADESH,BADWANI,INSTITUTIONAL,TOTAL,MARGINAL,0,0,0,0,14,7
2015-16,MADHYA PRADESH,BADWANI,INSTITUTIONAL,TOTAL,SMALL,0,0,0,0,4,6
2015-16,MADHYA PRADESH,BADWANI,INSTITUTIONAL,TOTAL,SEMIMEDIUM,0,0,0,0,5,15
2015-16,MADHYA PRADESH,BADWANI,INSTITUTIONAL,TOTAL,MEDIUM,0,0,0,0,5,30
2015-16,MADHYA PRADESH,BADWANI,INSTITUTIONAL,TOTAL,LARGE,0,0,0,0,2,41
2015-16,MADHYA PRADESH,BADWANI,INSTITUTIONAL,TOTAL,ALL CLASSES,0,0,0,0,30,98
2015-16,MADHYA PRADESH,BALAGHAT,SCHEDULED CASTE,TOTAL,MARGINAL,21619,7401,395,157,22014,7557
2015-16,MADHYA PRADESH,BALAGHAT,SCHEDULED CASTE,TOTAL,SMALL,2390,3201,63,82,2453,3283
2015-16,MADHYA PRADESH,BALAGHAT,SCHEDULED CASTE,TOTAL,SEMIMEDIUM,846,2106,8,21,854,2127
2015-16,MADHYA PRADESH,BALAGHAT,SCHEDULED CASTE,TOTAL,MEDIUM,181,954,8,39,189,992
2015-16,MADHYA PRADESH,BALAGHAT,SCHEDULED CASTE,TOTAL,LARGE,3,34,1,10,4,44
2015-16,MADHYA PRADESH,BALAGHAT,SCHEDULED CASTE,TOTAL,ALL CLASSES,25039,13696,475,308,25514,14004
2015-16,MADHYA PRADESH,BALAGHAT,SCHEDULED TRIBES,TOTAL,MARGINAL,42557,17119,580,236,43137,17355
2015-16,MADHYA PRADESH,BALAGHAT,SCHEDULED TRIBES,TOTAL,SMALL,15065,20294,262,352,15327,20646
2015-16,MADHYA PRADESH,BALAGHAT,SCHEDULED TRIBES,TOTAL,SEMIMEDIUM,7940,21372,192,560,8132,21932
2015-16,MADHYA PRADESH,BALAGHAT,SCHEDULED TRIBES,TOTAL,MEDIUM,3185,18463,101,600,3286,19064
2015-16,MADHYA PRADESH,BALAGHAT,SCHEDULED TRIBES,TOTAL,LARGE,211,2722,19,277,230,2998
2015-16,MADHYA PRADESH,BALAGHAT,SCHEDULED TRIBES,TOTAL,ALL CLASSES,68958,79971,1154,2024,70112,81995
2015-16,MADHYA PRADESH,BALAGHAT,OTHERS,TOTAL,MARGINAL,181051,70847,3311,1288,184362,72134
2015-16,MADHYA PRADESH,BALAGHAT,OTHERS,TOTAL,SMALL,43182,57356,1248,1755,44430,59111
2015-16,MADHYA PRADESH,BALAGHAT,OTHERS,TOTAL,SEMIMEDIUM,17567,47489,328,894,17895,48384
2015-16,MADHYA PRADESH,BALAGHAT,OTHERS,TOTAL,MEDIUM,4434,23565,91,511,4525,24078
2015-16,MADHYA PRADESH,BALAGHAT,OTHERS,TOTAL,LARGE,233,3130,12,158,245,3288
2015-16,MADHYA PRADESH,BALAGHAT,OTHERS,TOTAL,ALL CLASSES,246467,202387,4990,4607,251457,206994
2015-16,MADHYA PRADESH,BALAGHAT,INSTITUTIONAL,TOTAL,MARGINAL,0,0,0,0,48,15
2015-16,MADHYA PRADESH,BALAGHAT,INSTITUTIONAL,TOTAL,SMALL,0,0,0,0,6,8
2015-16,MADHYA PRADESH,BALAGHAT,INSTITUTIONAL,TOTAL,SEMIMEDIUM,0,0,0,0,10,25
2015-16,MADHYA PRADESH,BALAGHAT,INSTITUTIONAL,TOTAL,MEDIUM,0,0,0,0,5,35
2015-16,MADHYA PRADESH,BALAGHAT,INSTITUTIONAL,TOTAL,LARGE,0,0,0,0,3,92
2015-16,MADHYA PRADESH,BALAGHAT,INSTITUTIONAL,TOTAL,ALL CLASSES,0,0,0,0,72,174
2015-16,MADHYA PRADESH,BETUL,SCHEDULED CASTE,TOTAL,MARGINAL,10736,5100,84,41,10820,5141
2015-16,MADHYA PRADESH,BETUL,SCHEDULED CASTE,TOTAL,SMALL,6169,8715,258,394,6427,9109
2015-16,MADHYA PRADESH,BETUL,SCHEDULED CASTE,TOTAL,SEMIMEDIUM,3772,9992,85,230,3857,10223
2015-16,MADHYA PRADESH,BETUL,SCHEDULED CASTE,TOTAL,MEDIUM,1559,8498,44,250,1603,8748
2015-16,MADHYA PRADESH,BETUL,SCHEDULED CASTE,TOTAL,LARGE,114,1477,4,59,118,1536
2015-16,MADHYA PRADESH,BETUL,SCHEDULED CASTE,TOTAL,ALL CLASSES,22350,33781,475,974,22825,34755
2015-16,MADHYA PRADESH,BETUL,SCHEDULED TRIBES,TOTAL,MARGINAL,32383,15023,823,490,33206,15512
2015-16,MADHYA PRADESH,BETUL,SCHEDULED TRIBES,TOTAL,SMALL,23493,33873,1059,1598,24552,35471
2015-16,MADHYA PRADESH,BETUL,SCHEDULED TRIBES,TOTAL,SEMIMEDIUM,19990,52874,1735,4903,21725,57776
2015-16,MADHYA PRADESH,BETUL,SCHEDULED TRIBES,TOTAL,MEDIUM,9764,55375,1433,8203,11197,63577
2015-16,MADHYA PRADESH,BETUL,SCHEDULED TRIBES,TOTAL,LARGE,1039,13771,266,3948,1305,17719
2015-16,MADHYA PRADESH,BETUL,SCHEDULED TRIBES,TOTAL,ALL CLASSES,86669,170915,5316,19142,91985,190057
2015-16,MADHYA PRADESH,BETUL,OTHERS,TOTAL,MARGINAL,61379,30539,177,104,61556,30643
2015-16,MADHYA PRADESH,BETUL,OTHERS,TOTAL,SMALL,42610,61136,347,516,42957,61652
2015-16,MADHYA PRADESH,BETUL,OTHERS,TOTAL,SEMIMEDIUM,29024,76219,310,871,29334,77091
2015-16,MADHYA PRADESH,BETUL,OTHERS,TOTAL,MEDIUM,11418,66717,205,1233,11623,67949
2015-16,MADHYA PRADESH,BETUL,OTHERS,TOTAL,LARGE,1002,13940,19,258,1021,14197
2015-16,MADHYA PRADESH,BETUL,OTHERS,TOTAL,ALL CLASSES,145433,248550,1058,2981,146491,251531
2015-16,MADHYA PRADESH,BETUL,INSTITUTIONAL,TOTAL,MARGINAL,0,0,0,0,6,2
2015-16,MADHYA PRADESH,BETUL,INSTITUTIONAL,TOTAL,SMALL,0,0,0,0,1,2
2015-16,MADHYA PRADESH,BETUL,INSTITUTIONAL,TOTAL,SEMIMEDIUM,0,0,0,0,5,16
2015-16,MADHYA PRADESH,BETUL,INSTITUTIONAL,TOTAL,MEDIUM,0,0,0,0,6,39
2015-16,MADHYA PRADESH,BETUL,INSTITUTIONAL,TOTAL,LARGE,0,0,0,0,5,214
2015-16,MADHYA PRADESH,BETUL,INSTITUTIONAL,TOTAL,ALL CLASSES,0,0,0,0,23,273
2015-16,MADHYA PRADESH,BHIND,SCHEDULED CASTE,TOTAL,MARGINAL,19008,9585,16,5,19024,9590
2015-16,MADHYA PRADESH,BHIND,SCHEDULED CASTE,TOTAL,SMALL,8043,11378,5,7,8048,11385
2015-16,MADHYA PRADESH,BHIND,SCHEDULED CASTE,TOTAL,SEMIMEDIUM,4048,11040,1,2,4049,11042
2015-16,MADHYA PRADESH,BHIND,SCHEDULED CASTE,TOTAL,MEDIUM,857,4587,1,9,858,4596
2015-16,MADHYA PRADESH,BHIND,SCHEDULED CASTE,TOTAL,LARGE,38,497,0,0,38,497
2015-16,MADHYA PRADESH,BHIND,SCHEDULED CASTE,TOTAL,ALL CLASSES,31994,37087,23,23,32017,37110
2015-16,MADHYA PRADESH,BHIND,SCHEDULED TRIBES,TOTAL,MARGINAL,0,0,0,0,0,0
2015-16,MADHYA PRADESH,BHIND,SCHEDULED TRIBES,TOTAL,SMALL,0,0,0,0,0,0
2015-16,MADHYA PRADESH,BHIND,SCHEDULED TRIBES,TOTAL,SEMIMEDIUM,0,0,0,0,0,0
2015-16,MADHYA PRADESH,BHIND,SCHEDULED TRIBES,TOTAL,MEDIUM,0,0,0,0,0,0
2015-16,MADHYA PRADESH,BHIND,SCHEDULED TRIBES,TOTAL,LARGE,0,0,0,0,0,0
2015-16,MADHYA PRADESH,BHIND,SCHEDULED TRIBES,TOTAL,ALL CLASSES,0,0,0,0,0,0
2015-16,MADHYA PRADESH,BHIND,OTHERS,TOTAL,MARGINAL,97529,48702,252,115,97781,48817
2015-16,MADHYA PRADESH,BHIND,OTHERS,TOTAL,SMALL,42700,61119,90,130,42790,61249
2015-16,MADHYA PRADESH,BHIND,OTHERS,TOTAL,SEMIMEDIUM,31604,88827,51,139,31655,88966
2015-16,MADHYA PRADESH,BHIND,OTHERS,TOTAL,MEDIUM,14246,79712,34,192,14280,79905
2015-16,MADHYA PRADESH,BHIND,OTHERS,TOTAL,LARGE,969,12353,2,21,971,12374
2015-16,MADHYA PRADESH,BHIND,OTHERS,TOTAL,ALL CLASSES,187048,290713,429,598,187477,291311
2015-16,MADHYA PRADESH,BHIND,INSTITUTIONAL,TOTAL,MARGINAL,0,0,0,0,87,44
2015-16,MADHYA PRADESH,BHIND,INSTITUTIONAL,TOTAL,SMALL,0,0,0,0,30,45
2015-16,MADHYA PRADESH,BHIND,INSTITUTIONAL,TOTAL,SEMIMEDIUM,0,0,0,0,37,110
2015-16,MADHYA PRADESH,BHIND,INSTITUTIONAL,TOTAL,MEDIUM,0,0,0,0,16,112
2015-16,MADHYA PRADESH,BHIND,INSTITUTIONAL,TOTAL,LARGE,0,0,0,0,11,298
2015-16,MADHYA PRADESH,BHIND,INSTITUTIONAL,TOTAL,ALL CLASSES,0,0,0,0,181,608
2015-16,MADHYA PRADESH,BHOPAL,SCHEDULED CASTE,TOTAL,MARGINAL,3058,1900,77,38,3135,1938
2015-16,MADHYA PRADESH,BHOPAL,SCHEDULED CASTE,TOTAL,SMALL,3198,4318,57,83,3255,4401
2015-16,MADHYA PRADESH,BHOPAL,SCHEDULED CASTE,TOTAL,SEMIMEDIUM,1539,3744,47,105,1586,3849
2015-16,MADHYA PRADESH,BHOPAL,SCHEDULED CASTE,TOTAL,MEDIUM,322,1564,10,59,332,1623
2015-16,MADHYA PRADESH,BHOPAL,SCHEDULED CASTE,TOTAL,LARGE,10,124,0,0,10,124
2015-16,MADHYA PRADESH,BHOPAL,SCHEDULED CASTE,TOTAL,ALL CLASSES,8127,11651,191,284,8318,11936
2015-16,MADHYA PRADESH,BHOPAL,SCHEDULED TRIBES,TOTAL,MARGINAL,208,144,17,6,225,150
2015-16,MADHYA PRADESH,BHOPAL,SCHEDULED TRIBES,TOTAL,SMALL,328,429,10,14,338,443
2015-16,MADHYA PRADESH,BHOPAL,SCHEDULED TRIBES,TOTAL,SEMIMEDIUM,155,349,6,12,161,361
2015-16,MADHYA PRADESH,BHOPAL,SCHEDULED TRIBES,TOTAL,MEDIUM,23,112,0,0,23,112
2015-16,MADHYA PRADESH,BHOPAL,SCHEDULED TRIBES,TOTAL,LARGE,0,0,0,0,0,0
2015-16,MADHYA PRADESH,BHOPAL,SCHEDULED TRIBES,TOTAL,ALL CLASSES,714,1031,33,33,747,1065
2015-16,MADHYA PRADESH,BHOPAL,OTHERS,TOTAL,MARGINAL,19798,11560,396,202,20194,11762
2015-16,MADHYA PRADESH,BHOPAL,OTHERS,TOTAL,SMALL,22681,31686,277,408,22958,32094
2015-16,MADHYA PRADESH,BHOPAL,OTHERS,TOTAL,SEMIMEDIUM,14395,38575,269,729,14664,39304
2015-16,MADHYA PRADESH,BHOPAL,OTHERS,TOTAL,MEDIUM,5679,31940,132,801,5811,32740
2015-16,MADHYA PRADESH,BHOPAL,OTHERS,TOTAL,LARGE,450,6350,19,316,469,6666
2015-16,MADHYA PRADESH,BHOPAL,OTHERS,TOTAL,ALL CLASSES,63003,120110,1093,2456,64096,122566
2015-16,MADHYA PRADESH,BHOPAL,INSTITUTIONAL,TOTAL,MARGINAL,0,0,0,0,3,2
2015-16,MADHYA PRADESH,BHOPAL,INSTITUTIONAL,TOTAL,SMALL,0,0,0,0,2,2
2015-16,MADHYA PRADESH,BHOPAL,INSTITUTIONAL,TOTAL,SEMIMEDIUM,0,0,0,0,6,18
2015-16,MADHYA PRADESH,BHOPAL,INSTITUTIONAL,TOTAL,MEDIUM,0,0,0,0,3,23
2015-16,MADHYA PRADESH,BHOPAL,INSTITUTIONAL,TOTAL,LARGE,0,0,0,0,6,207
2015-16,MADHYA PRADESH,BHOPAL,INSTITUTIONAL,TOTAL,ALL CLASSES,0,0,0,0,20,251
2015-16,MADHYA PRADESH,BURHANPUR,SCHEDULED CASTE,TOTAL,MARGINAL,868,524,0,0,868,524
2015-16,MADHYA PRADESH,BURHANPUR,SCHEDULED CASTE,TOTAL,SMALL,685,963,0,0,685,963
2015-16,MADHYA PRADESH,BURHANPUR,SCHEDULED CASTE,TOTAL,SEMIMEDIUM,339,923,0,0,339,923
2015-16,MADHYA PRADESH,BURHANPUR,SCHEDULED CASTE,TOTAL,MEDIUM,151,861,0,0,151,861
2015-16,MADHYA PRADESH,BURHANPUR,SCHEDULED CASTE,TOTAL,LARGE,13,177,0,0,13,177
2015-16,MADHYA PRADESH,BURHANPUR,SCHEDULED CASTE,TOTAL,ALL CLASSES,2056,3448,0,0,2056,3448
2015-16,MADHYA PRADESH,BURHANPUR,SCHEDULED TRIBES,TOTAL,MARGINAL,3939,2567,0,0,3939,2567
2015-16,MADHYA PRADESH,BURHANPUR,SCHEDULED TRIBES,TOTAL,SMALL,6009,8703,0,0,6009,8703
2015-16,MADHYA PRADESH,BURHANPUR,SCHEDULED TRIBES,TOTAL,SEMIMEDIUM,4206,10935,0,0,4206,10935
2015-16,MADHYA PRADESH,BURHANPUR,SCHEDULED TRIBES,TOTAL,MEDIUM,1323,7141,0,0,1323,7141
2015-16,MADHYA PRADESH,BURHANPUR,SCHEDULED TRIBES,TOTAL,LARGE,65,832,0,0,65,832
2015-16,MADHYA PRADESH,BURHANPUR,SCHEDULED TRIBES,TOTAL,ALL CLASSES,15542,30177,0,0,15542,30177
2015-16,MADHYA PRADESH,BURHANPUR,OTHERS,TOTAL,MARGINAL,12892,8024,1,1,12893,8025
2015-16,MADHYA PRADESH,BURHANPUR,OTHERS,TOTAL,SMALL,14618,20981,0,0,14618,20981
2015-16,MADHYA PRADESH,BURHANPUR,OTHERS,TOTAL,SEMIMEDIUM,7567,19974,0,0,7567,19974
2015-16,MADHYA PRADESH,BURHANPUR,OTHERS,TOTAL,MEDIUM,2681,15482,0,0,2681,15482
2015-16,MADHYA PRADESH,BURHANPUR,OTHERS,TOTAL,LARGE,274,3856,2,33,276,3890
2015-16,MADHYA PRADESH,BURHANPUR,OTHERS,TOTAL,ALL CLASSES,38032,68318,3,34,38035,68352
2015-16,MADHYA PRADESH,BURHANPUR,INSTITUTIONAL,TOTAL,MARGINAL,0,0,0,0,25,15
2015-16,MADHYA PRADESH,BURHANPUR,INSTITUTIONAL,TOTAL,SMALL,0,0,0,0,19,26
2015-16,MADHYA PRADESH,BURHANPUR,INSTITUTIONAL,TOTAL,SEMIMEDIUM,0,0,0,0,13,36
2015-16,MADHYA PRADESH,BURHANPUR,INSTITUTIONAL,TOTAL,MEDIUM,0,0,0,0,26,160
2015-16,MADHYA PRADESH,BURHANPUR,INSTITUTIONAL,TOTAL,LARGE,0,0,0,0,6,117
2015-16,MADHYA PRADESH,BURHANPUR,INSTITUTIONAL,TOTAL,ALL CLASSES,0,0,0,0,89,355
2015-16,MADHYA PRADESH,CHHATARPUR,SCHEDULED CASTE,TOTAL,MARGINAL,30603,16589,7375,4064,37978,20653
2015-16,MADHYA PRADESH,CHHATARPUR,SCHEDULED CASTE,TOTAL,SMALL,19926,27415,5588,7830,25514,35245
2015-16,MADHYA PRADESH,CHHATARPUR,SCHEDULED CASTE,TOTAL,SEMIMEDIUM,7868,20036,3494,9340,11362,29376
2015-16,MADHYA PRADESH,CHHATARPUR,SCHEDULED CASTE,TOTAL,MEDIUM,1597,8519,1126,6192,2723,14710
2015-16,MADHYA PRADESH,CHHATARPUR,SCHEDULED CASTE,TOTAL,LARGE,42,520,82,1188,124,1707
2015-16,MADHYA PRADESH,CHHATARPUR,SCHEDULED CASTE,TOTAL,ALL CLASSES,60036,73078,17665,28613,77701,101691
2015-16,MADHYA PRADESH,CHHATARPUR,SCHEDULED TRIBES,TOTAL,MARGINAL,2767,1549,953,533,3720,2082
2015-16,MADHYA PRADESH,CHHATARPUR,SCHEDULED TRIBES,TOTAL,SMALL,2917,4149,915,1299,3832,5448
2015-16,MADHYA PRADESH,CHHATARPUR,SCHEDULED TRIBES,TOTAL,SEMIMEDIUM,1120,2740,577,1546,1697,4287
2015-16,MADHYA PRADESH,CHHATARPUR,SCHEDULED TRIBES,TOTAL,MEDIUM,162,890,221,1256,383,2147
2015-16,MADHYA PRADESH,CHHATARPUR,SCHEDULED TRIBES,TOTAL,LARGE,9,110,14,212,23,322
2015-16,MADHYA PRADESH,CHHATARPUR,SCHEDULED TRIBES,TOTAL,ALL CLASSES,6975,9439,2680,4846,9655,14284
2015-16,MADHYA PRADESH,CHHATARPUR,OTHERS,TOTAL,MARGINAL,63522,33472,16007,8420,79529,41894
2015-16,MADHYA PRADESH,CHHATARPUR,OTHERS,TOTAL,SMALL,47016,66549,13448,18798,60464,85348
2015-16,MADHYA PRADESH,CHHATARPUR,OTHERS,TOTAL,SEMIMEDIUM,26707,72015,10554,29032,37261,101046
2015-16,MADHYA PRADESH,CHHATARPUR,OTHERS,TOTAL,MEDIUM,10375,58814,5401,31653,15776,90467
2015-16,MADHYA PRADESH,CHHATARPUR,OTHERS,TOTAL,LARGE,773,10610,827,12401,1600,23011
2015-16,MADHYA PRADESH,CHHATARPUR,OTHERS,TOTAL,ALL CLASSES,148393,241461,46237,100305,194630,341765
2015-16,MADHYA PRADESH,CHHATARPUR,INSTITUTIONAL,TOTAL,MARGINAL,0,0,0,0,20,13
2015-16,MADHYA PRADESH,CHHATARPUR,INSTITUTIONAL,TOTAL,SMALL,0,0,0,0,17,25
2015-16,MADHYA PRADESH,CHHATARPUR,INSTITUTIONAL,TOTAL,SEMIMEDIUM,0,0,0,0,37,101
2015-16,MADHYA PRADESH,CHHATARPUR,INSTITUTIONAL,TOTAL,MEDIUM,0,0,0,0,30,196
2015-16,MADHYA PRADESH,CHHATARPUR,INSTITUTIONAL,TOTAL,LARGE,0,0,0,0,26,693
2015-16,MADHYA PRADESH,CHHATARPUR,INSTITUTIONAL,TOTAL,ALL CLASSES,0,0,0,0,130,1027
2015-16,MADHYA PRADESH,CHHINDWARA,SCHEDULED CASTE,TOTAL,MARGINAL,14177,7395,325,160,14502,7555
2015-16,MADHYA PRADESH,CHHINDWARA,SCHEDULED CASTE,TOTAL,SMALL,8794,12301,241,362,9035,12664
2015-16,MADHYA PRADESH,CHHINDWARA,SCHEDULED CASTE,TOTAL,SEMIMEDIUM,4310,11549,244,656,4554,12206
2015-16,MADHYA PRADESH,CHHINDWARA,SCHEDULED CASTE,TOTAL,MEDIUM,1400,7583,115,690,1515,8272
2015-16,MADHYA PRADESH,CHHINDWARA,SCHEDULED CASTE,TOTAL,LARGE,53,693,15,180,68,873
2015-16,MADHYA PRADESH,CHHINDWARA,SCHEDULED CASTE,TOTAL,ALL CLASSES,28734,39522,940,2048,29674,41571
2015-16,MADHYA PRADESH,CHHINDWARA,SCHEDULED TRIBES,TOTAL,MARGINAL,36862,19697,1200,645,38062,20342
2015-16,MADHYA PRADESH,CHHINDWARA,SCHEDULED TRIBES,TOTAL,SMALL,31500,44677,1289,1987,32789,46664
2015-16,MADHYA PRADESH,CHHINDWARA,SCHEDULED TRIBES,TOTAL,SEMIMEDIUM,22716,60838,1822,5129,24538,65968
2015-16,MADHYA PRADESH,CHHINDWARA,SCHEDULED TRIBES,TOTAL,MEDIUM,11299,64521,1810,10926,13109,75447
2015-16,MADHYA PRADESH,CHHINDWARA,SCHEDULED TRIBES,TOTAL,LARGE,1154,16104,433,5889,1587,21992
2015-16,MADHYA PRADESH,CHHINDWARA,SCHEDULED TRIBES,TOTAL,ALL CLASSES,103531,205837,6554,24577,110085,230414
2015-16,MADHYA PRADESH,CHHINDWARA,OTHERS,TOTAL,MARGINAL,75525,40029,1775,824,77300,40853
2015-16,MADHYA PRADESH,CHHINDWARA,OTHERS,TOTAL,SMALL,54307,77155,1240,1749,55547,78903
2015-16,MADHYA PRADESH,CHHINDWARA,OTHERS,TOTAL,SEMIMEDIUM,30839,81492,808,2190,31647,83682
2015-16,MADHYA PRADESH,CHHINDWARA,OTHERS,TOTAL,MEDIUM,9433,51974,322,1832,9755,53805
2015-16,MADHYA PRADESH,CHHINDWARA,OTHERS,TOTAL,LARGE,641,8317,29,425,670,8742
2015-16,MADHYA PRADESH,CHHINDWARA,OTHERS,TOTAL,ALL CLASSES,170745,258966,4174,7020,174919,265986
2015-16,MADHYA PRADESH,CHHINDWARA,INSTITUTIONAL,TOTAL,MARGINAL,0,0,0,0,16,10
2015-16,MADHYA PRADESH,CHHINDWARA,INSTITUTIONAL,TOTAL,SMALL,0,0,0,0,8,11
2015-16,MADHYA PRADESH,CHHINDWARA,INSTITUTIONAL,TOTAL,SEMIMEDIUM,0,0,0,0,6,17
2015-16,MADHYA PRADESH,CHHINDWARA,INSTITUTIONAL,TOTAL,MEDIUM,0,0,0,0,10,69
2015-16,MADHYA PRADESH,CHHINDWARA,INSTITUTIONAL,TOTAL,LARGE,0,0,0,0,7,127
2015-16,MADHYA PRADESH,CHHINDWARA,INSTITUTIONAL,TOTAL,ALL CLASSES,0,0,0,0,47,235
2015-16,MADHYA PRADESH,DAMOH,SCHEDULED CASTE,TOTAL,MARGINAL,16121,7931,1014,499,17135,8430
2015-16,MADHYA PRADESH,DAMOH,SCHEDULED CASTE,TOTAL,SMALL,5812,7887,493,718,6305,8604
2015-16,MADHYA PRADESH,DAMOH,SCHEDULED CASTE,TOTAL,SEMIMEDIUM,2545,6571,245,581,2790,7151
2015-16,MADHYA PRADESH,DAMOH,SCHEDULED CASTE,TOTAL,MEDIUM,434,2128,36,191,470,2318
2015-16,MADHYA PRADESH,DAMOH,SCHEDULED CASTE,TOTAL,LARGE,5,62,2,22,7,84
2015-16,MADHYA PRADESH,DAMOH,SCHEDULED CASTE,TOTAL,ALL CLASSES,24917,24578,1790,2009,26707,26587
2015-16,MADHYA PRADESH,DAMOH,SCHEDULED TRIBES,TOTAL,MARGINAL,9297,4874,898,489,10195,5363
2015-16,MADHYA PRADESH,DAMOH,SCHEDULED TRIBES,TOTAL,SMALL,5186,7214,728,1007,5914,8221
2015-16,MADHYA PRADESH,DAMOH,SCHEDULED TRIBES,TOTAL,SEMIMEDIUM,2691,7062,511,1418,3202,8480
2015-16,MADHYA PRADESH,DAMOH,SCHEDULED TRIBES,TOTAL,MEDIUM,696,3859,222,1301,918,5159
2015-16,MADHYA PRADESH,DAMOH,SCHEDULED TRIBES,TOTAL,LARGE,41,556,23,291,64,847
2015-16,MADHYA PRADESH,DAMOH,SCHEDULED TRIBES,TOTAL,ALL CLASSES,17911,23566,2382,4506,20293,28071
2015-16,MADHYA PRADESH,DAMOH,OTHERS,TOTAL,MARGINAL,75464,38416,5614,2777,81078,41193
2015-16,MADHYA PRADESH,DAMOH,OTHERS,TOTAL,SMALL,42087,60309,3066,4437,45153,64746
2015-16,MADHYA PRADESH,DAMOH,OTHERS,TOTAL,SEMIMEDIUM,23894,66195,1855,5161,25749,71356
2015-16,MADHYA PRADESH,DAMOH,OTHERS,TOTAL,MEDIUM,10121,57914,806,4626,10927,62540
2015-16,MADHYA PRADESH,DAMOH,OTHERS,TOTAL,LARGE,1063,15365,124,1812,1187,17177
2015-16,MADHYA PRADESH,DAMOH,OTHERS,TOTAL,ALL CLASSES,152629,238198,11465,18814,164094,257013
2015-16,MADHYA PRADESH,DAMOH,INSTITUTIONAL,TOTAL,MARGINAL,0,0,0,0,33,15
2015-16,MADHYA PRADESH,DAMOH,INSTITUTIONAL,TOTAL,SMALL,0,0,0,0,24,34
2015-16,MADHYA PRADESH,DAMOH,INSTITUTIONAL,TOTAL,SEMIMEDIUM,0,0,0,0,19,57
2015-16,MADHYA PRADESH,DAMOH,INSTITUTIONAL,TOTAL,MEDIUM,0,0,0,0,18,125
2015-16,MADHYA PRADESH,DAMOH,INSTITUTIONAL,TOTAL,LARGE,0,0,0,0,35,854
2015-16,MADHYA PRADESH,DAMOH,INSTITUTIONAL,TOTAL,ALL CLASSES,0,0,0,0,129,1084
2015-16,MADHYA PRADESH,DATIA,SCHEDULED CASTE,TOTAL,MARGINAL,17485,8796,686,318,18171,9114
2015-16,MADHYA PRADESH,DATIA,SCHEDULED CASTE,TOTAL,SMALL,7137,9674,370,472,7507,10145
2015-16,MADHYA PRADESH,DATIA,SCHEDULED CASTE,TOTAL,SEMIMEDIUM,2669,7011,208,549,2877,7561
2015-16,MADHYA PRADESH,DATIA,SCHEDULED CASTE,TOTAL,MEDIUM,608,3251,71,397,679,3648
2015-16,MADHYA PRADESH,DATIA,SCHEDULED CASTE,TOTAL,LARGE,17,202,3,34,20,236
2015-16,MADHYA PRADESH,DATIA,SCHEDULED CASTE,TOTAL,ALL CLASSES,27916,28935,1338,1770,29254,30705
2015-16,MADHYA PRADESH,DATIA,SCHEDULED TRIBES,TOTAL,MARGINAL,598,318,78,42,676,361
2015-16,MADHYA PRADESH,DATIA,SCHEDULED TRIBES,TOTAL,SMALL,395,546,68,88,463,634
2015-16,MADHYA PRADESH,DATIA,SCHEDULED TRIBES,TOTAL,SEMIMEDIUM,106,276,41,105,147,380
2015-16,MADHYA PRADESH,DATIA,SCHEDULED TRIBES,TOTAL,MEDIUM,16,95,8,43,24,138
2015-16,MADHYA PRADESH,DATIA,SCHEDULED TRIBES,TOTAL,LARGE,0,0,0,0,0,0
2015-16,MADHYA PRADESH,DATIA,SCHEDULED TRIBES,TOTAL,ALL CLASSES,1115,1235,195,278,1310,1512
2015-16,MADHYA PRADESH,DATIA,OTHERS,TOTAL,MARGINAL,56303,27199,2367,1074,58670,28273
2015-16,MADHYA PRADESH,DATIA,OTHERS,TOTAL,SMALL,26951,38139,1143,1582,28094,39720
2015-16,MADHYA PRADESH,DATIA,OTHERS,TOTAL,SEMIMEDIUM,18594,50478,836,2414,19430,52893
2015-16,MADHYA PRADESH,DATIA,OTHERS,TOTAL,MEDIUM,9383,52456,456,2536,9839,54994
2015-16,MADHYA PRADESH,DATIA,OTHERS,TOTAL,LARGE,770,10491,38,563,808,11054
2015-16,MADHYA PRADESH,DATIA,OTHERS,TOTAL,ALL CLASSES,112001,178765,4840,8168,116841,186933
2015-16,MADHYA PRADESH,DATIA,INSTITUTIONAL,TOTAL,MARGINAL,0,0,0,0,17,7
2015-16,MADHYA PRADESH,DATIA,INSTITUTIONAL,TOTAL,SMALL,0,0,0,0,8,11
2015-16,MADHYA PRADESH,DATIA,INSTITUTIONAL,TOTAL,SEMIMEDIUM,0,0,0,0,6,17
2015-16,MADHYA PRADESH,DATIA,INSTITUTIONAL,TOTAL,MEDIUM,0,0,0,0,3,18
2015-16,MADHYA PRADESH,DATIA,INSTITUTIONAL,TOTAL,LARGE,0,0,0,0,4,62
2015-16,MADHYA PRADESH,DATIA,INSTITUTIONAL,TOTAL,ALL CLASSES,0,0,0,0,38,115
2015-16,MADHYA PRADESH,DEWAS,SCHEDULED CASTE,TOTAL,MARGINAL,15155,7856,0,0,15155,7856
2015-16,MADHYA PRADESH,DEWAS,SCHEDULED CASTE,TOTAL,SMALL,7468,9935,0,0,7468,9935
2015-16,MADHYA PRADESH,DEWAS,SCHEDULED CASTE,TOTAL,SEMIMEDIUM,2508,6544,0,0,2508,6544
2015-16,MADHYA PRADESH,DEWAS,SCHEDULED CASTE,TOTAL,MEDIUM,590,3073,0,0,590,3073
2015-16,MADHYA PRADESH,DEWAS,SCHEDULED CASTE,TOTAL,LARGE,25,337,0,0,25,337
2015-16,MADHYA PRADESH,DEWAS,SCHEDULED CASTE,TOTAL,ALL CLASSES,25746,27746,0,0,25746,27746
2015-16,MADHYA PRADESH,DEWAS,SCHEDULED TRIBES,TOTAL,MARGINAL,14511,8128,0,0,14511,8128
2015-16,MADHYA PRADESH,DEWAS,SCHEDULED TRIBES,TOTAL,SMALL,11706,15683,0,0,11706,15683
2015-16,MADHYA PRADESH,DEWAS,SCHEDULED TRIBES,TOTAL,SEMIMEDIUM,4943,12511,0,0,4943,12511
2015-16,MADHYA PRADESH,DEWAS,SCHEDULED TRIBES,TOTAL,MEDIUM,1427,7629,0,0,1427,7629
2015-16,MADHYA PRADESH,DEWAS,SCHEDULED TRIBES,TOTAL,LARGE,75,940,0,0,75,940
2015-16,MADHYA PRADESH,DEWAS,SCHEDULED TRIBES,TOTAL,ALL CLASSES,32662,44892,0,0,32662,44892
2015-16,MADHYA PRADESH,DEWAS,OTHERS,TOTAL,MARGINAL,63928,33191,0,0,63928,33191
2015-16,MADHYA PRADESH,DEWAS,OTHERS,TOTAL,SMALL,61063,87288,0,0,61063,87288
2015-16,MADHYA PRADESH,DEWAS,OTHERS,TOTAL,SEMIMEDIUM,37034,99559,0,0,37034,99559
2015-16,MADHYA PRADESH,DEWAS,OTHERS,TOTAL,MEDIUM,18254,103554,0,0,18254,103554
2015-16,MADHYA PRADESH,DEWAS,OTHERS,TOTAL,LARGE,1426,18893,0,0,1426,18893
2015-16,MADHYA PRADESH,DEWAS,OTHERS,TOTAL,ALL CLASSES,181705,342486,0,0,181705,342486
2015-16,MADHYA PRADESH,DEWAS,INSTITUTIONAL,TOTAL,MARGINAL,0,0,0,0,0,0
2015-16,MADHYA PRADESH,DEWAS,INSTITUTIONAL,TOTAL,SMALL,0,0,0,0,0,0
2015-16,MADHYA PRADESH,DEWAS,INSTITUTIONAL,TOTAL,SEMIMEDIUM,0,0,0,0,0,0
2015-16,MADHYA PRADESH,DEWAS,INSTITUTIONAL,TOTAL,MEDIUM,0,0,0,0,0,0
2015-16,MADHYA PRADESH,DEWAS,INSTITUTIONAL,TOTAL,LARGE,0,0,0,0,0,0
2015-16,MADHYA PRADESH,DEWAS,INSTITUTIONAL,TOTAL,ALL CLASSES,0,0,0,0,0,0
2015-16,MADHYA PRADESH,DHAR,SCHEDULED CASTE,TOTAL,MARGINAL,6529,3223,20,8,6549,3232
2015-16,MADHYA PRADESH,DHAR,SCHEDULED CASTE,TOTAL,SMALL,2785,3894,8,11,2793,3906
2015-16,MADHYA PRADESH,DHAR,SCHEDULED CASTE,TOTAL,SEMIMEDIUM,1123,3031,4,12,1127,3042
2015-16,MADHYA PRADESH,DHAR,SCHEDULED CASTE,TOTAL,MEDIUM,329,1714,2,9,331,1723
2015-16,MADHYA PRADESH,DHAR,SCHEDULED CASTE,TOTAL,LARGE,24,951,0,0,24,951
2015-16,MADHYA PRADESH,DHAR,SCHEDULED CASTE,TOTAL,ALL CLASSES,10790,12813,34,41,10824,12854
2015-16,MADHYA PRADESH,DHAR,SCHEDULED TRIBES,TOTAL,MARGINAL,69595,36593,724,383,70319,36976
2015-16,MADHYA PRADESH,DHAR,SCHEDULED TRIBES,TOTAL,SMALL,43961,61352,537,766,44498,62118
2015-16,MADHYA PRADESH,DHAR,SCHEDULED TRIBES,TOTAL,SEMIMEDIUM,25839,68766,413,1171,26252,69937
2015-16,MADHYA PRADESH,DHAR,SCHEDULED TRIBES,TOTAL,MEDIUM,8963,49823,213,1203,9176,51026
2015-16,MADHYA PRADESH,DHAR,SCHEDULED TRIBES,TOTAL,LARGE,573,7595,20,262,593,7858
2015-16,MADHYA PRADESH,DHAR,SCHEDULED TRIBES,TOTAL,ALL CLASSES,148931,224129,1907,3786,150838,227915
2015-16,MADHYA PRADESH,DHAR,OTHERS,TOTAL,MARGINAL,42307,21094,208,70,42515,21165
2015-16,MADHYA PRADESH,DHAR,OTHERS,TOTAL,SMALL,34767,50501,134,185,34901,50686
2015-16,MADHYA PRADESH,DHAR,OTHERS,TOTAL,SEMIMEDIUM,28388,78891,105,317,28493,79208
2015-16,MADHYA PRADESH,DHAR,OTHERS,TOTAL,MEDIUM,15096,87866,59,346,15155,88212
2015-16,MADHYA PRADESH,DHAR,OTHERS,TOTAL,LARGE,1331,18851,1,14,1332,18865
2015-16,MADHYA PRADESH,DHAR,OTHERS,TOTAL,ALL CLASSES,121889,257203,507,931,122396,258134
2015-16,MADHYA PRADESH,DHAR,INSTITUTIONAL,TOTAL,MARGINAL,0,0,0,0,6,2
2015-16,MADHYA PRADESH,DHAR,INSTITUTIONAL,TOTAL,SMALL,0,0,0,0,3,5
2015-16,MADHYA PRADESH,DHAR,INSTITUTIONAL,TOTAL,SEMIMEDIUM,0,0,0,0,2,5
2015-16,MADHYA PRADESH,DHAR,INSTITUTIONAL,TOTAL,MEDIUM,0,0,0,0,1,7
2015-16,MADHYA PRADESH,DHAR,INSTITUTIONAL,TOTAL,LARGE,0,0,0,0,4,83
2015-16,MADHYA PRADESH,DHAR,INSTITUTIONAL,TOTAL,ALL CLASSES,0,0,0,0,16,103
2015-16,MADHYA PRADESH,DINDORI,SCHEDULED CASTE,TOTAL,MARGINAL,4653,2183,577,216,5230,2399
2015-16,MADHYA PRADESH,DINDORI,SCHEDULED CASTE,TOTAL,SMALL,1591,2425,267,364,1858,2789
2015-16,MADHYA PRADESH,DINDORI,SCHEDULED CASTE,TOTAL,SEMIMEDIUM,1059,2949,167,451,1226,3401
2015-16,MADHYA PRADESH,DINDORI,SCHEDULED CASTE,TOTAL,MEDIUM,222,1228,126,718,348,1945
2015-16,MADHYA PRADESH,DINDORI,SCHEDULED CASTE,TOTAL,LARGE,23,291,18,239,41,530
2015-16,MADHYA PRADESH,DINDORI,SCHEDULED CASTE,TOTAL,ALL CLASSES,7548,9075,1155,1988,8703,11063
2015-16,MADHYA PRADESH,DINDORI,SCHEDULED TRIBES,TOTAL,MARGINAL,38548,17552,5379,2134,43927,19687
2015-16,MADHYA PRADESH,DINDORI,SCHEDULED TRIBES,TOTAL,SMALL,19238,26473,2742,3744,21980,30217
2015-16,MADHYA PRADESH,DINDORI,SCHEDULED TRIBES,TOTAL,SEMIMEDIUM,14616,39170,2885,8043,17501,47213
2015-16,MADHYA PRADESH,DINDORI,SCHEDULED TRIBES,TOTAL,MEDIUM,9186,53115,2743,16579,11929,69694
2015-16,MADHYA PRADESH,DINDORI,SCHEDULED TRIBES,TOTAL,LARGE,1139,15338,535,7261,1674,22599
2015-16,MADHYA PRADESH,DINDORI,SCHEDULED TRIBES,TOTAL,ALL CLASSES,82727,151648,14284,37762,97011,189410
2015-16,MADHYA PRADESH,DINDORI,OTHERS,TOTAL,MARGINAL,17073,6910,1682,585,18755,7494
2015-16,MADHYA PRADESH,DINDORI,OTHERS,TOTAL,SMALL,7339,9629,709,975,8048,10603
2015-16,MADHYA PRADESH,DINDORI,OTHERS,TOTAL,SEMIMEDIUM,4687,11834,461,1227,5148,13061
2015-16,MADHYA PRADESH,DINDORI,OTHERS,TOTAL,MEDIUM,2269,12901,356,2049,2625,14949
2015-16,MADHYA PRADESH,DINDORI,OTHERS,TOTAL,LARGE,140,1831,44,556,184,2387
2015-16,MADHYA PRADESH,DINDORI,OTHERS,TOTAL,ALL CLASSES,31508,43104,3252,5392,34760,48496
2015-16,MADHYA PRADESH,DINDORI,INSTITUTIONAL,TOTAL,MARGINAL,0,0,0,0,56,15
2015-16,MADHYA PRADESH,DINDORI,INSTITUTIONAL,TOTAL,SMALL,0,0,0,0,4,6
2015-16,MADHYA PRADESH,DINDORI,INSTITUTIONAL,TOTAL,SEMIMEDIUM,0,0,0,0,3,9
2015-16,MADHYA PRADESH,DINDORI,INSTITUTIONAL,TOTAL,MEDIUM,0,0,0,0,4,21
2015-16,MADHYA PRADESH,DINDORI,INSTITUTIONAL,TOTAL,LARGE,0,0,0,0,6,281
2015-16,MADHYA PRADESH,DINDORI,INSTITUTIONAL,TOTAL,ALL CLASSES,0,0,0,0,73,333
2015-16,MADHYA PRADESH,GUNA,SCHEDULED CASTE,TOTAL,MARGINAL,9886,5364,1122,586,11008,5950
2015-16,MADHYA PRADESH,GUNA,SCHEDULED CASTE,TOTAL,SMALL,7905,10703,769,1000,8674,11703
2015-16,MADHYA PRADESH,GUNA,SCHEDULED CASTE,TOTAL,SEMIMEDIUM,3103,7911,392,1010,3495,8921
2015-16,MADHYA PRADESH,GUNA,SCHEDULED CASTE,TOTAL,MEDIUM,548,2744,65,344,613,3089
2015-16,MADHYA PRADESH,GUNA,SCHEDULED CASTE,TOTAL,LARGE,7,102,1,12,8,114
2015-16,MADHYA PRADESH,GUNA,SCHEDULED CASTE,TOTAL,ALL CLASSES,21449,26824,2349,2952,23798,29776
2015-16,MADHYA PRADESH,GUNA,SCHEDULED TRIBES,TOTAL,MARGINAL,5975,3479,613,359,6588,3838
2015-16,MADHYA PRADESH,GUNA,SCHEDULED TRIBES,TOTAL,SMALL,7816,10597,625,856,8441,11453
2015-16,MADHYA PRADESH,GUNA,SCHEDULED TRIBES,TOTAL,SEMIMEDIUM,5281,13239,463,1229,5744,14468
2015-16,MADHYA PRADESH,GUNA,SCHEDULED TRIBES,TOTAL,MEDIUM,1373,6835,229,1310,1602,8146
2015-16,MADHYA PRADESH,GUNA,SCHEDULED TRIBES,TOTAL,LARGE,25,382,15,183,40,564
2015-16,MADHYA PRADESH,GUNA,SCHEDULED TRIBES,TOTAL,ALL CLASSES,20470,34533,1945,3937,22415,38470
2015-16,MADHYA PRADESH,GUNA,OTHERS,TOTAL,MARGINAL,47301,24228,5589,2582,52890,26810
2015-16,MADHYA PRADESH,GUNA,OTHERS,TOTAL,SMALL,38862,55121,3610,5064,42472,60184
2015-16,MADHYA PRADESH,GUNA,OTHERS,TOTAL,SEMIMEDIUM,26723,72103,3137,8619,29860,80721
2015-16,MADHYA PRADESH,GUNA,OTHERS,TOTAL,MEDIUM,11121,63050,2034,12041,13155,75090
2015-16,MADHYA PRADESH,GUNA,OTHERS,TOTAL,LARGE,854,12654,331,4624,1185,17278
2015-16,MADHYA PRADESH,GUNA,OTHERS,TOTAL,ALL CLASSES,124861,227155,14701,32929,139562,260083
2015-16,MADHYA PRADESH,GUNA,INSTITUTIONAL,TOTAL,MARGINAL,0,0,0,0,83,30
2015-16,MADHYA PRADESH,GUNA,INSTITUTIONAL,TOTAL,SMALL,0,0,0,0,49,68
2015-16,MADHYA PRADESH,GUNA,INSTITUTIONAL,TOTAL,SEMIMEDIUM,0,0,0,0,57,159
2015-16,MADHYA PRADESH,GUNA,INSTITUTIONAL,TOTAL,MEDIUM,0,0,0,0,22,117
2015-16,MADHYA PRADESH,GUNA,INSTITUTIONAL,TOTAL,LARGE,0,0,0,0,16,587
2015-16,MADHYA PRADESH,GUNA,INSTITUTIONAL,TOTAL,ALL CLASSES,0,0,0,0,227,959
2015-16,MADHYA PRADESH,GWALIOR,SCHEDULED CASTE,TOTAL,MARGINAL,13683,6522,952,436,14635,6958
2015-16,MADHYA PRADESH,GWALIOR,SCHEDULED CASTE,TOTAL,SMALL,5245,7008,474,683,5719,7690
2015-16,MADHYA PRADESH,GWALIOR,SCHEDULED CASTE,TOTAL,SEMIMEDIUM,2294,6060,253,687,2547,6747
2015-16,MADHYA PRADESH,GWALIOR,SCHEDULED CASTE,TOTAL,MEDIUM,600,3087,76,408,676,3495
2015-16,MADHYA PRADESH,GWALIOR,SCHEDULED CASTE,TOTAL,LARGE,17,268,21,541,38,809
2015-16,MADHYA PRADESH,GWALIOR,SCHEDULED CASTE,TOTAL,ALL CLASSES,21839,22945,1776,2755,23615,25700
2015-16,MADHYA PRADESH,GWALIOR,SCHEDULED TRIBES,TOTAL,MARGINAL,1969,1033,38,22,2007,1055
2015-16,MADHYA PRADESH,GWALIOR,SCHEDULED TRIBES,TOTAL,SMALL,1491,2117,39,54,1530,2171
2015-16,MADHYA PRADESH,GWALIOR,SCHEDULED TRIBES,TOTAL,SEMIMEDIUM,697,1707,21,59,718,1766
2015-16,MADHYA PRADESH,GWALIOR,SCHEDULED TRIBES,TOTAL,MEDIUM,93,483,1,6,94,489
2015-16,MADHYA PRADESH,GWALIOR,SCHEDULED TRIBES,TOTAL,LARGE,5,71,1,11,6,82
2015-16,MADHYA PRADESH,GWALIOR,SCHEDULED TRIBES,TOTAL,ALL CLASSES,4255,5411,100,152,4355,5563
2015-16,MADHYA PRADESH,GWALIOR,OTHERS,TOTAL,MARGINAL,54542,26211,3527,1733,58069,27944
2015-16,MADHYA PRADESH,GWALIOR,OTHERS,TOTAL,SMALL,26021,36860,1897,2678,27918,39538
2015-16,MADHYA PRADESH,GWALIOR,OTHERS,TOTAL,SEMIMEDIUM,16032,43976,1335,3735,17367,47711
2015-16,MADHYA PRADESH,GWALIOR,OTHERS,TOTAL,MEDIUM,7096,38604,611,3561,7707,42166
2015-16,MADHYA PRADESH,GWALIOR,OTHERS,TOTAL,LARGE,476,7757,104,2067,580,9825
2015-16,MADHYA PRADESH,GWALIOR,OTHERS,TOTAL,ALL CLASSES,104167,153408,7474,13775,111641,167183
2015-16,MADHYA PRADESH,GWALIOR,INSTITUTIONAL,TOTAL,MARGINAL,0,0,0,0,330,157
2015-16,MADHYA PRADESH,GWALIOR,INSTITUTIONAL,TOTAL,SMALL,0,0,0,0,133,189
2015-16,MADHYA PRADESH,GWALIOR,INSTITUTIONAL,TOTAL,SEMIMEDIUM,0,0,0,0,108,301
2015-16,MADHYA PRADESH,GWALIOR,INSTITUTIONAL,TOTAL,MEDIUM,0,0,0,0,132,831
2015-16,MADHYA PRADESH,GWALIOR,INSTITUTIONAL,TOTAL,LARGE,0,0,0,0,38,1228
2015-16,MADHYA PRADESH,GWALIOR,INSTITUTIONAL,TOTAL,ALL CLASSES,0,0,0,0,741,2706
2015-16,MADHYA PRADESH,HARDA,SCHEDULED CASTE,TOTAL,MARGINAL,2168,1341,50,24,2218,1364
2015-16,MADHYA PRADESH,HARDA,SCHEDULED CASTE,TOTAL,SMALL,2473,3289,35,53,2508,3342
2015-16,MADHYA PRADESH,HARDA,SCHEDULED CASTE,TOTAL,SEMIMEDIUM,1551,4043,15,42,1566,4085
2015-16,MADHYA PRADESH,HARDA,SCHEDULED CASTE,TOTAL,MEDIUM,478,2405,2,14,480,2419
2015-16,MADHYA PRADESH,HARDA,SCHEDULED CASTE,TOTAL,LARGE,16,242,0,0,16,242
2015-16,MADHYA PRADESH,HARDA,SCHEDULED CASTE,TOTAL,ALL CLASSES,6686,11319,102,132,6788,11452
2015-16,MADHYA PRADESH,HARDA,SCHEDULED TRIBES,TOTAL,MARGINAL,2317,1365,55,23,2372,1389
2015-16,MADHYA PRADESH,HARDA,SCHEDULED TRIBES,TOTAL,SMALL,2374,3490,60,90,2434,3580
2015-16,MADHYA PRADESH,HARDA,SCHEDULED TRIBES,TOTAL,SEMIMEDIUM,1996,5235,71,202,2067,5438
2015-16,MADHYA PRADESH,HARDA,SCHEDULED TRIBES,TOTAL,MEDIUM,804,4431,66,415,870,4846
2015-16,MADHYA PRADESH,HARDA,SCHEDULED TRIBES,TOTAL,LARGE,65,887,16,221,81,1108
2015-16,MADHYA PRADESH,HARDA,SCHEDULED TRIBES,TOTAL,ALL CLASSES,7556,15410,268,951,7824,16361
2015-16,MADHYA PRADESH,HARDA,OTHERS,TOTAL,MARGINAL,6936,4318,184,89,7120,4408
2015-16,MADHYA PRADESH,HARDA,OTHERS,TOTAL,SMALL,10991,15364,151,235,11142,15599
2015-16,MADHYA PRADESH,HARDA,OTHERS,TOTAL,SEMIMEDIUM,11736,32598,141,386,11877,32985
2015-16,MADHYA PRADESH,HARDA,OTHERS,TOTAL,MEDIUM,10213,60980,61,365,10274,61345
2015-16,MADHYA PRADESH,HARDA,OTHERS,TOTAL,LARGE,2436,39761,3,45,2439,39806
2015-16,MADHYA PRADESH,HARDA,OTHERS,TOTAL,ALL CLASSES,42312,153022,540,1121,42852,154143
2015-16,MADHYA PRADESH,HARDA,INSTITUTIONAL,TOTAL,MARGINAL,0,0,0,0,4,2
2015-16,MADHYA PRADESH,HARDA,INSTITUTIONAL,TOTAL,SMALL,0,0,0,0,2,3
2015-16,MADHYA PRADESH,HARDA,INSTITUTIONAL,TOTAL,SEMIMEDIUM,0,0,0,0,0,0
2015-16,MADHYA PRADESH,HARDA,INSTITUTIONAL,TOTAL,MEDIUM,0,0,0,0,0,0
2015-16,MADHYA PRADESH,HARDA,INSTITUTIONAL,TOTAL,LARGE,0,0,0,0,3,123
2015-16,MADHYA PRADESH,HARDA,INSTITUTIONAL,TOTAL,ALL CLASSES,0,0,0,0,9,128
2015-16,MADHYA PRADESH,HOSANGABAD,SCHEDULED CASTE,TOTAL,MARGINAL,5926,3463,315,169,6241,3632
2015-16,MADHYA PRADESH,HOSANGABAD,SCHEDULED CASTE,TOTAL,SMALL,3380,4713,172,236,3552,4949
2015-16,MADHYA PRADESH,HOSANGABAD,SCHEDULED CASTE,TOTAL,SEMIMEDIUM,1560,4070,87,233,1647,4304
2015-16,MADHYA PRADESH,HOSANGABAD,SCHEDULED CASTE,TOTAL,MEDIUM,352,1749,20,103,372,1853
2015-16,MADHYA PRADESH,HOSANGABAD,SCHEDULED CASTE,TOTAL,LARGE,11,140,1,11,12,151
2015-16,MADHYA PRADESH,HOSANGABAD,SCHEDULED CASTE,TOTAL,ALL CLASSES,11229,14135,595,753,11824,14888
2015-16,MADHYA PRADESH,HOSANGABAD,SCHEDULED TRIBES,TOTAL,MARGINAL,5819,3466,266,152,6085,3617
2015-16,MADHYA PRADESH,HOSANGABAD,SCHEDULED TRIBES,TOTAL,SMALL,4867,6869,258,421,5125,7289
2015-16,MADHYA PRADESH,HOSANGABAD,SCHEDULED TRIBES,TOTAL,SEMIMEDIUM,2870,7680,196,539,3066,8219
2015-16,MADHYA PRADESH,HOSANGABAD,SCHEDULED TRIBES,TOTAL,MEDIUM,962,5456,56,331,1018,5787
2015-16,MADHYA PRADESH,HOSANGABAD,SCHEDULED TRIBES,TOTAL,LARGE,61,846,10,193,71,1039
2015-16,MADHYA PRADESH,HOSANGABAD,SCHEDULED TRIBES,TOTAL,ALL CLASSES,14579,24316,786,1636,15365,25952
2015-16,MADHYA PRADESH,HOSANGABAD,OTHERS,TOTAL,MARGINAL,51189,28316,1376,721,52565,29037
2015-16,MADHYA PRADESH,HOSANGABAD,OTHERS,TOTAL,SMALL,38700,55066,1370,1978,40070,57044
2015-16,MADHYA PRADESH,HOSANGABAD,OTHERS,TOTAL,SEMIMEDIUM,27326,74070,980,2624,28306,76694
2015-16,MADHYA PRADESH,HOSANGABAD,OTHERS,TOTAL,MEDIUM,14342,83017,433,2405,14775,85422
2015-16,MADHYA PRADESH,HOSANGABAD,OTHERS,TOTAL,LARGE,1313,21141,32,445,1345,21587
2015-16,MADHYA PRADESH,HOSANGABAD,OTHERS,TOTAL,ALL CLASSES,132870,261611,4191,8174,137061,269785
2015-16,MADHYA PRADESH,HOSANGABAD,INSTITUTIONAL,TOTAL,MARGINAL,0,0,0,0,9,4
2015-16,MADHYA PRADESH,HOSANGABAD,INSTITUTIONAL,TOTAL,SMALL,0,0,0,0,10,13
2015-16,MADHYA PRADESH,HOSANGABAD,INSTITUTIONAL,TOTAL,SEMIMEDIUM,0,0,0,0,17,45
2015-16,MADHYA PRADESH,HOSANGABAD,INSTITUTIONAL,TOTAL,MEDIUM,0,0,0,0,9,56
2015-16,MADHYA PRADESH,HOSANGABAD,INSTITUTIONAL,TOTAL,LARGE,0,0,0,0,26,1517
2015-16,MADHYA PRADESH,HOSANGABAD,INSTITUTIONAL,TOTAL,ALL CLASSES,0,0,0,0,71,1636
2015-16,MADHYA PRADESH,INDORE,SCHEDULED CASTE,TOTAL,MARGINAL,9942,4995,92,48,10034,5043
2015-16,MADHYA PRADESH,INDORE,SCHEDULED CASTE,TOTAL,SMALL,2507,3417,30,39,2537,3456
2015-16,MADHYA PRADESH,INDORE,SCHEDULED CASTE,TOTAL,SEMIMEDIUM,796,2259,19,46,815,2305
2015-16,MADHYA PRADESH,INDORE,SCHEDULED CASTE,TOTAL,MEDIUM,352,1695,8,42,360,1736
2015-16,MADHYA PRADESH,INDORE,SCHEDULED CASTE,TOTAL,LARGE,3,38,1,11,4,49
2015-16,MADHYA PRADESH,INDORE,SCHEDULED CASTE,TOTAL,ALL CLASSES,13600,12405,150,185,13750,12590
2015-16,MADHYA PRADESH,INDORE,SCHEDULED TRIBES,TOTAL,MARGINAL,4136,2296,9,5,4145,2300
2015-16,MADHYA PRADESH,INDORE,SCHEDULED TRIBES,TOTAL,SMALL,1841,2516,1,1,1842,2517
2015-16,MADHYA PRADESH,INDORE,SCHEDULED TRIBES,TOTAL,SEMIMEDIUM,541,1374,2,6,543,1380
2015-16,MADHYA PRADESH,INDORE,SCHEDULED TRIBES,TOTAL,MEDIUM,151,774,1,4,152,778
2015-16,MADHYA PRADESH,INDORE,SCHEDULED TRIBES,TOTAL,LARGE,4,52,0,0,4,52
2015-16,MADHYA PRADESH,INDORE,SCHEDULED TRIBES,TOTAL,ALL CLASSES,6673,7011,13,16,6686,7027
2015-16,MADHYA PRADESH,INDORE,OTHERS,TOTAL,MARGINAL,45566,24126,161,100,45727,24226
2015-16,MADHYA PRADESH,INDORE,OTHERS,TOTAL,SMALL,32266,46292,132,196,32398,46488
2015-16,MADHYA PRADESH,INDORE,OTHERS,TOTAL,SEMIMEDIUM,23629,64931,130,364,23759,65296
2015-16,MADHYA PRADESH,INDORE,OTHERS,TOTAL,MEDIUM,11174,63678,106,620,11280,64298
2015-16,MADHYA PRADESH,INDORE,OTHERS,TOTAL,LARGE,857,11585,30,466,887,12050
2015-16,MADHYA PRADESH,INDORE,OTHERS,TOTAL,ALL CLASSES,113492,210612,559,1746,114051,212358
2015-16,MADHYA PRADESH,INDORE,INSTITUTIONAL,TOTAL,MARGINAL,0,0,0,0,17,10
2015-16,MADHYA PRADESH,INDORE,INSTITUTIONAL,TOTAL,SMALL,0,0,0,0,21,30
2015-16,MADHYA PRADESH,INDORE,INSTITUTIONAL,TOTAL,SEMIMEDIUM,0,0,0,0,8,21
2015-16,MADHYA PRADESH,INDORE,INSTITUTIONAL,TOTAL,MEDIUM,0,0,0,0,12,78
2015-16,MADHYA PRADESH,INDORE,INSTITUTIONAL,TOTAL,LARGE,0,0,0,0,12,243
2015-16,MADHYA PRADESH,INDORE,INSTITUTIONAL,TOTAL,ALL CLASSES,0,0,0,0,70,383
2015-16,MADHYA PRADESH,JABALPUR,SCHEDULED CASTE,TOTAL,MARGINAL,10239,4974,924,449,11163,5422
2015-16,MADHYA PRADESH,JABALPUR,SCHEDULED CASTE,TOTAL,SMALL,3573,4876,378,480,3951,5357
2015-16,MADHYA PRADESH,JABALPUR,SCHEDULED CASTE,TOTAL,SEMIMEDIUM,1434,3953,208,554,1642,4508
2015-16,MADHYA PRADESH,JABALPUR,SCHEDULED CASTE,TOTAL,MEDIUM,286,1409,83,483,369,1892
2015-16,MADHYA PRADESH,JABALPUR,SCHEDULED CASTE,TOTAL,LARGE,5,74,3,66,8,140
2015-16,MADHYA PRADESH,JABALPUR,SCHEDULED CASTE,TOTAL,ALL CLASSES,15537,15286,1596,2032,17133,17318
2015-16,MADHYA PRADESH,JABALPUR,SCHEDULED TRIBES,TOTAL,MARGINAL,18220,9263,1781,769,20001,10031
2015-16,MADHYA PRADESH,JABALPUR,SCHEDULED TRIBES,TOTAL,SMALL,9120,12391,1150,1392,10270,13782
2015-16,MADHYA PRADESH,JABALPUR,SCHEDULED TRIBES,TOTAL,SEMIMEDIUM,5443,14296,1398,3622,6841,17917
2015-16,MADHYA PRADESH,JABALPUR,SCHEDULED TRIBES,TOTAL,MEDIUM,2273,12104,1171,6409,3444,18515
2015-16,MADHYA PRADESH,JABALPUR,SCHEDULED TRIBES,TOTAL,LARGE,149,1728,225,2692,374,4420
2015-16,MADHYA PRADESH,JABALPUR,SCHEDULED TRIBES,TOTAL,ALL CLASSES,35205,49781,5725,14884,40930,64665
2015-16,MADHYA PRADESH,JABALPUR,OTHERS,TOTAL,MARGINAL,82052,40942,4076,2024,86128,42966
2015-16,MADHYA PRADESH,JABALPUR,OTHERS,TOTAL,SMALL,38825,54392,2082,2896,40907,57287
2015-16,MADHYA PRADESH,JABALPUR,OTHERS,TOTAL,SEMIMEDIUM,19468,53324,1526,4157,20994,57482
2015-16,MADHYA PRADESH,JABALPUR,OTHERS,TOTAL,MEDIUM,7423,42378,562,3265,7985,45643
2015-16,MADHYA PRADESH,JABALPUR,OTHERS,TOTAL,LARGE,591,11461,74,1024,665,12485
2015-16,MADHYA PRADESH,JABALPUR,OTHERS,TOTAL,ALL CLASSES,148359,202497,8320,13366,156679,215863
2015-16,MADHYA PRADESH,JABALPUR,INSTITUTIONAL,TOTAL,MARGINAL,0,0,0,0,9,5
2015-16,MADHYA PRADESH,JABALPUR,INSTITUTIONAL,TOTAL,SMALL,0,0,0,0,6,8
2015-16,MADHYA PRADESH,JABALPUR,INSTITUTIONAL,TOTAL,SEMIMEDIUM,0,0,0,0,8,23
2015-16,MADHYA PRADESH,JABALPUR,INSTITUTIONAL,TOTAL,MEDIUM,0,0,0,0,15,92
2015-16,MADHYA PRADESH,JABALPUR,INSTITUTIONAL,TOTAL,LARGE,0,0,0,0,4,126
2015-16,MADHYA PRADESH,JABALPUR,INSTITUTIONAL,TOTAL,ALL CLASSES,0,0,0,0,42,254
2015-16,MADHYA PRADESH,JHABUA,SCHEDULED CASTE,TOTAL,MARGINAL,735,301,1,0,736,301
2015-16,MADHYA PRADESH,JHABUA,SCHEDULED CASTE,TOTAL,SMALL,232,329,0,0,232,329
2015-16,MADHYA PRADESH,JHABUA,SCHEDULED CASTE,TOTAL,SEMIMEDIUM,89,223,1,4,90,226
2015-16,MADHYA PRADESH,JHABUA,SCHEDULED CASTE,TOTAL,MEDIUM,6,33,1,9,7,41
2015-16,MADHYA PRADESH,JHABUA,SCHEDULED CASTE,TOTAL,LARGE,1,11,0,0,1,11
2015-16,MADHYA PRADESH,JHABUA,SCHEDULED CASTE,TOTAL,ALL CLASSES,1063,897,3,13,1066,909
2015-16,MADHYA PRADESH,JHABUA,SCHEDULED TRIBES,TOTAL,MARGINAL,82259,41447,129,72,82388,41519
2015-16,MADHYA PRADESH,JHABUA,SCHEDULED TRIBES,TOTAL,SMALL,39035,54933,85,125,39120,55059
2015-16,MADHYA PRADESH,JHABUA,SCHEDULED TRIBES,TOTAL,SEMIMEDIUM,19219,51359,104,308,19323,51667
2015-16,MADHYA PRADESH,JHABUA,SCHEDULED TRIBES,TOTAL,MEDIUM,4144,22218,52,280,4196,22499
2015-16,MADHYA PRADESH,JHABUA,SCHEDULED TRIBES,TOTAL,LARGE,147,1826,6,72,153,1898
2015-16,MADHYA PRADESH,JHABUA,SCHEDULED TRIBES,TOTAL,ALL CLASSES,144804,171784,376,857,145180,172641
2015-16,MADHYA PRADESH,JHABUA,OTHERS,TOTAL,MARGINAL,6417,2903,19,7,6436,2911
2015-16,MADHYA PRADESH,JHABUA,OTHERS,TOTAL,SMALL,3697,5158,9,15,3706,5173
2015-16,MADHYA PRADESH,JHABUA,OTHERS,TOTAL,SEMIMEDIUM,2325,6321,7,18,2332,6339
2015-16,MADHYA PRADESH,JHABUA,OTHERS,TOTAL,MEDIUM,825,4654,8,45,833,4700
2015-16,MADHYA PRADESH,JHABUA,OTHERS,TOTAL,LARGE,46,615,0,0,46,615
2015-16,MADHYA PRADESH,JHABUA,OTHERS,TOTAL,ALL CLASSES,13310,19650,43,86,13353,19736
2015-16,MADHYA PRADESH,JHABUA,INSTITUTIONAL,TOTAL,MARGINAL,0,0,0,0,26,12
2015-16,MADHYA PRADESH,JHABUA,INSTITUTIONAL,TOTAL,SMALL,0,0,0,0,15,21
2015-16,MADHYA PRADESH,JHABUA,INSTITUTIONAL,TOTAL,SEMIMEDIUM,0,0,0,0,13,38
2015-16,MADHYA PRADESH,JHABUA,INSTITUTIONAL,TOTAL,MEDIUM,0,0,0,0,12,76
2015-16,MADHYA PRADESH,JHABUA,INSTITUTIONAL,TOTAL,LARGE,0,0,0,0,8,157
2015-16,MADHYA PRADESH,JHABUA,INSTITUTIONAL,TOTAL,ALL CLASSES,0,0,0,0,74,305
2015-16,MADHYA PRADESH,KAHNDWA,SCHEDULED CASTE,TOTAL,MARGINAL,4455,2681,13,6,4468,2687
2015-16,MADHYA PRADESH,KAHNDWA,SCHEDULED CASTE,TOTAL,SMALL,4991,7014,14,21,5005,7035
2015-16,MADHYA PRADESH,KAHNDWA,SCHEDULED CASTE,TOTAL,SEMIMEDIUM,2290,6063,11,29,2301,6092
2015-16,MADHYA PRADESH,KAHNDWA,SCHEDULED CASTE,TOTAL,MEDIUM,661,3595,2,9,663,3604
2015-16,MADHYA PRADESH,KAHNDWA,SCHEDULED CASTE,TOTAL,LARGE,44,615,0,0,44,615
2015-16,MADHYA PRADESH,KAHNDWA,SCHEDULED CASTE,TOTAL,ALL CLASSES,12441,19968,40,66,12481,20034
2015-16,MADHYA PRADESH,KAHNDWA,SCHEDULED TRIBES,TOTAL,MARGINAL,10673,6587,18,13,10691,6600
2015-16,MADHYA PRADESH,KAHNDWA,SCHEDULED TRIBES,TOTAL,SMALL,16661,23284,37,55,16698,23339
2015-16,MADHYA PRADESH,KAHNDWA,SCHEDULED TRIBES,TOTAL,SEMIMEDIUM,10276,27104,41,116,10317,27219
2015-16,MADHYA PRADESH,KAHNDWA,SCHEDULED TRIBES,TOTAL,MEDIUM,3616,19736,14,80,3630,19815
2015-16,MADHYA PRADESH,KAHNDWA,SCHEDULED TRIBES,TOTAL,LARGE,278,3460,2,24,280,3484
2015-16,MADHYA PRADESH,KAHNDWA,SCHEDULED TRIBES,TOTAL,ALL CLASSES,41504,80170,112,287,41616,80457
2015-16,MADHYA PRADESH,KAHNDWA,OTHERS,TOTAL,MARGINAL,31121,18471,79,42,31200,18513
2015-16,MADHYA PRADESH,KAHNDWA,OTHERS,TOTAL,SMALL,43170,61673,129,191,43299,61865
2015-16,MADHYA PRADESH,KAHNDWA,OTHERS,TOTAL,SEMIMEDIUM,26235,70104,73,198,26308,70302
2015-16,MADHYA PRADESH,KAHNDWA,OTHERS,TOTAL,MEDIUM,10076,55572,30,182,10106,55753
2015-16,MADHYA PRADESH,KAHNDWA,OTHERS,TOTAL,LARGE,656,9141,7,92,663,9233
2015-16,MADHYA PRADESH,KAHNDWA,OTHERS,TOTAL,ALL CLASSES,111258,214962,318,704,111576,215666
2015-16,MADHYA PRADESH,KAHNDWA,INSTITUTIONAL,TOTAL,MARGINAL,0,0,0,0,0,0
2015-16,MADHYA PRADESH,KAHNDWA,INSTITUTIONAL,TOTAL,SMALL,0,0,0,0,0,0
2015-16,MADHYA PRADESH,KAHNDWA,INSTITUTIONAL,TOTAL,SEMIMEDIUM,0,0,0,0,0,0
2015-16,MADHYA PRADESH,KAHNDWA,INSTITUTIONAL,TOTAL,MEDIUM,0,0,0,0,1,5
2015-16,MADHYA PRADESH,KAHNDWA,INSTITUTIONAL,TOTAL,LARGE,0,0,0,0,2,142
2015-16,MADHYA PRADESH,KAHNDWA,INSTITUTIONAL,TOTAL,ALL CLASSES,0,0,0,0,3,147
2015-16,MADHYA PRADESH,KATNI,SCHEDULED CASTE,TOTAL,MARGINAL,13927,6268,740,339,14667,6607
2015-16,MADHYA PRADESH,KATNI,SCHEDULED CASTE,TOTAL,SMALL,5816,7325,225,286,6041,7611
2015-16,MADHYA PRADESH,KATNI,SCHEDULED CASTE,TOTAL,SEMIMEDIUM,1858,4997,118,303,1976,5299
2015-16,MADHYA PRADESH,KATNI,SCHEDULED CASTE,TOTAL,MEDIUM,303,1671,28,162,331,1833
2015-16,MADHYA PRADESH,KATNI,SCHEDULED CASTE,TOTAL,LARGE,10,128,0,0,10,128
2015-16,MADHYA PRADESH,KATNI,SCHEDULED CASTE,TOTAL,ALL CLASSES,21914,20389,1111,1089,23025,21479
2015-16,MADHYA PRADESH,KATNI,SCHEDULED TRIBES,TOTAL,MARGINAL,26219,12753,1307,672,27526,13425
2015-16,MADHYA PRADESH,KATNI,SCHEDULED TRIBES,TOTAL,SMALL,12428,16329,665,880,13093,17209
2015-16,MADHYA PRADESH,KATNI,SCHEDULED TRIBES,TOTAL,SEMIMEDIUM,5362,14924,334,878,5696,15803
2015-16,MADHYA PRADESH,KATNI,SCHEDULED TRIBES,TOTAL,MEDIUM,1384,7462,151,752,1535,8214
2015-16,MADHYA PRADESH,KATNI,SCHEDULED TRIBES,TOTAL,LARGE,100,1328,19,250,119,1579
2015-16,MADHYA PRADESH,KATNI,SCHEDULED TRIBES,TOTAL,ALL CLASSES,45493,52795,2476,3433,47969,56229
2015-16,MADHYA PRADESH,KATNI,OTHERS,TOTAL,MARGINAL,80140,34348,4289,2109,84429,36458
2015-16,MADHYA PRADESH,KATNI,OTHERS,TOTAL,SMALL,30567,42178,1847,2455,32414,44633
2015-16,MADHYA PRADESH,KATNI,OTHERS,TOTAL,SEMIMEDIUM,15888,42522,1065,2811,16953,45332
2015-16,MADHYA PRADESH,KATNI,OTHERS,TOTAL,MEDIUM,5766,32559,381,2191,6147,34750
2015-16,MADHYA PRADESH,KATNI,OTHERS,TOTAL,LARGE,317,4392,50,734,367,5126
2015-16,MADHYA PRADESH,KATNI,OTHERS,TOTAL,ALL CLASSES,132678,156000,7632,10300,140310,166300
2015-16,MADHYA PRADESH,KATNI,INSTITUTIONAL,TOTAL,MARGINAL,0,0,0,0,20,7
2015-16,MADHYA PRADESH,KATNI,INSTITUTIONAL,TOTAL,SMALL,0,0,0,0,8,11
2015-16,MADHYA PRADESH,KATNI,INSTITUTIONAL,TOTAL,SEMIMEDIUM,0,0,0,0,5,16
2015-16,MADHYA PRADESH,KATNI,INSTITUTIONAL,TOTAL,MEDIUM,0,0,0,0,3,15
2015-16,MADHYA PRADESH,KATNI,INSTITUTIONAL,TOTAL,LARGE,0,0,0,0,2,23
2015-16,MADHYA PRADESH,KATNI,INSTITUTIONAL,TOTAL,ALL CLASSES,0,0,0,0,38,71
2015-16,MADHYA PRADESH,KHARGON,SCHEDULED CASTE,TOTAL,MARGINAL,4521,2620,10,3,4531,2622
2015-16,MADHYA PRADESH,KHARGON,SCHEDULED CASTE,TOTAL,SMALL,3323,4657,1,1,3324,4658
2015-16,MADHYA PRADESH,KHARGON,SCHEDULED CASTE,TOTAL,SEMIMEDIUM,1288,3349,3,10,1291,3359
2015-16,MADHYA PRADESH,KHARGON,SCHEDULED CASTE,TOTAL,MEDIUM,272,1483,1,6,273,1488
2015-16,MADHYA PRADESH,KHARGON,SCHEDULED CASTE,TOTAL,LARGE,7,78,0,0,7,78
2015-16,MADHYA PRADESH,KHARGON,SCHEDULED CASTE,TOTAL,ALL CLASSES,9411,12188,15,19,9426,12207
2015-16,MADHYA PRADESH,KHARGON,SCHEDULED TRIBES,TOTAL,MARGINAL,25778,15767,16,12,25794,15779
2015-16,MADHYA PRADESH,KHARGON,SCHEDULED TRIBES,TOTAL,SMALL,23798,33459,21,28,23819,33487
2015-16,MADHYA PRADESH,KHARGON,SCHEDULED TRIBES,TOTAL,SEMIMEDIUM,13504,35111,12,33,13516,35145
2015-16,MADHYA PRADESH,KHARGON,SCHEDULED TRIBES,TOTAL,MEDIUM,3508,19368,0,0,3508,19368
2015-16,MADHYA PRADESH,KHARGON,SCHEDULED TRIBES,TOTAL,LARGE,235,3100,0,0,235,3100
2015-16,MADHYA PRADESH,KHARGON,SCHEDULED TRIBES,TOTAL,ALL CLASSES,66823,106805,49,73,66872,106878
2015-16,MADHYA PRADESH,KHARGON,OTHERS,TOTAL,MARGINAL,45260,25550,127,44,45387,25592
2015-16,MADHYA PRADESH,KHARGON,OTHERS,TOTAL,SMALL,55391,80272,54,79,55445,80350
2015-16,MADHYA PRADESH,KHARGON,OTHERS,TOTAL,SEMIMEDIUM,31679,86136,36,98,31715,86234
2015-16,MADHYA PRADESH,KHARGON,OTHERS,TOTAL,MEDIUM,11817,66972,14,74,11831,67046
2015-16,MADHYA PRADESH,KHARGON,OTHERS,TOTAL,LARGE,1022,14277,4,48,1026,14325
2015-16,MADHYA PRADESH,KHARGON,OTHERS,TOTAL,ALL CLASSES,145169,273205,235,343,145404,273549
2015-16,MADHYA PRADESH,KHARGON,INSTITUTIONAL,TOTAL,MARGINAL,0,0,0,0,3,2
2015-16,MADHYA PRADESH,KHARGON,INSTITUTIONAL,TOTAL,SMALL,0,0,0,0,3,5
2015-16,MADHYA PRADESH,KHARGON,INSTITUTIONAL,TOTAL,SEMIMEDIUM,0,0,0,0,5,11
2015-16,MADHYA PRADESH,KHARGON,INSTITUTIONAL,TOTAL,MEDIUM,0,0,0,0,2,12
2015-16,MADHYA PRADESH,KHARGON,INSTITUTIONAL,TOTAL,LARGE,0,0,0,0,4,74
2015-16,MADHYA PRADESH,KHARGON,INSTITUTIONAL,TOTAL,ALL CLASSES,0,0,0,0,17,103
2015-16,MADHYA PRADESH,MANDLA,SCHEDULED CASTE,TOTAL,MARGINAL,4664,2162,1078,454,5742,2617
2015-16,MADHYA PRADESH,MANDLA,SCHEDULED CASTE,TOTAL,SMALL,2566,3541,1013,1402,3579,4943
2015-16,MADHYA PRADESH,MANDLA,SCHEDULED CASTE,TOTAL,SEMIMEDIUM,536,1473,110,293,646,1767
2015-16,MADHYA PRADESH,MANDLA,SCHEDULED CASTE,TOTAL,MEDIUM,87,450,22,110,109,560
2015-16,MADHYA PRADESH,MANDLA,SCHEDULED CASTE,TOTAL,LARGE,12,132,2,22,14,154
2015-16,MADHYA PRADESH,MANDLA,SCHEDULED CASTE,TOTAL,ALL CLASSES,7865,7759,2225,2281,10090,10040
2015-16,MADHYA PRADESH,MANDLA,SCHEDULED TRIBES,TOTAL,MARGINAL,47810,23376,9748,4960,57558,28336
2015-16,MADHYA PRADESH,MANDLA,SCHEDULED TRIBES,TOTAL,SMALL,23517,33387,5774,8579,29291,41966
2015-16,MADHYA PRADESH,MANDLA,SCHEDULED TRIBES,TOTAL,SEMIMEDIUM,15857,43915,5412,15441,21269,59355
2015-16,MADHYA PRADESH,MANDLA,SCHEDULED TRIBES,TOTAL,MEDIUM,6512,36521,3896,22626,10408,59148
2015-16,MADHYA PRADESH,MANDLA,SCHEDULED TRIBES,TOTAL,LARGE,380,4862,420,5640,800,10501
2015-16,MADHYA PRADESH,MANDLA,SCHEDULED TRIBES,TOTAL,ALL CLASSES,94076,142060,25250,57246,119326,199307
2015-16,MADHYA PRADESH,MANDLA,OTHERS,TOTAL,MARGINAL,33283,14819,7173,3170,40456,17987
2015-16,MADHYA PRADESH,MANDLA,OTHERS,TOTAL,SMALL,10301,14261,2162,2922,12463,17183
2015-16,MADHYA PRADESH,MANDLA,OTHERS,TOTAL,SEMIMEDIUM,5218,14332,1102,3062,6320,17394
2015-16,MADHYA PRADESH,MANDLA,OTHERS,TOTAL,MEDIUM,1346,7523,412,2332,1758,9855
2015-16,MADHYA PRADESH,MANDLA,OTHERS,TOTAL,LARGE,101,1380,40,528,141,1907
2015-16,MADHYA PRADESH,MANDLA,OTHERS,TOTAL,ALL CLASSES,50249,52315,10889,12013,61138,64327
2015-16,MADHYA PRADESH,MANDLA,INSTITUTIONAL,TOTAL,MARGINAL,0,0,0,0,165,47
2015-16,MADHYA PRADESH,MANDLA,INSTITUTIONAL,TOTAL,SMALL,0,0,0,0,32,48
2015-16,MADHYA PRADESH,MANDLA,INSTITUTIONAL,TOTAL,SEMIMEDIUM,0,0,0,0,16,46
2015-16,MADHYA PRADESH,MANDLA,INSTITUTIONAL,TOTAL,MEDIUM,0,0,0,0,15,92
2015-16,MADHYA PRADESH,MANDLA,INSTITUTIONAL,TOTAL,LARGE,0,0,0,0,10,209
2015-16,MADHYA PRADESH,MANDLA,INSTITUTIONAL,TOTAL,ALL CLASSES,0,0,0,0,238,443
2015-16,MADHYA PRADESH,MANDSAUR,SCHEDULED CASTE,TOTAL,MARGINAL,26700,13472,1,1,26701,13473
2015-16,MADHYA PRADESH,MANDSAUR,SCHEDULED CASTE,TOTAL,SMALL,9542,12843,0,0,9542,12843
2015-16,MADHYA PRADESH,MANDSAUR,SCHEDULED CASTE,TOTAL,SEMIMEDIUM,4006,10725,1,3,4007,10728
2015-16,MADHYA PRADESH,MANDSAUR,SCHEDULED CASTE,TOTAL,MEDIUM,878,4470,0,0,878,4470
2015-16,MADHYA PRADESH,MANDSAUR,SCHEDULED CASTE,TOTAL,LARGE,9,129,0,0,9,129
2015-16,MADHYA PRADESH,MANDSAUR,SCHEDULED CASTE,TOTAL,ALL CLASSES,41135,41640,2,3,41137,41643
2015-16,MADHYA PRADESH,MANDSAUR,SCHEDULED TRIBES,TOTAL,MARGINAL,3393,1780,0,0,3393,1780
2015-16,MADHYA PRADESH,MANDSAUR,SCHEDULED TRIBES,TOTAL,SMALL,1377,1873,0,0,1377,1873
2015-16,MADHYA PRADESH,MANDSAUR,SCHEDULED TRIBES,TOTAL,SEMIMEDIUM,589,1526,0,0,589,1526
2015-16,MADHYA PRADESH,MANDSAUR,SCHEDULED TRIBES,TOTAL,MEDIUM,83,444,0,0,83,444
2015-16,MADHYA PRADESH,MANDSAUR,SCHEDULED TRIBES,TOTAL,LARGE,2,55,0,0,2,55
2015-16,MADHYA PRADESH,MANDSAUR,SCHEDULED TRIBES,TOTAL,ALL CLASSES,5444,5680,0,0,5444,5680
2015-16,MADHYA PRADESH,MANDSAUR,OTHERS,TOTAL,MARGINAL,89767,46316,29,12,89796,46328
2015-16,MADHYA PRADESH,MANDSAUR,OTHERS,TOTAL,SMALL,48343,70922,18,26,48361,70948
2015-16,MADHYA PRADESH,MANDSAUR,OTHERS,TOTAL,SEMIMEDIUM,33735,93592,17,47,33752,93640
2015-16,MADHYA PRADESH,MANDSAUR,OTHERS,TOTAL,MEDIUM,14868,84544,16,85,14884,84629
2015-16,MADHYA PRADESH,MANDSAUR,OTHERS,TOTAL,LARGE,827,11181,2,33,829,11213
2015-16,MADHYA PRADESH,MANDSAUR,OTHERS,TOTAL,ALL CLASSES,187540,306556,82,202,187622,306758
2015-16,MADHYA PRADESH,MANDSAUR,INSTITUTIONAL,TOTAL,MARGINAL,0,0,0,0,6,1
2015-16,MADHYA PRADESH,MANDSAUR,INSTITUTIONAL,TOTAL,SMALL,0,0,0,0,8,10
2015-16,MADHYA PRADESH,MANDSAUR,INSTITUTIONAL,TOTAL,SEMIMEDIUM,0,0,0,0,4,11
2015-16,MADHYA PRADESH,MANDSAUR,INSTITUTIONAL,TOTAL,MEDIUM,0,0,0,0,4,20
2015-16,MADHYA PRADESH,MANDSAUR,INSTITUTIONAL,TOTAL,LARGE,0,0,0,0,1,42
2015-16,MADHYA PRADESH,MANDSAUR,INSTITUTIONAL,TOTAL,ALL CLASSES,0,0,0,0,23,86
2015-16,MADHYA PRADESH,MORENA,SCHEDULED CASTE,TOTAL,MARGINAL,34906,16590,2881,1503,37787,18094
2015-16,MADHYA PRADESH,MORENA,SCHEDULED CASTE,TOTAL,SMALL,8954,12220,898,1230,9852,13449
2015-16,MADHYA PRADESH,MORENA,SCHEDULED CASTE,TOTAL,SEMIMEDIUM,2549,6795,453,1177,3002,7973
2015-16,MADHYA PRADESH,MORENA,SCHEDULED CASTE,TOTAL,MEDIUM,512,2799,117,640,629,3440
2015-16,MADHYA PRADESH,MORENA,SCHEDULED CASTE,TOTAL,LARGE,24,313,15,278,39,590
2015-16,MADHYA PRADESH,MORENA,SCHEDULED CASTE,TOTAL,ALL CLASSES,46945,38718,4364,4828,51309,43546
2015-16,MADHYA PRADESH,MORENA,SCHEDULED TRIBES,TOTAL,MARGINAL,11893,5875,1341,685,13234,6560
2015-16,MADHYA PRADESH,MORENA,SCHEDULED TRIBES,TOTAL,SMALL,4255,5997,599,874,4854,6871
2015-16,MADHYA PRADESH,MORENA,SCHEDULED TRIBES,TOTAL,SEMIMEDIUM,1677,4439,390,983,2067,5422
2015-16,MADHYA PRADESH,MORENA,SCHEDULED TRIBES,TOTAL,MEDIUM,216,973,53,241,269,1215
2015-16,MADHYA PRADESH,MORENA,SCHEDULED TRIBES,TOTAL,LARGE,0,0,0,0,0,0
2015-16,MADHYA PRADESH,MORENA,SCHEDULED TRIBES,TOTAL,ALL CLASSES,18041,17285,2383,2784,20424,20069
2015-16,MADHYA PRADESH,MORENA,OTHERS,TOTAL,MARGINAL,123703,58177,10262,5249,133965,63426
2015-16,MADHYA PRADESH,MORENA,OTHERS,TOTAL,SMALL,40536,55920,3472,4877,44008,60797
2015-16,MADHYA PRADESH,MORENA,OTHERS,TOTAL,SEMIMEDIUM,20528,54643,2589,6864,23117,61508
2015-16,MADHYA PRADESH,MORENA,OTHERS,TOTAL,MEDIUM,5847,31951,742,4150,6589,36102
2015-16,MADHYA PRADESH,MORENA,OTHERS,TOTAL,LARGE,259,3712,55,826,314,4537
2015-16,MADHYA PRADESH,MORENA,OTHERS,TOTAL,ALL CLASSES,190873,204403,17120,21966,207993,226369
2015-16,MADHYA PRADESH,MORENA,INSTITUTIONAL,TOTAL,MARGINAL,0,0,0,0,177,94
2015-16,MADHYA PRADESH,MORENA,INSTITUTIONAL,TOTAL,SMALL,0,0,0,0,99,146
2015-16,MADHYA PRADESH,MORENA,INSTITUTIONAL,TOTAL,SEMIMEDIUM,0,0,0,0,95,255
2015-16,MADHYA PRADESH,MORENA,INSTITUTIONAL,TOTAL,MEDIUM,0,0,0,0,64,368
2015-16,MADHYA PRADESH,MORENA,INSTITUTIONAL,TOTAL,LARGE,0,0,0,0,36,625
2015-16,MADHYA PRADESH,MORENA,INSTITUTIONAL,TOTAL,ALL CLASSES,0,0,0,0,471,1488
2015-16,MADHYA PRADESH,NARSINGPUR,SCHEDULED CASTE,TOTAL,MARGINAL,8449,4590,1029,494,9478,5084
2015-16,MADHYA PRADESH,NARSINGPUR,SCHEDULED CASTE,TOTAL,SMALL,4686,6070,404,532,5090,6602
2015-16,MADHYA PRADESH,NARSINGPUR,SCHEDULED CASTE,TOTAL,SEMIMEDIUM,1717,4468,175,457,1892,4924
2015-16,MADHYA PRADESH,NARSINGPUR,SCHEDULED CASTE,TOTAL,MEDIUM,520,2587,27,142,547,2730
2015-16,MADHYA PRADESH,NARSINGPUR,SCHEDULED CASTE,TOTAL,LARGE,15,199,0,0,15,199
2015-16,MADHYA PRADESH,NARSINGPUR,SCHEDULED CASTE,TOTAL,ALL CLASSES,15387,17914,1635,1625,17022,19539
2015-16,MADHYA PRADESH,NARSINGPUR,SCHEDULED TRIBES,TOTAL,MARGINAL,6039,3760,488,257,6527,4017
2015-16,MADHYA PRADESH,NARSINGPUR,SCHEDULED TRIBES,TOTAL,SMALL,6464,9150,399,541,6863,9691
2015-16,MADHYA PRADESH,NARSINGPUR,SCHEDULED TRIBES,TOTAL,SEMIMEDIUM,3503,9265,293,786,3796,10052
2015-16,MADHYA PRADESH,NARSINGPUR,SCHEDULED TRIBES,TOTAL,MEDIUM,1061,5738,93,505,1154,6242
2015-16,MADHYA PRADESH,NARSINGPUR,SCHEDULED TRIBES,TOTAL,LARGE,54,747,3,36,57,783
2015-16,MADHYA PRADESH,NARSINGPUR,SCHEDULED TRIBES,TOTAL,ALL CLASSES,17121,28660,1276,2125,18397,30785
2015-16,MADHYA PRADESH,NARSINGPUR,OTHERS,TOTAL,MARGINAL,51228,28371,4836,2474,56064,30844
2015-16,MADHYA PRADESH,NARSINGPUR,OTHERS,TOTAL,SMALL,39217,54856,3464,4669,42681,59525
2015-16,MADHYA PRADESH,NARSINGPUR,OTHERS,TOTAL,SEMIMEDIUM,27033,73310,2322,6297,29355,79607
2015-16,MADHYA PRADESH,NARSINGPUR,OTHERS,TOTAL,MEDIUM,10530,57676,1201,6670,11731,64346
2015-16,MADHYA PRADESH,NARSINGPUR,OTHERS,TOTAL,LARGE,625,8402,147,1944,772,10345
2015-16,MADHYA PRADESH,NARSINGPUR,OTHERS,TOTAL,ALL CLASSES,128633,222614,11970,22054,140603,244668
2015-16,MADHYA PRADESH,NARSINGPUR,INSTITUTIONAL,TOTAL,MARGINAL,0,0,0,0,49,25
2015-16,MADHYA PRADESH,NARSINGPUR,INSTITUTIONAL,TOTAL,SMALL,0,0,0,0,36,48
2015-16,MADHYA PRADESH,NARSINGPUR,INSTITUTIONAL,TOTAL,SEMIMEDIUM,0,0,0,0,34,89
2015-16,MADHYA PRADESH,NARSINGPUR,INSTITUTIONAL,TOTAL,MEDIUM,0,0,0,0,24,148
2015-16,MADHYA PRADESH,NARSINGPUR,INSTITUTIONAL,TOTAL,LARGE,0,0,0,0,8,147
2015-16,MADHYA PRADESH,NARSINGPUR,INSTITUTIONAL,TOTAL,ALL CLASSES,0,0,0,0,151,456
2015-16,MADHYA PRADESH,NEEMUCH,SCHEDULED CASTE,TOTAL,MARGINAL,9502,4650,1,1,9503,4651
2015-16,MADHYA PRADESH,NEEMUCH,SCHEDULED CASTE,TOTAL,SMALL,3248,4231,2,2,3250,4233
2015-16,MADHYA PRADESH,NEEMUCH,SCHEDULED CASTE,TOTAL,SEMIMEDIUM,888,2295,1,3,889,2299
2015-16,MADHYA PRADESH,NEEMUCH,SCHEDULED CASTE,TOTAL,MEDIUM,122,636,0,0,122,636
2015-16,MADHYA PRADESH,NEEMUCH,SCHEDULED CASTE,TOTAL,LARGE,1,11,0,0,1,11
2015-16,MADHYA PRADESH,NEEMUCH,SCHEDULED CASTE,TOTAL,ALL CLASSES,13761,11823,4,6,13765,11829
2015-16,MADHYA PRADESH,NEEMUCH,SCHEDULED TRIBES,TOTAL,MARGINAL,5413,2827,2,1,5415,2828
2015-16,MADHYA PRADESH,NEEMUCH,SCHEDULED TRIBES,TOTAL,SMALL,2421,3150,0,0,2421,3150
2015-16,MADHYA PRADESH,NEEMUCH,SCHEDULED TRIBES,TOTAL,SEMIMEDIUM,677,1670,0,0,677,1670
2015-16,MADHYA PRADESH,NEEMUCH,SCHEDULED TRIBES,TOTAL,MEDIUM,85,439,0,0,85,439
2015-16,MADHYA PRADESH,NEEMUCH,SCHEDULED TRIBES,TOTAL,LARGE,4,50,0,0,4,50
2015-16,MADHYA PRADESH,NEEMUCH,SCHEDULED TRIBES,TOTAL,ALL CLASSES,8600,8134,2,1,8602,8135
2015-16,MADHYA PRADESH,NEEMUCH,OTHERS,TOTAL,MARGINAL,59564,29668,57,25,59621,29692
2015-16,MADHYA PRADESH,NEEMUCH,OTHERS,TOTAL,SMALL,32006,43984,17,26,32023,44010
2015-16,MADHYA PRADESH,NEEMUCH,OTHERS,TOTAL,SEMIMEDIUM,17041,45743,7,21,17048,45765
2015-16,MADHYA PRADESH,NEEMUCH,OTHERS,TOTAL,MEDIUM,5474,30453,6,34,5480,30489
2015-16,MADHYA PRADESH,NEEMUCH,OTHERS,TOTAL,LARGE,304,4583,0,0,304,4583
2015-16,MADHYA PRADESH,NEEMUCH,OTHERS,TOTAL,ALL CLASSES,114389,154431,87,106,114476,154537
2015-16,MADHYA PRADESH,NEEMUCH,INSTITUTIONAL,TOTAL,MARGINAL,0,0,0,0,48,26
2015-16,MADHYA PRADESH,NEEMUCH,INSTITUTIONAL,TOTAL,SMALL,0,0,0,0,28,40
2015-16,MADHYA PRADESH,NEEMUCH,INSTITUTIONAL,TOTAL,SEMIMEDIUM,0,0,0,0,23,66
2015-16,MADHYA PRADESH,NEEMUCH,INSTITUTIONAL,TOTAL,MEDIUM,0,0,0,0,14,79
2015-16,MADHYA PRADESH,NEEMUCH,INSTITUTIONAL,TOTAL,LARGE,0,0,0,0,5,138
2015-16,MADHYA PRADESH,NEEMUCH,INSTITUTIONAL,TOTAL,ALL CLASSES,0,0,0,0,118,348
2015-16,MADHYA PRADESH,PANNA,SCHEDULED CASTE,TOTAL,MARGINAL,15638,6859,5284,2427,20922,9286
2015-16,MADHYA PRADESH,PANNA,SCHEDULED CASTE,TOTAL,SMALL,6145,8374,2408,3200,8553,11574
2015-16,MADHYA PRADESH,PANNA,SCHEDULED CASTE,TOTAL,SEMIMEDIUM,2167,5559,995,2547,3162,8106
2015-16,MADHYA PRADESH,PANNA,SCHEDULED CASTE,TOTAL,MEDIUM,403,2128,179,899,582,3027
2015-16,MADHYA PRADESH,PANNA,SCHEDULED CASTE,TOTAL,LARGE,3,37,10,118,13,155
2015-16,MADHYA PRADESH,PANNA,SCHEDULED CASTE,TOTAL,ALL CLASSES,24356,22956,8876,9192,33232,32149
2015-16,MADHYA PRADESH,PANNA,SCHEDULED TRIBES,TOTAL,MARGINAL,6422,3181,3622,1820,10044,5000
2015-16,MADHYA PRADESH,PANNA,SCHEDULED TRIBES,TOTAL,SMALL,3993,5583,2698,3774,6691,9357
2015-16,MADHYA PRADESH,PANNA,SCHEDULED TRIBES,TOTAL,SEMIMEDIUM,1797,4582,1594,4156,3391,8739
2015-16,MADHYA PRADESH,PANNA,SCHEDULED TRIBES,TOTAL,MEDIUM,308,1643,491,2648,799,4290
2015-16,MADHYA PRADESH,PANNA,SCHEDULED TRIBES,TOTAL,LARGE,10,119,22,280,32,399
2015-16,MADHYA PRADESH,PANNA,SCHEDULED TRIBES,TOTAL,ALL CLASSES,12530,15107,8427,12679,20957,27786
2015-16,MADHYA PRADESH,PANNA,OTHERS,TOTAL,MARGINAL,55580,27000,16079,7486,71659,34486
2015-16,MADHYA PRADESH,PANNA,OTHERS,TOTAL,SMALL,29750,41915,8524,11936,38274,53852
2015-16,MADHYA PRADESH,PANNA,OTHERS,TOTAL,SEMIMEDIUM,17776,48068,5782,15709,23558,63777
2015-16,MADHYA PRADESH,PANNA,OTHERS,TOTAL,MEDIUM,6548,36453,2441,13598,8989,50051
2015-16,MADHYA PRADESH,PANNA,OTHERS,TOTAL,LARGE,324,4384,189,2590,513,6974
2015-16,MADHYA PRADESH,PANNA,OTHERS,TOTAL,ALL CLASSES,109978,157818,33015,51320,142993,209139
2015-16,MADHYA PRADESH,PANNA,INSTITUTIONAL,TOTAL,MARGINAL,0,0,0,0,9,4
2015-16,MADHYA PRADESH,PANNA,INSTITUTIONAL,TOTAL,SMALL,0,0,0,0,13,17
2015-16,MADHYA PRADESH,PANNA,INSTITUTIONAL,TOTAL,SEMIMEDIUM,0,0,0,0,9,25
2015-16,MADHYA PRADESH,PANNA,INSTITUTIONAL,TOTAL,MEDIUM,0,0,0,0,4,26
2015-16,MADHYA PRADESH,PANNA,INSTITUTIONAL,TOTAL,LARGE,0,0,0,0,9,480
2015-16,MADHYA PRADESH,PANNA,INSTITUTIONAL,TOTAL,ALL CLASSES,0,0,0,0,44,553
2015-16,MADHYA PRADESH,RAISEN,SCHEDULED CASTE,TOTAL,MARGINAL,8276,4779,535,268,8811,5048
2015-16,MADHYA PRADESH,RAISEN,SCHEDULED CASTE,TOTAL,SMALL,6998,9726,256,377,7254,10104
2015-16,MADHYA PRADESH,RAISEN,SCHEDULED CASTE,TOTAL,SEMIMEDIUM,3102,8098,145,395,3247,8493
2015-16,MADHYA PRADESH,RAISEN,SCHEDULED CASTE,TOTAL,MEDIUM,1123,5733,55,297,1178,6030
2015-16,MADHYA PRADESH,RAISEN,SCHEDULED CASTE,TOTAL,LARGE,28,343,2,22,30,364
2015-16,MADHYA PRADESH,RAISEN,SCHEDULED CASTE,TOTAL,ALL CLASSES,19527,28680,993,1359,20520,30039
2015-16,MADHYA PRADESH,RAISEN,SCHEDULED TRIBES,TOTAL,MARGINAL,5520,3260,305,182,5825,3442
2015-16,MADHYA PRADESH,RAISEN,SCHEDULED TRIBES,TOTAL,SMALL,6460,10286,217,332,6677,10618
2015-16,MADHYA PRADESH,RAISEN,SCHEDULED TRIBES,TOTAL,SEMIMEDIUM,4434,11268,232,613,4666,11881
2015-16,MADHYA PRADESH,RAISEN,SCHEDULED TRIBES,TOTAL,MEDIUM,1675,9001,100,515,1775,9515
2015-16,MADHYA PRADESH,RAISEN,SCHEDULED TRIBES,TOTAL,LARGE,69,847,5,59,74,906
2015-16,MADHYA PRADESH,RAISEN,SCHEDULED TRIBES,TOTAL,ALL CLASSES,18158,34662,859,1701,19017,36363
2015-16,MADHYA PRADESH,RAISEN,OTHERS,TOTAL,MARGINAL,46614,25716,3222,1814,49836,27530
2015-16,MADHYA PRADESH,RAISEN,OTHERS,TOTAL,SMALL,48331,72437,2468,3798,50799,76235
2015-16,MADHYA PRADESH,RAISEN,OTHERS,TOTAL,SEMIMEDIUM,36098,99637,2101,6060,38199,105697
2015-16,MADHYA PRADESH,RAISEN,OTHERS,TOTAL,MEDIUM,21190,122624,1283,7737,22473,130359
2015-16,MADHYA PRADESH,RAISEN,OTHERS,TOTAL,LARGE,1469,20302,145,2326,1614,22629
2015-16,MADHYA PRADESH,RAISEN,OTHERS,TOTAL,ALL CLASSES,153702,340715,9219,21735,162921,362450
2015-16,MADHYA PRADESH,RAISEN,INSTITUTIONAL,TOTAL,MARGINAL,0,0,0,0,71,38
2015-16,MADHYA PRADESH,RAISEN,INSTITUTIONAL,TOTAL,SMALL,0,0,0,0,46,64
2015-16,MADHYA PRADESH,RAISEN,INSTITUTIONAL,TOTAL,SEMIMEDIUM,0,0,0,0,56,148
2015-16,MADHYA PRADESH,RAISEN,INSTITUTIONAL,TOTAL,MEDIUM,0,0,0,0,51,328
2015-16,MADHYA PRADESH,RAISEN,INSTITUTIONAL,TOTAL,LARGE,0,0,0,0,20,334
2015-16,MADHYA PRADESH,RAISEN,INSTITUTIONAL,TOTAL,ALL CLASSES,0,0,0,0,244,913
2015-16,MADHYA PRADESH,RAJGARH,SCHEDULED CASTE,TOTAL,MARGINAL,27179,14177,902,449,28081,14627
2015-16,MADHYA PRADESH,RAJGARH,SCHEDULED CASTE,TOTAL,SMALL,14112,18961,300,395,14412,19356
2015-16,MADHYA PRADESH,RAJGARH,SCHEDULED CASTE,TOTAL,SEMIMEDIUM,4481,11439,155,414,4636,11852
2015-16,MADHYA PRADESH,RAJGARH,SCHEDULED CASTE,TOTAL,MEDIUM,910,4593,39,199,949,4793
2015-16,MADHYA PRADESH,RAJGARH,SCHEDULED CASTE,TOTAL,LARGE,18,236,0,0,18,236
2015-16,MADHYA PRADESH,RAJGARH,SCHEDULED CASTE,TOTAL,ALL CLASSES,46700,49406,1396,1457,48096,50863
2015-16,MADHYA PRADESH,RAJGARH,SCHEDULED TRIBES,TOTAL,MARGINAL,4888,2569,169,89,5057,2658
2015-16,MADHYA PRADESH,RAJGARH,SCHEDULED TRIBES,TOTAL,SMALL,2628,3561,83,118,2711,3679
2015-16,MADHYA PRADESH,RAJGARH,SCHEDULED TRIBES,TOTAL,SEMIMEDIUM,1088,2911,58,161,1146,3072
2015-16,MADHYA PRADESH,RAJGARH,SCHEDULED TRIBES,TOTAL,MEDIUM,292,1504,19,108,311,1612
2015-16,MADHYA PRADESH,RAJGARH,SCHEDULED TRIBES,TOTAL,LARGE,11,164,2,25,13,189
2015-16,MADHYA PRADESH,RAJGARH,SCHEDULED TRIBES,TOTAL,ALL CLASSES,8907,10709,331,502,9238,11211
2015-16,MADHYA PRADESH,RAJGARH,OTHERS,TOTAL,MARGINAL,83634,43279,3045,1568,86679,44847
2015-16,MADHYA PRADESH,RAJGARH,OTHERS,TOTAL,SMALL,67967,95588,1453,2090,69420,97678
2015-16,MADHYA PRADESH,RAJGARH,OTHERS,TOTAL,SEMIMEDIUM,42648,117293,1135,3234,43783,120528
2015-16,MADHYA PRADESH,RAJGARH,OTHERS,TOTAL,MEDIUM,18891,106541,662,3978,19553,110519
2015-16,MADHYA PRADESH,RAJGARH,OTHERS,TOTAL,LARGE,1288,17225,81,1169,1369,18395
2015-16,MADHYA PRADESH,RAJGARH,OTHERS,TOTAL,ALL CLASSES,214428,379927,6376,12040,220804,391967
2015-16,MADHYA PRADESH,RAJGARH,INSTITUTIONAL,TOTAL,MARGINAL,0,0,0,0,55,27
2015-16,MADHYA PRADESH,RAJGARH,INSTITUTIONAL,TOTAL,SMALL,0,0,0,0,42,59
2015-16,MADHYA PRADESH,RAJGARH,INSTITUTIONAL,TOTAL,SEMIMEDIUM,0,0,0,0,43,123
2015-16,MADHYA PRADESH,RAJGARH,INSTITUTIONAL,TOTAL,MEDIUM,0,0,0,0,17,102
2015-16,MADHYA PRADESH,RAJGARH,INSTITUTIONAL,TOTAL,LARGE,0,0,0,0,5,122
2015-16,MADHYA PRADESH,RAJGARH,INSTITUTIONAL,TOTAL,ALL CLASSES,0,0,0,0,162,433
2015-16,MADHYA PRADESH,RATLAM,SCHEDULED CASTE,TOTAL,MARGINAL,17799,8969,0,0,17799,8969
2015-16,MADHYA PRADESH,RATLAM,SCHEDULED CASTE,TOTAL,SMALL,6893,9236,0,0,6893,9236
2015-16,MADHYA PRADESH,RATLAM,SCHEDULED CASTE,TOTAL,SEMIMEDIUM,2734,7321,0,0,2734,7321
2015-16,MADHYA PRADESH,RATLAM,SCHEDULED CASTE,TOTAL,MEDIUM,618,3184,0,0,618,3184
2015-16,MADHYA PRADESH,RATLAM,SCHEDULED CASTE,TOTAL,LARGE,9,116,0,0,9,116
2015-16,MADHYA PRADESH,RATLAM,SCHEDULED CASTE,TOTAL,ALL CLASSES,28053,28825,0,0,28053,28825
2015-16,MADHYA PRADESH,RATLAM,SCHEDULED TRIBES,TOTAL,MARGINAL,26847,13751,0,0,26847,13751
2015-16,MADHYA PRADESH,RATLAM,SCHEDULED TRIBES,TOTAL,SMALL,14900,19763,0,0,14900,19763
2015-16,MADHYA PRADESH,RATLAM,SCHEDULED TRIBES,TOTAL,SEMIMEDIUM,9183,24592,0,0,9183,24592
2015-16,MADHYA PRADESH,RATLAM,SCHEDULED TRIBES,TOTAL,MEDIUM,3260,18859,0,0,3260,18859
2015-16,MADHYA PRADESH,RATLAM,SCHEDULED TRIBES,TOTAL,LARGE,150,1930,0,0,150,1930
2015-16,MADHYA PRADESH,RATLAM,SCHEDULED TRIBES,TOTAL,ALL CLASSES,54340,78896,0,0,54340,78896
2015-16,MADHYA PRADESH,RATLAM,OTHERS,TOTAL,MARGINAL,55953,28602,0,0,55953,28602
2015-16,MADHYA PRADESH,RATLAM,OTHERS,TOTAL,SMALL,37001,53445,0,0,37001,53445
2015-16,MADHYA PRADESH,RATLAM,OTHERS,TOTAL,SEMIMEDIUM,24822,68261,0,0,24822,68261
2015-16,MADHYA PRADESH,RATLAM,OTHERS,TOTAL,MEDIUM,11267,63877,0,0,11267,63877
2015-16,MADHYA PRADESH,RATLAM,OTHERS,TOTAL,LARGE,855,11898,0,0,855,11898
2015-16,MADHYA PRADESH,RATLAM,OTHERS,TOTAL,ALL CLASSES,129898,226084,0,0,129898,226084
2015-16,MADHYA PRADESH,RATLAM,INSTITUTIONAL,TOTAL,MARGINAL,0,0,0,0,50,21
2015-16,MADHYA PRADESH,RATLAM,INSTITUTIONAL,TOTAL,SMALL,0,0,0,0,13,22
2015-16,MADHYA PRADESH,RATLAM,INSTITUTIONAL,TOTAL,SEMIMEDIUM,0,0,0,0,18,55
2015-16,MADHYA PRADESH,RATLAM,INSTITUTIONAL,TOTAL,MEDIUM,0,0,0,0,13,78
2015-16,MADHYA PRADESH,RATLAM,INSTITUTIONAL,TOTAL,LARGE,0,0,0,0,6,380
2015-16,MADHYA PRADESH,RATLAM,INSTITUTIONAL,TOTAL,ALL CLASSES,0,0,0,0,100,556
2015-16,MADHYA PRADESH,REWA,SCHEDULED CASTE,TOTAL,MARGINAL,18582,6767,189,57,18771,6824
2015-16,MADHYA PRADESH,REWA,SCHEDULED CASTE,TOTAL,SMALL,1840,2606,8,12,1848,2617
2015-16,MADHYA PRADESH,REWA,SCHEDULED CASTE,TOTAL,SEMIMEDIUM,645,1729,23,48,668,1777
2015-16,MADHYA PRADESH,REWA,SCHEDULED CASTE,TOTAL,MEDIUM,79,408,0,0,79,408
2015-16,MADHYA PRADESH,REWA,SCHEDULED CASTE,TOTAL,LARGE,1,10,0,0,1,10
2015-16,MADHYA PRADESH,REWA,SCHEDULED CASTE,TOTAL,ALL CLASSES,21147,11519,220,117,21367,11636
2015-16,MADHYA PRADESH,REWA,SCHEDULED TRIBES,TOTAL,MARGINAL,12184,4588,114,40,12298,4628
2015-16,MADHYA PRADESH,REWA,SCHEDULED TRIBES,TOTAL,SMALL,1707,2399,0,0,1707,2399
2015-16,MADHYA PRADESH,REWA,SCHEDULED TRIBES,TOTAL,SEMIMEDIUM,783,2045,1,3,784,2048
2015-16,MADHYA PRADESH,REWA,SCHEDULED TRIBES,TOTAL,MEDIUM,298,1608,0,0,298,1608
2015-16,MADHYA PRADESH,REWA,SCHEDULED TRIBES,TOTAL,LARGE,31,426,0,0,31,426
2015-16,MADHYA PRADESH,REWA,SCHEDULED TRIBES,TOTAL,ALL CLASSES,15003,11065,115,44,15118,11108
2015-16,MADHYA PRADESH,REWA,OTHERS,TOTAL,MARGINAL,195009,81642,3205,1246,198214,82888
2015-16,MADHYA PRADESH,REWA,OTHERS,TOTAL,SMALL,52831,73202,850,1261,53681,74463
2015-16,MADHYA PRADESH,REWA,OTHERS,TOTAL,SEMIMEDIUM,32702,88235,202,544,32904,88778
2015-16,MADHYA PRADESH,REWA,OTHERS,TOTAL,MEDIUM,13518,76430,333,2083,13851,78513
2015-16,MADHYA PRADESH,REWA,OTHERS,TOTAL,LARGE,1568,23194,48,864,1616,24058
2015-16,MADHYA PRADESH,REWA,OTHERS,TOTAL,ALL CLASSES,295628,342702,4638,5998,300266,348700
2015-16,MADHYA PRADESH,REWA,INSTITUTIONAL,TOTAL,MARGINAL,0,0,0,0,0,0
2015-16,MADHYA PRADESH,REWA,INSTITUTIONAL,TOTAL,SMALL,0,0,0,0,0,0
2015-16,MADHYA PRADESH,REWA,INSTITUTIONAL,TOTAL,SEMIMEDIUM,0,0,0,0,0,0
2015-16,MADHYA PRADESH,REWA,INSTITUTIONAL,TOTAL,MEDIUM,0,0,0,0,0,0
2015-16,MADHYA PRADESH,REWA,INSTITUTIONAL,TOTAL,LARGE,0,0,0,0,0,0
2015-16,MADHYA PRADESH,REWA,INSTITUTIONAL,TOTAL,ALL CLASSES,0,0,0,0,0,0
2015-16,MADHYA PRADESH,SAGAR,SCHEDULED CASTE,TOTAL,MARGINAL,24981,13299,938,467,25919,13766
2015-16,MADHYA PRADESH,SAGAR,SCHEDULED CASTE,TOTAL,SMALL,12500,17249,411,620,12911,17869
2015-16,MADHYA PRADESH,SAGAR,SCHEDULED CASTE,TOTAL,SEMIMEDIUM,4428,11942,212,558,4640,12500
2015-16,MADHYA PRADESH,SAGAR,SCHEDULED CASTE,TOTAL,MEDIUM,1197,6121,34,184,1231,6305
2015-16,MADHYA PRADESH,SAGAR,SCHEDULED CASTE,TOTAL,LARGE,18,237,0,0,18,237
2015-16,MADHYA PRADESH,SAGAR,SCHEDULED CASTE,TOTAL,ALL CLASSES,43124,48848,1595,1829,44719,50677
2015-16,MADHYA PRADESH,SAGAR,SCHEDULED TRIBES,TOTAL,MARGINAL,11306,6749,328,163,11634,6912
2015-16,MADHYA PRADESH,SAGAR,SCHEDULED TRIBES,TOTAL,SMALL,8493,12621,190,256,8683,12876
2015-16,MADHYA PRADESH,SAGAR,SCHEDULED TRIBES,TOTAL,SEMIMEDIUM,3639,9467,95,242,3734,9709
2015-16,MADHYA PRADESH,SAGAR,SCHEDULED TRIBES,TOTAL,MEDIUM,819,4493,27,157,846,4650
2015-16,MADHYA PRADESH,SAGAR,SCHEDULED TRIBES,TOTAL,LARGE,56,731,2,39,58,769
2015-16,MADHYA PRADESH,SAGAR,SCHEDULED TRIBES,TOTAL,ALL CLASSES,24313,34061,642,855,24955,34916
2015-16,MADHYA PRADESH,SAGAR,OTHERS,TOTAL,MARGINAL,110692,61646,3360,1641,114052,63287
2015-16,MADHYA PRADESH,SAGAR,OTHERS,TOTAL,SMALL,74873,107933,1908,2657,76781,110590
2015-16,MADHYA PRADESH,SAGAR,OTHERS,TOTAL,SEMIMEDIUM,43139,120572,1451,4051,44590,124624
2015-16,MADHYA PRADESH,SAGAR,OTHERS,TOTAL,MEDIUM,20020,118508,773,4339,20793,122847
2015-16,MADHYA PRADESH,SAGAR,OTHERS,TOTAL,LARGE,2586,37295,115,1554,2701,38848
2015-16,MADHYA PRADESH,SAGAR,OTHERS,TOTAL,ALL CLASSES,251310,445955,7607,14242,258917,460197
2015-16,MADHYA PRADESH,SAGAR,INSTITUTIONAL,TOTAL,MARGINAL,0,0,0,0,229,122
2015-16,MADHYA PRADESH,SAGAR,INSTITUTIONAL,TOTAL,SMALL,0,0,0,0,140,204
2015-16,MADHYA PRADESH,SAGAR,INSTITUTIONAL,TOTAL,SEMIMEDIUM,0,0,0,0,167,478
2015-16,MADHYA PRADESH,SAGAR,INSTITUTIONAL,TOTAL,MEDIUM,0,0,0,0,149,892
2015-16,MADHYA PRADESH,SAGAR,INSTITUTIONAL,TOTAL,LARGE,0,0,0,0,94,2099
2015-16,MADHYA PRADESH,SAGAR,INSTITUTIONAL,TOTAL,ALL CLASSES,0,0,0,0,779,3795
2015-16,MADHYA PRADESH,SATNA,SCHEDULED CASTE,TOTAL,MARGINAL,21650,8441,2300,919,23950,9360
2015-16,MADHYA PRADESH,SATNA,SCHEDULED CASTE,TOTAL,SMALL,4794,6331,469,662,5263,6993
2015-16,MADHYA PRADESH,SATNA,SCHEDULED CASTE,TOTAL,SEMIMEDIUM,1646,4319,137,356,1783,4675
2015-16,MADHYA PRADESH,SATNA,SCHEDULED CASTE,TOTAL,MEDIUM,465,2619,31,164,496,2783
2015-16,MADHYA PRADESH,SATNA,SCHEDULED CASTE,TOTAL,LARGE,27,339,2,28,29,366
2015-16,MADHYA PRADESH,SATNA,SCHEDULED CASTE,TOTAL,ALL CLASSES,28582,22048,2939,2129,31521,24176
2015-16,MADHYA PRADESH,SATNA,SCHEDULED TRIBES,TOTAL,MARGINAL,14769,6712,2345,1058,17114,7770
2015-16,MADHYA PRADESH,SATNA,SCHEDULED TRIBES,TOTAL,SMALL,4736,6320,761,1196,5497,7516
2015-16,MADHYA PRADESH,SATNA,SCHEDULED TRIBES,TOTAL,SEMIMEDIUM,2344,6399,551,1497,2895,7895
2015-16,MADHYA PRADESH,SATNA,SCHEDULED TRIBES,TOTAL,MEDIUM,797,4321,192,1077,989,5398
2015-16,MADHYA PRADESH,SATNA,SCHEDULED TRIBES,TOTAL,LARGE,15,177,5,72,20,249
2015-16,MADHYA PRADESH,SATNA,SCHEDULED TRIBES,TOTAL,ALL CLASSES,22661,23928,3854,4899,26515,28827
2015-16,MADHYA PRADESH,SATNA,OTHERS,TOTAL,MARGINAL,135589,59102,12445,5545,148034,64648
2015-16,MADHYA PRADESH,SATNA,OTHERS,TOTAL,SMALL,50522,71155,4460,6111,54982,77266
2015-16,MADHYA PRADESH,SATNA,OTHERS,TOTAL,SEMIMEDIUM,26317,70068,2817,7667,29134,77735
2015-16,MADHYA PRADESH,SATNA,OTHERS,TOTAL,MEDIUM,9941,55711,1152,6471,11093,62182
2015-16,MADHYA PRADESH,SATNA,OTHERS,TOTAL,LARGE,688,9965,114,1555,802,11520
2015-16,MADHYA PRADESH,SATNA,OTHERS,TOTAL,ALL CLASSES,223057,266001,20988,27349,244045,293350
2015-16,MADHYA PRADESH,SATNA,INSTITUTIONAL,TOTAL,MARGINAL,0,0,0,0,6,3
2015-16,MADHYA PRADESH,SATNA,INSTITUTIONAL,TOTAL,SMALL,0,0,0,0,8,11
2015-16,MADHYA PRADESH,SATNA,INSTITUTIONAL,TOTAL,SEMIMEDIUM,0,0,0,0,12,36
2015-16,MADHYA PRADESH,SATNA,INSTITUTIONAL,TOTAL,MEDIUM,0,0,0,0,13,96
2015-16,MADHYA PRADESH,SATNA,INSTITUTIONAL,TOTAL,LARGE,0,0,0,0,17,866
2015-16,MADHYA PRADESH,SATNA,INSTITUTIONAL,TOTAL,ALL CLASSES,0,0,0,0,56,1012
2015-16,MADHYA PRADESH,SEHORE,SCHEDULED CASTE,TOTAL,MARGINAL,12304,6831,273,129,12577,6961
2015-16,MADHYA PRADESH,SEHORE,SCHEDULED CASTE,TOTAL,SMALL,9721,13291,263,362,9984,13653
2015-16,MADHYA PRADESH,SEHORE,SCHEDULED CASTE,TOTAL,SEMIMEDIUM,3978,10272,121,314,4099,10586
2015-16,MADHYA PRADESH,SEHORE,SCHEDULED CASTE,TOTAL,MEDIUM,1253,6378,58,334,1311,6712
2015-16,MADHYA PRADESH,SEHORE,SCHEDULED CASTE,TOTAL,LARGE,20,286,9,129,29,414
2015-16,MADHYA PRADESH,SEHORE,SCHEDULED CASTE,TOTAL,ALL CLASSES,27276,37059,724,1268,28000,38326
2015-16,MADHYA PRADESH,SEHORE,SCHEDULED TRIBES,TOTAL,MARGINAL,2277,1428,54,22,2331,1450
2015-16,MADHYA PRADESH,SEHORE,SCHEDULED TRIBES,TOTAL,SMALL,3689,5166,68,96,3757,5262
2015-16,MADHYA PRADESH,SEHORE,SCHEDULED TRIBES,TOTAL,SEMIMEDIUM,2950,6956,69,151,3019,7107
2015-16,MADHYA PRADESH,SEHORE,SCHEDULED TRIBES,TOTAL,MEDIUM,714,3900,20,123,734,4023
2015-16,MADHYA PRADESH,SEHORE,SCHEDULED TRIBES,TOTAL,LARGE,25,311,2,22,27,333
2015-16,MADHYA PRADESH,SEHORE,SCHEDULED TRIBES,TOTAL,ALL CLASSES,9655,17761,213,414,9868,18175
2015-16,MADHYA PRADESH,SEHORE,OTHERS,TOTAL,MARGINAL,48333,27255,1444,771,49777,28026
2015-16,MADHYA PRADESH,SEHORE,OTHERS,TOTAL,SMALL,57186,79965,1341,1941,58527,81906
2015-16,MADHYA PRADESH,SEHORE,OTHERS,TOTAL,SEMIMEDIUM,37007,97734,1167,3167,38174,100901
2015-16,MADHYA PRADESH,SEHORE,OTHERS,TOTAL,MEDIUM,17345,97592,908,5483,18253,103077
2015-16,MADHYA PRADESH,SEHORE,OTHERS,TOTAL,LARGE,1180,17914,231,3711,1411,21625
2015-16,MADHYA PRADESH,SEHORE,OTHERS,TOTAL,ALL CLASSES,161051,320460,5091,15074,166142,335534
2015-16,MADHYA PRADESH,SEHORE,INSTITUTIONAL,TOTAL,MARGINAL,0,0,0,0,9,6
2015-16,MADHYA PRADESH,SEHORE,INSTITUTIONAL,TOTAL,SMALL,0,0,0,0,8,12
2015-16,MADHYA PRADESH,SEHORE,INSTITUTIONAL,TOTAL,SEMIMEDIUM,0,0,0,0,6,17
2015-16,MADHYA PRADESH,SEHORE,INSTITUTIONAL,TOTAL,MEDIUM,0,0,0,0,15,90
2015-16,MADHYA PRADESH,SEHORE,INSTITUTIONAL,TOTAL,LARGE,0,0,0,0,17,1668
2015-16,MADHYA PRADESH,SEHORE,INSTITUTIONAL,TOTAL,ALL CLASSES,0,0,0,0,55,1794
2015-16,MADHYA PRADESH,SEONI,SCHEDULED CASTE,TOTAL,MARGINAL,9281,4483,944,435,10225,4918
2015-16,MADHYA PRADESH,SEONI,SCHEDULED CASTE,TOTAL,SMALL,5392,7483,540,775,5932,8258
2015-16,MADHYA PRADESH,SEONI,SCHEDULED CASTE,TOTAL,SEMIMEDIUM,2377,6415,399,1077,2776,7492
2015-16,MADHYA PRADESH,SEONI,SCHEDULED CASTE,TOTAL,MEDIUM,757,4167,159,888,916,5055
2015-16,MADHYA PRADESH,SEONI,SCHEDULED CASTE,TOTAL,LARGE,43,552,12,164,55,716
2015-16,MADHYA PRADESH,SEONI,SCHEDULED CASTE,TOTAL,ALL CLASSES,17850,23100,2054,3339,19904,26439
2015-16,MADHYA PRADESH,SEONI,SCHEDULED TRIBES,TOTAL,MARGINAL,35006,17391,3429,1702,38435,19093
2015-16,MADHYA PRADESH,SEONI,SCHEDULED TRIBES,TOTAL,SMALL,23630,33387,3072,4440,26702,37827
2015-16,MADHYA PRADESH,SEONI,SCHEDULED TRIBES,TOTAL,SEMIMEDIUM,15186,40772,3184,8668,18370,49440
2015-16,MADHYA PRADESH,SEONI,SCHEDULED TRIBES,TOTAL,MEDIUM,6303,35400,2164,12379,8467,47779
2015-16,MADHYA PRADESH,SEONI,SCHEDULED TRIBES,TOTAL,LARGE,524,6947,255,3175,779,10123
2015-16,MADHYA PRADESH,SEONI,SCHEDULED TRIBES,TOTAL,ALL CLASSES,80649,133898,12104,30364,92753,164262
2015-16,MADHYA PRADESH,SEONI,OTHERS,TOTAL,MARGINAL,65059,29946,3277,1479,68336,31425
2015-16,MADHYA PRADESH,SEONI,OTHERS,TOTAL,SMALL,38900,55228,2122,3156,41022,58384
2015-16,MADHYA PRADESH,SEONI,OTHERS,TOTAL,SEMIMEDIUM,21689,58565,1647,4493,23336,63058
2015-16,MADHYA PRADESH,SEONI,OTHERS,TOTAL,MEDIUM,8327,47003,872,4937,9199,51939
2015-16,MADHYA PRADESH,SEONI,OTHERS,TOTAL,LARGE,679,9430,89,1136,768,10567
2015-16,MADHYA PRADESH,SEONI,OTHERS,TOTAL,ALL CLASSES,134654,200173,8007,15202,142661,215374
2015-16,MADHYA PRADESH,SEONI,INSTITUTIONAL,TOTAL,MARGINAL,0,0,0,0,190,102
2015-16,MADHYA PRADESH,SEONI,INSTITUTIONAL,TOTAL,SMALL,0,0,0,0,152,219
2015-16,MADHYA PRADESH,SEONI,INSTITUTIONAL,TOTAL,SEMIMEDIUM,0,0,0,0,132,371
2015-16,MADHYA PRADESH,SEONI,INSTITUTIONAL,TOTAL,MEDIUM,0,0,0,0,94,623
2015-16,MADHYA PRADESH,SEONI,INSTITUTIONAL,TOTAL,LARGE,0,0,0,0,40,765
2015-16,MADHYA PRADESH,SEONI,INSTITUTIONAL,TOTAL,ALL CLASSES,0,0,0,0,608,2081
2015-16,MADHYA PRADESH,SHAHDOL,SCHEDULED CASTE,TOTAL,MARGINAL,9726,4069,50,29,9776,4097
2015-16,MADHYA PRADESH,SHAHDOL,SCHEDULED CASTE,TOTAL,SMALL,2440,3244,25,44,2465,3288
2015-16,MADHYA PRADESH,SHAHDOL,SCHEDULED CASTE,TOTAL,SEMIMEDIUM,1326,3434,18,53,1344,3487
2015-16,MADHYA PRADESH,SHAHDOL,SCHEDULED CASTE,TOTAL,MEDIUM,387,2043,3,12,390,2055
2015-16,MADHYA PRADESH,SHAHDOL,SCHEDULED CASTE,TOTAL,LARGE,20,244,0,0,20,244
2015-16,MADHYA PRADESH,SHAHDOL,SCHEDULED CASTE,TOTAL,ALL CLASSES,13899,13033,96,138,13995,13171
2015-16,MADHYA PRADESH,SHAHDOL,SCHEDULED TRIBES,TOTAL,MARGINAL,45930,19621,308,138,46238,19759
2015-16,MADHYA PRADESH,SHAHDOL,SCHEDULED TRIBES,TOTAL,SMALL,16656,22836,120,171,16776,23007
2015-16,MADHYA PRADESH,SHAHDOL,SCHEDULED TRIBES,TOTAL,SEMIMEDIUM,11625,31020,111,325,11736,31345
2015-16,MADHYA PRADESH,SHAHDOL,SCHEDULED TRIBES,TOTAL,MEDIUM,4396,24805,38,198,4434,25003
2015-16,MADHYA PRADESH,SHAHDOL,SCHEDULED TRIBES,TOTAL,LARGE,367,4794,0,0,367,4794
2015-16,MADHYA PRADESH,SHAHDOL,SCHEDULED TRIBES,TOTAL,ALL CLASSES,78974,103075,577,833,79551,103908
2015-16,MADHYA PRADESH,SHAHDOL,OTHERS,TOTAL,MARGINAL,54046,19085,706,274,54752,19360
2015-16,MADHYA PRADESH,SHAHDOL,OTHERS,TOTAL,SMALL,14987,20619,287,374,15274,20993
2015-16,MADHYA PRADESH,SHAHDOL,OTHERS,TOTAL,SEMIMEDIUM,9412,25044,118,285,9530,25328
2015-16,MADHYA PRADESH,SHAHDOL,OTHERS,TOTAL,MEDIUM,3224,17917,12,63,3236,17980
2015-16,MADHYA PRADESH,SHAHDOL,OTHERS,TOTAL,LARGE,246,3408,0,0,246,3408
2015-16,MADHYA PRADESH,SHAHDOL,OTHERS,TOTAL,ALL CLASSES,81915,86073,1123,996,83038,87069
2015-16,MADHYA PRADESH,SHAHDOL,INSTITUTIONAL,TOTAL,MARGINAL,0,0,0,0,3,1
2015-16,MADHYA PRADESH,SHAHDOL,INSTITUTIONAL,TOTAL,SMALL,0,0,0,0,3,5
2015-16,MADHYA PRADESH,SHAHDOL,INSTITUTIONAL,TOTAL,SEMIMEDIUM,0,0,0,0,1,3
2015-16,MADHYA PRADESH,SHAHDOL,INSTITUTIONAL,TOTAL,MEDIUM,0,0,0,0,0,0
2015-16,MADHYA PRADESH,SHAHDOL,INSTITUTIONAL,TOTAL,LARGE,0,0,0,0,2,30
2015-16,MADHYA PRADESH,SHAHDOL,INSTITUTIONAL,TOTAL,ALL CLASSES,0,0,0,0,9,39
2015-16,MADHYA PRADESH,SHAJAPUR,SCHEDULED CASTE,TOTAL,MARGINAL,13640,6898,0,0,13640,6898
2015-16,MADHYA PRADESH,SHAJAPUR,SCHEDULED CASTE,TOTAL,SMALL,5031,6682,0,0,5031,6682
2015-16,MADHYA PRADESH,SHAJAPUR,SCHEDULED CASTE,TOTAL,SEMIMEDIUM,1448,3856,0,0,1448,3856
2015-16,MADHYA PRADESH,SHAJAPUR,SCHEDULED CASTE,TOTAL,MEDIUM,502,2520,0,0,502,2520
2015-16,MADHYA PRADESH,SHAJAPUR,SCHEDULED CASTE,TOTAL,LARGE,17,240,0,0,17,240
2015-16,MADHYA PRADESH,SHAJAPUR,SCHEDULED CASTE,TOTAL,ALL CLASSES,20638,20197,0,0,20638,20197
2015-16,MADHYA PRADESH,SHAJAPUR,SCHEDULED TRIBES,TOTAL,MARGINAL,6058,3207,0,0,6058,3207
2015-16,MADHYA PRADESH,SHAJAPUR,SCHEDULED TRIBES,TOTAL,SMALL,2334,3108,0,0,2334,3108
2015-16,MADHYA PRADESH,SHAJAPUR,SCHEDULED TRIBES,TOTAL,SEMIMEDIUM,763,2024,0,0,763,2024
2015-16,MADHYA PRADESH,SHAJAPUR,SCHEDULED TRIBES,TOTAL,MEDIUM,215,1080,0,0,215,1080
2015-16,MADHYA PRADESH,SHAJAPUR,SCHEDULED TRIBES,TOTAL,LARGE,8,101,0,0,8,101
2015-16,MADHYA PRADESH,SHAJAPUR,SCHEDULED TRIBES,TOTAL,ALL CLASSES,9378,9520,0,0,9378,9520
2015-16,MADHYA PRADESH,SHAJAPUR,OTHERS,TOTAL,MARGINAL,52153,26779,0,0,52153,26779
2015-16,MADHYA PRADESH,SHAJAPUR,OTHERS,TOTAL,SMALL,37065,53134,0,0,37065,53134
2015-16,MADHYA PRADESH,SHAJAPUR,OTHERS,TOTAL,SEMIMEDIUM,25100,69928,0,0,25100,69928
2015-16,MADHYA PRADESH,SHAJAPUR,OTHERS,TOTAL,MEDIUM,12942,74152,0,0,12942,74152
2015-16,MADHYA PRADESH,SHAJAPUR,OTHERS,TOTAL,LARGE,1059,14535,0,0,1059,14535
2015-16,MADHYA PRADESH,SHAJAPUR,OTHERS,TOTAL,ALL CLASSES,128319,238528,0,0,128319,238528
2015-16,MADHYA PRADESH,SHAJAPUR,INSTITUTIONAL,TOTAL,MARGINAL,0,0,0,0,0,0
2015-16,MADHYA PRADESH,SHAJAPUR,INSTITUTIONAL,TOTAL,SMALL,0,0,0,0,0,0
2015-16,MADHYA PRADESH,SHAJAPUR,INSTITUTIONAL,TOTAL,SEMIMEDIUM,0,0,0,0,1,3
2015-16,MADHYA PRADESH,SHAJAPUR,INSTITUTIONAL,TOTAL,MEDIUM,0,0,0,0,2,14
2015-16,MADHYA PRADESH,SHAJAPUR,INSTITUTIONAL,TOTAL,LARGE,0,0,0,0,1,24
2015-16,MADHYA PRADESH,SHAJAPUR,INSTITUTIONAL,TOTAL,ALL CLASSES,0,0,0,0,4,40
2015-16,MADHYA PRADESH,SHEOPUR KALAN,SCHEDULED CASTE,TOTAL,MARGINAL,8356,4614,1073,550,9429,5165
2015-16,MADHYA PRADESH,SHEOPUR KALAN,SCHEDULED CASTE,TOTAL,SMALL,5218,6717,567,793,5785,7510
2015-16,MADHYA PRADESH,SHEOPUR KALAN,SCHEDULED CASTE,TOTAL,SEMIMEDIUM,1899,4883,320,870,2219,5754
2015-16,MADHYA PRADESH,SHEOPUR KALAN,SCHEDULED CASTE,TOTAL,MEDIUM,299,1530,45,242,344,1773
2015-16,MADHYA PRADESH,SHEOPUR KALAN,SCHEDULED CASTE,TOTAL,LARGE,6,78,1,11,7,89
2015-16,MADHYA PRADESH,SHEOPUR KALAN,SCHEDULED CASTE,TOTAL,ALL CLASSES,15778,17824,2006,2467,17784,20291
2015-16,MADHYA PRADESH,SHEOPUR KALAN,SCHEDULED TRIBES,TOTAL,MARGINAL,5604,3180,244,158,5848,3339
2015-16,MADHYA PRADESH,SHEOPUR KALAN,SCHEDULED TRIBES,TOTAL,SMALL,6680,9115,400,573,7080,9689
2015-16,MADHYA PRADESH,SHEOPUR KALAN,SCHEDULED TRIBES,TOTAL,SEMIMEDIUM,3503,8584,400,1076,3903,9660
2015-16,MADHYA PRADESH,SHEOPUR KALAN,SCHEDULED TRIBES,TOTAL,MEDIUM,636,3020,57,292,693,3311
2015-16,MADHYA PRADESH,SHEOPUR KALAN,SCHEDULED TRIBES,TOTAL,LARGE,15,223,0,0,15,223
2015-16,MADHYA PRADESH,SHEOPUR KALAN,SCHEDULED TRIBES,TOTAL,ALL CLASSES,16438,24121,1101,2100,17539,26221
2015-16,MADHYA PRADESH,SHEOPUR KALAN,OTHERS,TOTAL,MARGINAL,20850,11486,3051,1696,23901,13184
2015-16,MADHYA PRADESH,SHEOPUR KALAN,OTHERS,TOTAL,SMALL,21091,29242,2140,3167,23231,32409
2015-16,MADHYA PRADESH,SHEOPUR KALAN,OTHERS,TOTAL,SEMIMEDIUM,13062,34744,1795,4874,14857,39618
2015-16,MADHYA PRADESH,SHEOPUR KALAN,OTHERS,TOTAL,MEDIUM,5238,29276,616,3447,5854,32724
2015-16,MADHYA PRADESH,SHEOPUR KALAN,OTHERS,TOTAL,LARGE,292,3943,47,650,339,4592
2015-16,MADHYA PRADESH,SHEOPUR KALAN,OTHERS,TOTAL,ALL CLASSES,60533,108692,7649,13835,68182,122527
2015-16,MADHYA PRADESH,SHEOPUR KALAN,INSTITUTIONAL,TOTAL,MARGINAL,0,0,0,0,17,11
2015-16,MADHYA PRADESH,SHEOPUR KALAN,INSTITUTIONAL,TOTAL,SMALL,0,0,0,0,13,18
2015-16,MADHYA PRADESH,SHEOPUR KALAN,INSTITUTIONAL,TOTAL,SEMIMEDIUM,0,0,0,0,9,26
2015-16,MADHYA PRADESH,SHEOPUR KALAN,INSTITUTIONAL,TOTAL,MEDIUM,0,0,0,0,7,36
2015-16,MADHYA PRADESH,SHEOPUR KALAN,INSTITUTIONAL,TOTAL,LARGE,0,0,0,0,2,32
2015-16,MADHYA PRADESH,SHEOPUR KALAN,INSTITUTIONAL,TOTAL,ALL CLASSES,0,0,0,0,48,125
2015-16,MADHYA PRADESH,SHIVPURI,SCHEDULED CASTE,TOTAL,MARGINAL,24266,13146,2861,1520,27127,14666
2015-16,MADHYA PRADESH,SHIVPURI,SCHEDULED CASTE,TOTAL,SMALL,13287,17781,1506,2068,14793,19849
2015-16,MADHYA PRADESH,SHIVPURI,SCHEDULED CASTE,TOTAL,SEMIMEDIUM,5367,14180,787,2075,6154,16254
2015-16,MADHYA PRADESH,SHIVPURI,SCHEDULED CASTE,TOTAL,MEDIUM,1138,5903,223,1175,1361,7078
2015-16,MADHYA PRADESH,SHIVPURI,SCHEDULED CASTE,TOTAL,LARGE,28,347,12,145,40,492
2015-16,MADHYA PRADESH,SHIVPURI,SCHEDULED CASTE,TOTAL,ALL CLASSES,44086,51356,5389,6983,49475,58339
2015-16,MADHYA PRADESH,SHIVPURI,SCHEDULED TRIBES,TOTAL,MARGINAL,12654,7154,1194,660,13848,7814
2015-16,MADHYA PRADESH,SHIVPURI,SCHEDULED TRIBES,TOTAL,SMALL,8422,11232,712,1007,9134,12239
2015-16,MADHYA PRADESH,SHIVPURI,SCHEDULED TRIBES,TOTAL,SEMIMEDIUM,3980,10271,511,1338,4491,11609
2015-16,MADHYA PRADESH,SHIVPURI,SCHEDULED TRIBES,TOTAL,MEDIUM,942,4930,125,668,1067,5598
2015-16,MADHYA PRADESH,SHIVPURI,SCHEDULED TRIBES,TOTAL,LARGE,34,476,4,41,38,517
2015-16,MADHYA PRADESH,SHIVPURI,SCHEDULED TRIBES,TOTAL,ALL CLASSES,26032,34063,2546,3714,28578,37777
2015-16,MADHYA PRADESH,SHIVPURI,OTHERS,TOTAL,MARGINAL,78345,41054,9343,4334,87688,45388
2015-16,MADHYA PRADESH,SHIVPURI,OTHERS,TOTAL,SMALL,51713,73951,5747,8301,57460,82252
2015-16,MADHYA PRADESH,SHIVPURI,OTHERS,TOTAL,SEMIMEDIUM,35479,97558,4260,11899,39739,109457
2015-16,MADHYA PRADESH,SHIVPURI,OTHERS,TOTAL,MEDIUM,14580,82051,2214,12480,16794,94532
2015-16,MADHYA PRADESH,SHIVPURI,OTHERS,TOTAL,LARGE,1126,15676,273,4293,1399,19968
2015-16,MADHYA PRADESH,SHIVPURI,OTHERS,TOTAL,ALL CLASSES,181243,310291,21837,41307,203080,351598
2015-16,MADHYA PRADESH,SHIVPURI,INSTITUTIONAL,TOTAL,MARGINAL,0,0,0,0,60,29
2015-16,MADHYA PRADESH,SHIVPURI,INSTITUTIONAL,TOTAL,SMALL,0,0,0,0,32,45
2015-16,MADHYA PRADESH,SHIVPURI,INSTITUTIONAL,TOTAL,SEMIMEDIUM,0,0,0,0,56,164
2015-16,MADHYA PRADESH,SHIVPURI,INSTITUTIONAL,TOTAL,MEDIUM,0,0,0,0,40,231
2015-16,MADHYA PRADESH,SHIVPURI,INSTITUTIONAL,TOTAL,LARGE,0,0,0,0,11,361
2015-16,MADHYA PRADESH,SHIVPURI,INSTITUTIONAL,TOTAL,ALL CLASSES,0,0,0,0,199,831
2015-16,MADHYA PRADESH,SIDHI,SCHEDULED CASTE,TOTAL,MARGINAL,7285,2668,56,23,7341,2690
2015-16,MADHYA PRADESH,SIDHI,SCHEDULED CASTE,TOTAL,SMALL,1093,1499,12,16,1105,1515
2015-16,MADHYA PRADESH,SIDHI,SCHEDULED CASTE,TOTAL,SEMIMEDIUM,339,854,4,10,343,864
2015-16,MADHYA PRADESH,SIDHI,SCHEDULED CASTE,TOTAL,MEDIUM,65,345,1,7,66,351
2015-16,MADHYA PRADESH,SIDHI,SCHEDULED CASTE,TOTAL,LARGE,4,73,1,20,5,93
2015-16,MADHYA PRADESH,SIDHI,SCHEDULED CASTE,TOTAL,ALL CLASSES,8786,5439,74,77,8860,5515
2015-16,MADHYA PRADESH,SIDHI,SCHEDULED TRIBES,TOTAL,MARGINAL,16406,7126,78,41,16484,7168
2015-16,MADHYA PRADESH,SIDHI,SCHEDULED TRIBES,TOTAL,SMALL,6382,8718,68,107,6450,8824
2015-16,MADHYA PRADESH,SIDHI,SCHEDULED TRIBES,TOTAL,SEMIMEDIUM,4247,11205,53,154,4300,11359
2015-16,MADHYA PRADESH,SIDHI,SCHEDULED TRIBES,TOTAL,MEDIUM,1868,10558,47,297,1915,10855
2015-16,MADHYA PRADESH,SIDHI,SCHEDULED TRIBES,TOTAL,LARGE,207,2889,10,136,217,3026
2015-16,MADHYA PRADESH,SIDHI,SCHEDULED TRIBES,TOTAL,ALL CLASSES,29110,40496,256,735,29366,41231
2015-16,MADHYA PRADESH,SIDHI,OTHERS,TOTAL,MARGINAL,72231,28913,391,166,72622,29079
2015-16,MADHYA PRADESH,SIDHI,OTHERS,TOTAL,SMALL,21650,29868,146,211,21796,30078
2015-16,MADHYA PRADESH,SIDHI,OTHERS,TOTAL,SEMIMEDIUM,13653,37101,146,428,13799,37529
2015-16,MADHYA PRADESH,SIDHI,OTHERS,TOTAL,MEDIUM,5886,33436,148,977,6034,34414
2015-16,MADHYA PRADESH,SIDHI,OTHERS,TOTAL,LARGE,786,11494,49,787,835,12282
2015-16,MADHYA PRADESH,SIDHI,OTHERS,TOTAL,ALL CLASSES,114206,140813,880,2568,115086,143382
2015-16,MADHYA PRADESH,SIDHI,INSTITUTIONAL,TOTAL,MARGINAL,0,0,0,0,1,0
2015-16,MADHYA PRADESH,SIDHI,INSTITUTIONAL,TOTAL,SMALL,0,0,0,0,1,1
2015-16,MADHYA PRADESH,SIDHI,INSTITUTIONAL,TOTAL,SEMIMEDIUM,0,0,0,0,1,3
2015-16,MADHYA PRADESH,SIDHI,INSTITUTIONAL,TOTAL,MEDIUM,0,0,0,0,3,20
2015-16,MADHYA PRADESH,SIDHI,INSTITUTIONAL,TOTAL,LARGE,0,0,0,0,4,394
2015-16,MADHYA PRADESH,SIDHI,INSTITUTIONAL,TOTAL,ALL CLASSES,0,0,0,0,10,417
2015-16,MADHYA PRADESH,SINGRAULI,SCHEDULED CASTE,TOTAL,MARGINAL,10579,4478,325,136,10904,4614
2015-16,MADHYA PRADESH,SINGRAULI,SCHEDULED CASTE,TOTAL,SMALL,2341,3247,157,217,2498,3464
2015-16,MADHYA PRADESH,SINGRAULI,SCHEDULED CASTE,TOTAL,SEMIMEDIUM,1045,2569,84,211,1129,2780
2015-16,MADHYA PRADESH,SINGRAULI,SCHEDULED CASTE,TOTAL,MEDIUM,175,983,30,156,205,1138
2015-16,MADHYA PRADESH,SINGRAULI,SCHEDULED CASTE,TOTAL,LARGE,16,232,1,11,17,242
2015-16,MADHYA PRADESH,SINGRAULI,SCHEDULED CASTE,TOTAL,ALL CLASSES,14156,11509,597,729,14753,12238
2015-16,MADHYA PRADESH,SINGRAULI,SCHEDULED TRIBES,TOTAL,MARGINAL,25199,13229,612,278,25811,13507
2015-16,MADHYA PRADESH,SINGRAULI,SCHEDULED TRIBES,TOTAL,SMALL,9092,12640,450,664,9542,13304
2015-16,MADHYA PRADESH,SINGRAULI,SCHEDULED TRIBES,TOTAL,SEMIMEDIUM,7640,19709,496,1287,8136,20997
2015-16,MADHYA PRADESH,SINGRAULI,SCHEDULED TRIBES,TOTAL,MEDIUM,2381,13792,271,1590,2652,15382
2015-16,MADHYA PRADESH,SINGRAULI,SCHEDULED TRIBES,TOTAL,LARGE,266,3885,50,839,316,4724
2015-16,MADHYA PRADESH,SINGRAULI,SCHEDULED TRIBES,TOTAL,ALL CLASSES,44578,63255,1879,4659,46457,67914
2015-16,MADHYA PRADESH,SINGRAULI,OTHERS,TOTAL,MARGINAL,65166,24004,1751,724,66917,24727
2015-16,MADHYA PRADESH,SINGRAULI,OTHERS,TOTAL,SMALL,16679,23347,670,932,17349,24279
2015-16,MADHYA PRADESH,SINGRAULI,OTHERS,TOTAL,SEMIMEDIUM,10377,26614,535,1377,10912,27993
2015-16,MADHYA PRADESH,SINGRAULI,OTHERS,TOTAL,MEDIUM,4142,23216,239,1331,4381,24547
2015-16,MADHYA PRADESH,SINGRAULI,OTHERS,TOTAL,LARGE,629,9572,54,840,683,10413
2015-16,MADHYA PRADESH,SINGRAULI,OTHERS,TOTAL,ALL CLASSES,96993,106752,3249,5205,100242,111958
2015-16,MADHYA PRADESH,SINGRAULI,INSTITUTIONAL,TOTAL,MARGINAL,0,0,0,0,55,26
2015-16,MADHYA PRADESH,SINGRAULI,INSTITUTIONAL,TOTAL,SMALL,0,0,0,0,21,30
2015-16,MADHYA PRADESH,SINGRAULI,INSTITUTIONAL,TOTAL,SEMIMEDIUM,0,0,0,0,16,41
2015-16,MADHYA PRADESH,SINGRAULI,INSTITUTIONAL,TOTAL,MEDIUM,0,0,0,0,11,63
2015-16,MADHYA PRADESH,SINGRAULI,INSTITUTIONAL,TOTAL,LARGE,0,0,0,0,4,637
2015-16,MADHYA PRADESH,SINGRAULI,INSTITUTIONAL,TOTAL,ALL CLASSES,0,0,0,0,107,797
2015-16,MADHYA PRADESH,TIKAMGARH,SCHEDULED CASTE,TOTAL,MARGINAL,22225,12182,1561,806,23786,12987
2015-16,MADHYA PRADESH,TIKAMGARH,SCHEDULED CASTE,TOTAL,SMALL,13024,17639,885,1204,13909,18843
2015-16,MADHYA PRADESH,TIKAMGARH,SCHEDULED CASTE,TOTAL,SEMIMEDIUM,5641,14488,703,1961,6344,16449
2015-16,MADHYA PRADESH,TIKAMGARH,SCHEDULED CASTE,TOTAL,MEDIUM,1064,5312,337,1757,1401,7069
2015-16,MADHYA PRADESH,TIKAMGARH,SCHEDULED CASTE,TOTAL,LARGE,10,121,3,34,13,155
2015-16,MADHYA PRADESH,TIKAMGARH,SCHEDULED CASTE,TOTAL,ALL CLASSES,41964,49742,3489,5762,45453,55504
2015-16,MADHYA PRADESH,TIKAMGARH,SCHEDULED TRIBES,TOTAL,MARGINAL,4065,2174,276,148,4341,2322
2015-16,MADHYA PRADESH,TIKAMGARH,SCHEDULED TRIBES,TOTAL,SMALL,3080,4175,241,333,3321,4508
2015-16,MADHYA PRADESH,TIKAMGARH,SCHEDULED TRIBES,TOTAL,SEMIMEDIUM,1426,3607,177,484,1603,4092
2015-16,MADHYA PRADESH,TIKAMGARH,SCHEDULED TRIBES,TOTAL,MEDIUM,162,799,77,417,239,1217
2015-16,MADHYA PRADESH,TIKAMGARH,SCHEDULED TRIBES,TOTAL,LARGE,2,26,4,59,6,86
2015-16,MADHYA PRADESH,TIKAMGARH,SCHEDULED TRIBES,TOTAL,ALL CLASSES,8735,10782,775,1442,9510,12225
2015-16,MADHYA PRADESH,TIKAMGARH,OTHERS,TOTAL,MARGINAL,68163,33667,4854,2443,73017,36110
2015-16,MADHYA PRADESH,TIKAMGARH,OTHERS,TOTAL,SMALL,36910,51892,2646,3696,39556,55588
2015-16,MADHYA PRADESH,TIKAMGARH,OTHERS,TOTAL,SEMIMEDIUM,21937,58737,2107,5515,24044,64251
2015-16,MADHYA PRADESH,TIKAMGARH,OTHERS,TOTAL,MEDIUM,7086,38539,1351,7634,8437,46173
2015-16,MADHYA PRADESH,TIKAMGARH,OTHERS,TOTAL,LARGE,330,4122,128,1734,458,5856
2015-16,MADHYA PRADESH,TIKAMGARH,OTHERS,TOTAL,ALL CLASSES,134426,186957,11086,21022,145512,207979
2015-16,MADHYA PRADESH,TIKAMGARH,INSTITUTIONAL,TOTAL,MARGINAL,0,0,0,0,31,15
2015-16,MADHYA PRADESH,TIKAMGARH,INSTITUTIONAL,TOTAL,SMALL,0,0,0,0,34,50
2015-16,MADHYA PRADESH,TIKAMGARH,INSTITUTIONAL,TOTAL,SEMIMEDIUM,0,0,0,0,26,73
2015-16,MADHYA PRADESH,TIKAMGARH,INSTITUTIONAL,TOTAL,MEDIUM,0,0,0,0,57,343
2015-16,MADHYA PRADESH,TIKAMGARH,INSTITUTIONAL,TOTAL,LARGE,0,0,0,0,20,534
2015-16,MADHYA PRADESH,TIKAMGARH,INSTITUTIONAL,TOTAL,ALL CLASSES,0,0,0,0,168,1016
2015-16,MADHYA PRADESH,UJJAIN,SCHEDULED CASTE,TOTAL,MARGINAL,30593,16075,1,1,30594,16076
2015-16,MADHYA PRADESH,UJJAIN,SCHEDULED CASTE,TOTAL,SMALL,14401,19694,0,0,14401,19694
2015-16,MADHYA PRADESH,UJJAIN,SCHEDULED CASTE,TOTAL,SEMIMEDIUM,5811,15819,1,2,5812,15821
2015-16,MADHYA PRADESH,UJJAIN,SCHEDULED CASTE,TOTAL,MEDIUM,1939,10375,1,5,1940,10380
2015-16,MADHYA PRADESH,UJJAIN,SCHEDULED CASTE,TOTAL,LARGE,95,1315,0,0,95,1315
2015-16,MADHYA PRADESH,UJJAIN,SCHEDULED CASTE,TOTAL,ALL CLASSES,52839,63278,3,7,52842,63285
2015-16,MADHYA PRADESH,UJJAIN,SCHEDULED TRIBES,TOTAL,MARGINAL,2862,1546,0,0,2862,1546
2015-16,MADHYA PRADESH,UJJAIN,SCHEDULED TRIBES,TOTAL,SMALL,1450,2006,0,0,1450,2006
2015-16,MADHYA PRADESH,UJJAIN,SCHEDULED TRIBES,TOTAL,SEMIMEDIUM,637,1765,0,0,637,1765
2015-16,MADHYA PRADESH,UJJAIN,SCHEDULED TRIBES,TOTAL,MEDIUM,301,1621,0,0,301,1621
2015-16,MADHYA PRADESH,UJJAIN,SCHEDULED TRIBES,TOTAL,LARGE,22,294,0,0,22,294
2015-16,MADHYA PRADESH,UJJAIN,SCHEDULED TRIBES,TOTAL,ALL CLASSES,5272,7232,0,0,5272,7232
2015-16,MADHYA PRADESH,UJJAIN,OTHERS,TOTAL,MARGINAL,75692,40358,0,0,75692,40358
2015-16,MADHYA PRADESH,UJJAIN,OTHERS,TOTAL,SMALL,57366,81128,0,0,57366,81128
2015-16,MADHYA PRADESH,UJJAIN,OTHERS,TOTAL,SEMIMEDIUM,44558,124143,4,10,44562,124153
2015-16,MADHYA PRADESH,UJJAIN,OTHERS,TOTAL,MEDIUM,26946,159630,2,9,26948,159639
2015-16,MADHYA PRADESH,UJJAIN,OTHERS,TOTAL,LARGE,2846,38972,0,0,2846,38972
2015-16,MADHYA PRADESH,UJJAIN,OTHERS,TOTAL,ALL CLASSES,207408,444230,6,20,207414,444250
2015-16,MADHYA PRADESH,UJJAIN,INSTITUTIONAL,TOTAL,MARGINAL,0,0,0,0,45,24
2015-16,MADHYA PRADESH,UJJAIN,INSTITUTIONAL,TOTAL,SMALL,0,0,0,0,34,46
2015-16,MADHYA PRADESH,UJJAIN,INSTITUTIONAL,TOTAL,SEMIMEDIUM,0,0,0,0,28,74
2015-16,MADHYA PRADESH,UJJAIN,INSTITUTIONAL,TOTAL,MEDIUM,0,0,0,0,26,144
2015-16,MADHYA PRADESH,UJJAIN,INSTITUTIONAL,TOTAL,LARGE,0,0,0,0,14,469
2015-16,MADHYA PRADESH,UJJAIN,INSTITUTIONAL,TOTAL,ALL CLASSES,0,0,0,0,147,757
2015-16,MADHYA PRADESH,UMARIA,SCHEDULED CASTE,TOTAL,MARGINAL,3837,1676,1265,570,5102,2246
2015-16,MADHYA PRADESH,UMARIA,SCHEDULED CASTE,TOTAL,SMALL,1272,1805,455,645,1727,2451
2015-16,MADHYA PRADESH,UMARIA,SCHEDULED CASTE,TOTAL,SEMIMEDIUM,539,1440,234,633,773,2073
2015-16,MADHYA PRADESH,UMARIA,SCHEDULED CASTE,TOTAL,MEDIUM,129,724,79,448,208,1172
2015-16,MADHYA PRADESH,UMARIA,SCHEDULED CASTE,TOTAL,LARGE,3,34,1,13,4,47
2015-16,MADHYA PRADESH,UMARIA,SCHEDULED CASTE,TOTAL,ALL CLASSES,5780,5679,2034,2310,7814,7988
2015-16,MADHYA PRADESH,UMARIA,SCHEDULED TRIBES,TOTAL,MARGINAL,16561,7651,4570,2148,21131,9799
2015-16,MADHYA PRADESH,UMARIA,SCHEDULED TRIBES,TOTAL,SMALL,7434,10287,2070,2949,9504,13236
2015-16,MADHYA PRADESH,UMARIA,SCHEDULED TRIBES,TOTAL,SEMIMEDIUM,4501,12015,1619,4423,6120,16438
2015-16,MADHYA PRADESH,UMARIA,SCHEDULED TRIBES,TOTAL,MEDIUM,1592,9187,782,4594,2374,13780
2015-16,MADHYA PRADESH,UMARIA,SCHEDULED TRIBES,TOTAL,LARGE,153,2133,106,1508,259,3640
2015-16,MADHYA PRADESH,UMARIA,SCHEDULED TRIBES,TOTAL,ALL CLASSES,30241,41273,9147,15621,39388,56893
2015-16,MADHYA PRADESH,UMARIA,OTHERS,TOTAL,MARGINAL,24922,11099,6499,3005,31421,14104
2015-16,MADHYA PRADESH,UMARIA,OTHERS,TOTAL,SMALL,8718,12129,2502,3479,11220,15608
2015-16,MADHYA PRADESH,UMARIA,OTHERS,TOTAL,SEMIMEDIUM,4669,12471,1827,5031,6496,17501
2015-16,MADHYA PRADESH,UMARIA,OTHERS,TOTAL,MEDIUM,1486,8192,738,4232,2224,12425
2015-16,MADHYA PRADESH,UMARIA,OTHERS,TOTAL,LARGE,82,1232,82,1180,164,2412
2015-16,MADHYA PRADESH,UMARIA,OTHERS,TOTAL,ALL CLASSES,39877,45123,11648,16926,51525,62050
2015-16,MADHYA PRADESH,UMARIA,INSTITUTIONAL,TOTAL,MARGINAL,0,0,0,0,2,0
2015-16,MADHYA PRADESH,UMARIA,INSTITUTIONAL,TOTAL,SMALL,0,0,0,0,0,0
2015-16,MADHYA PRADESH,UMARIA,INSTITUTIONAL,TOTAL,SEMIMEDIUM,0,0,0,0,1,3
2015-16,MADHYA PRADESH,UMARIA,INSTITUTIONAL,TOTAL,MEDIUM,0,0,0,0,1,6
2015-16,MADHYA PRADESH,UMARIA,INSTITUTIONAL,TOTAL,LARGE,0,0,0,0,2,66
2015-16,MADHYA PRADESH,UMARIA,INSTITUTIONAL,TOTAL,ALL CLASSES,0,0,0,0,6,75
2015-16,MADHYA PRADESH,VIDISHA,SCHEDULED CASTE,TOTAL,MARGINAL,15284,8489,1110,524,16394,9013
2015-16,MADHYA PRADESH,VIDISHA,SCHEDULED CASTE,TOTAL,SMALL,10504,14224,911,1268,11415,15492
2015-16,MADHYA PRADESH,VIDISHA,SCHEDULED CASTE,TOTAL,SEMIMEDIUM,4179,10809,528,1412,4707,12223
2015-16,MADHYA PRADESH,VIDISHA,SCHEDULED CASTE,TOTAL,MEDIUM,1056,5552,161,889,1217,6440
2015-16,MADHYA PRADESH,VIDISHA,SCHEDULED CASTE,TOTAL,LARGE,43,702,7,102,50,804
2015-16,MADHYA PRADESH,VIDISHA,SCHEDULED CASTE,TOTAL,ALL CLASSES,31066,39777,2717,4195,33783,43972
2015-16,MADHYA PRADESH,VIDISHA,SCHEDULED TRIBES,TOTAL,MARGINAL,2701,1618,161,111,2862,1728
2015-16,MADHYA PRADESH,VIDISHA,SCHEDULED TRIBES,TOTAL,SMALL,1763,2411,94,122,1857,2532
2015-16,MADHYA PRADESH,VIDISHA,SCHEDULED TRIBES,TOTAL,SEMIMEDIUM,800,2009,95,256,895,2266
2015-16,MADHYA PRADESH,VIDISHA,SCHEDULED TRIBES,TOTAL,MEDIUM,121,695,14,85,135,778
2015-16,MADHYA PRADESH,VIDISHA,SCHEDULED TRIBES,TOTAL,LARGE,8,103,0,0,8,103
2015-16,MADHYA PRADESH,VIDISHA,SCHEDULED TRIBES,TOTAL,ALL CLASSES,5393,6835,364,573,5757,7408
2015-16,MADHYA PRADESH,VIDISHA,OTHERS,TOTAL,MARGINAL,53724,26939,3567,1573,57291,28512
2015-16,MADHYA PRADESH,VIDISHA,OTHERS,TOTAL,SMALL,52772,76553,3084,4467,55856,81020
2015-16,MADHYA PRADESH,VIDISHA,OTHERS,TOTAL,SEMIMEDIUM,42468,116235,3474,10105,45942,126340
2015-16,MADHYA PRADESH,VIDISHA,OTHERS,TOTAL,MEDIUM,27756,165878,1892,10995,29648,176873
2015-16,MADHYA PRADESH,VIDISHA,OTHERS,TOTAL,LARGE,3216,48667,250,4280,3466,52947
2015-16,MADHYA PRADESH,VIDISHA,OTHERS,TOTAL,ALL CLASSES,179936,434271,12267,31421,192203,465692
2015-16,MADHYA PRADESH,VIDISHA,INSTITUTIONAL,TOTAL,MARGINAL,0,0,0,0,72,38
2015-16,MADHYA PRADESH,VIDISHA,INSTITUTIONAL,TOTAL,SMALL,0,0,0,0,68,96
2015-16,MADHYA PRADESH,VIDISHA,INSTITUTIONAL,TOTAL,SEMIMEDIUM,0,0,0,0,47,130
2015-16,MADHYA PRADESH,VIDISHA,INSTITUTIONAL,TOTAL,MEDIUM,0,0,0,0,22,122
2015-16,MADHYA PRADESH,VIDISHA,INSTITUTIONAL,TOTAL,LARGE,0,0,0,0,12,243
2015-16,MADHYA PRADESH,VIDISHA,INSTITUTIONAL,TOTAL,ALL CLASSES,0,0,0,0,221,627
