year,state,district,social_group,gender,size_category,ind_holdings_number,ind_holdings_area_ha,jnt_holdings_number,jnt_holdings_area_ha,tot_holdings_number,tot_holdings_area_ha
2015-16,ARUNACHAL PRADESH,ANJAW,SCHEDULED CASTE,TOTAL,MARGINAL,0,0,0,0,0,0
2015-16,ARUNACHAL PRADESH,ANJAW,SCHEDULED CASTE,TOTAL,SMALL,0,0,0,0,0,0
2015-16,ARUNACHAL PRADESH,ANJAW,SCHEDULED CASTE,TOTAL,SEMIMEDIUM,0,0,0,0,0,0
2015-16,ARUNACHAL PRADESH,ANJAW,SCHEDULED CASTE,TOTAL,MEDIUM,0,0,0,0,0,0
2015-16,ARUNACHAL PRADESH,ANJAW,SCHEDULED CASTE,TOTAL,LARGE,0,0,0,0,0,0
2015-16,ARUNACHAL PRADESH,ANJAW,SCHEDULED CASTE,TOTAL,ALL CLASSES,0,0,0,0,0,0
2015-16,ARUNACHAL PRADESH,ANJAW,SCHEDULED TRIBES,TOTAL,MARGINAL,470,361,0,0,470,361
2015-16,ARUNACHAL PRADESH,ANJAW,SCHEDULED TRIBES,TOTAL,SMALL,1086,1667,0,0,1086,1667
2015-16,ARUNACHAL PRADESH,ANJAW,SCHEDULED TRIBES,TOTAL,SEMIMEDIUM,676,1730,0,0,676,1730
2015-16,ARUNACHAL PRADESH,ANJAW,SCHEDULED TRIBES,TOTAL,MEDIUM,654,3891,0,0,654,3891
2015-16,ARUNACHAL PRADESH,ANJAW,SCHEDULED TRIBES,TOTAL,LARGE,50,1048,0,0,50,1048
2015-16,ARUNACHAL PRADESH,ANJAW,SCHEDULED TRIBES,TOTAL,ALL CLASSES,2936,8698,0,0,2936,8698
2015-16,ARUNACHAL PRADESH,ANJAW,OTHERS,TOTAL,MARGINAL,0,0,0,0,0,0
2015-16,ARUNACHAL PRADESH,ANJAW,OTHERS,TOTAL,SMALL,0,0,0,0,0,0
2015-16,ARUNACHAL PRADESH,ANJAW,OTHERS,TOTAL,SEMIMEDIUM,0,0,0,0,0,0
2015-16,ARUNACHAL PRADESH,ANJAW,OTHERS,TOTAL,MEDIUM,0,0,0,0,0,0
2015-16,ARUNACHAL PRADESH,ANJAW,OTHERS,TOTAL,LARGE,0,0,0,0,0,0
2015-16,ARUNACHAL PRADESH,ANJAW,OTHERS,TOTAL,ALL CLASSES,0,0,0,0,0,0
2015-16,ARUNACHAL PRADESH,ANJAW,INSTITUTIONAL,TOTAL,MARGINAL,0,0,0,0,0,0
2015-16,ARUNACHAL PRADESH,ANJAW,INSTITUTIONAL,TOTAL,SMALL,0,0,0,0,0,0
2015-16,ARUNACHAL PRADESH,ANJAW,INSTITUTIONAL,TOTAL,SEMIMEDIUM,0,0,0,0,0,0
2015-16,ARUNACHAL PRADESH,ANJAW,INSTITUTIONAL,TOTAL,MEDIUM,0,0,0,0,0,0
2015-16,ARUNACHAL PRADESH,ANJAW,INSTITUTIONAL,TOTAL,LARGE,0,0,0,0,0,0
2015-16,ARUNACHAL PRADESH,ANJAW,INSTITUTIONAL,TOTAL,ALL CLASSES,0,0,0,0,0,0
2015-16,ARUNACHAL PRADESH,CHANGLANG,SCHEDULED CASTE,TOTAL,MARGINAL,0,0,0,0,0,0
2015-16,ARUNACHAL PRADESH,CHANGLANG,SCHEDULED CASTE,TOTAL,SMALL,0,0,0,0,0,0
2015-16,ARUNACHAL PRADESH,CHANGLANG,SCHEDULED CASTE,TOTAL,SEMIMEDIUM,0,0,0,0,0,0
2015-16,ARUNACHAL PRADESH,CHANGLANG,SCHEDULED CASTE,TOTAL,MEDIUM,0,0,0,0,0,0
2015-16,ARUNACHAL PRADESH,CHANGLANG,SCHEDULED CASTE,TOTAL,LARGE,0,0,0,0,0,0
2015-16,ARUNACHAL PRADESH,CHANGLANG,SCHEDULED CASTE,TOTAL,ALL CLASSES,0,0,0,0,0,0
2015-16,ARUNACHAL PRADESH,CHANGLANG,SCHEDULED TRIBES,TOTAL,MARGINAL,2285,1169,0,0,2285,1169
2015-16,ARUNACHAL PRADESH,CHANGLANG,SCHEDULED TRIBES,TOTAL,SMALL,4604,5345,0,0,4604,5345
2015-16,ARUNACHAL PRADESH,CHANGLANG,SCHEDULED TRIBES,TOTAL,SEMIMEDIUM,2582,6920,0,0,2582,6920
2015-16,ARUNACHAL PRADESH,CHANGLANG,SCHEDULED TRIBES,TOTAL,MEDIUM,3971,22779,0,0,3971,22779
2015-16,ARUNACHAL PRADESH,CHANGLANG,SCHEDULED TRIBES,TOTAL,LARGE,436,7571,0,0,436,7571
2015-16,ARUNACHAL PRADESH,CHANGLANG,SCHEDULED TRIBES,TOTAL,ALL CLASSES,13878,43784,0,0,13878,43784
2015-16,ARUNACHAL PRADESH,CHANGLANG,OTHERS,TOTAL,MARGINAL,0,0,0,0,0,0
2015-16,ARUNACHAL PRADESH,CHANGLANG,OTHERS,TOTAL,SMALL,0,0,0,0,0,0
2015-16,ARUNACHAL PRADESH,CHANGLANG,OTHERS,TOTAL,SEMIMEDIUM,0,0,0,0,0,0
2015-16,ARUNACHAL PRADESH,CHANGLANG,OTHERS,TOTAL,MEDIUM,0,0,0,0,0,0
2015-16,ARUNACHAL PRADESH,CHANGLANG,OTHERS,TOTAL,LARGE,0,0,0,0,0,0
2015-16,ARUNACHAL PRADESH,CHANGLANG,OTHERS,TOTAL,ALL CLASSES,0,0,0,0,0,0
2015-16,ARUNACHAL PRADESH,CHANGLANG,INSTITUTIONAL,TOTAL,MARGINAL,0,0,0,0,227,91
2015-16,ARUNACHAL PRADESH,CHANGLANG,INSTITUTIONAL,TOTAL,SMALL,0,0,0,0,29,32
2015-16,ARUNACHAL PRADESH,CHANGLANG,INSTITUTIONAL,TOTAL,SEMIMEDIUM,0,0,0,0,0,0
2015-16,ARUNACHAL PRADESH,CHANGLANG,INSTITUTIONAL,TOTAL,MEDIUM,0,0,0,0,0,0
2015-16,ARUNACHAL PRADESH,CHANGLANG,INSTITUTIONAL,TOTAL,LARGE,0,0,0,0,0,0
2015-16,ARUNACHAL PRADESH,CHANGLANG,INSTITUTIONAL,TOTAL,ALL CLASSES,0,0,0,0,256,123
2015-16,ARUNACHAL PRADESH,DIBANG VALLEY,SCHEDULED CASTE,TOTAL,MARGINAL,0,0,0,0,0,0
2015-16,ARUNACHAL PRADESH,DIBANG VALLEY,SCHEDULED CASTE,TOTAL,SMALL,0,0,0,0,0,0
2015-16,ARUNACHAL PRADESH,DIBANG VALLEY,SCHEDULED CASTE,TOTAL,SEMIMEDIUM,0,0,0,0,0,0
2015-16,ARUNACHAL PRADESH,DIBANG VALLEY,SCHEDULED CASTE,TOTAL,MEDIUM,0,0,0,0,0,0
2015-16,ARUNACHAL PRADESH,DIBANG VALLEY,SCHEDULED CASTE,TOTAL,LARGE,0,0,0,0,0,0
2015-16,ARUNACHAL PRADESH,DIBANG VALLEY,SCHEDULED CASTE,TOTAL,ALL CLASSES,0,0,0,0,0,0
2015-16,ARUNACHAL PRADESH,DIBANG VALLEY,SCHEDULED TRIBES,TOTAL,MARGINAL,140,70,0,0,140,70
2015-16,ARUNACHAL PRADESH,DIBANG VALLEY,SCHEDULED TRIBES,TOTAL,SMALL,133,138,0,0,133,138
2015-16,ARUNACHAL PRADESH,DIBANG VALLEY,SCHEDULED TRIBES,TOTAL,SEMIMEDIUM,821,2023,0,0,821,2023
2015-16,ARUNACHAL PRADESH,DIBANG VALLEY,SCHEDULED TRIBES,TOTAL,MEDIUM,613,3319,0,0,613,3319
2015-16,ARUNACHAL PRADESH,DIBANG VALLEY,SCHEDULED TRIBES,TOTAL,LARGE,366,3904,0,0,366,3904
2015-16,ARUNACHAL PRADESH,DIBANG VALLEY,SCHEDULED TRIBES,TOTAL,ALL CLASSES,2073,9453,0,0,2073,9453
2015-16,ARUNACHAL PRADESH,DIBANG VALLEY,OTHERS,TOTAL,MARGINAL,0,0,0,0,0,0
2015-16,ARUNACHAL PRADESH,DIBANG VALLEY,OTHERS,TOTAL,SMALL,0,0,0,0,0,0
2015-16,ARUNACHAL PRADESH,DIBANG VALLEY,OTHERS,TOTAL,SEMIMEDIUM,0,0,0,0,0,0
2015-16,ARUNACHAL PRADESH,DIBANG VALLEY,OTHERS,TOTAL,MEDIUM,0,0,0,0,0,0
2015-16,ARUNACHAL PRADESH,DIBANG VALLEY,OTHERS,TOTAL,LARGE,0,0,0,0,0,0
2015-16,ARUNACHAL PRADESH,DIBANG VALLEY,OTHERS,TOTAL,ALL CLASSES,0,0,0,0,0,0
2015-16,ARUNACHAL PRADESH,DIBANG VALLEY,INSTITUTIONAL,TOTAL,MARGINAL,0,0,0,0,0,0
2015-16,ARUNACHAL PRADESH,DIBANG VALLEY,INSTITUTIONAL,TOTAL,SMALL,0,0,0,0,0,0
2015-16,ARUNACHAL PRADESH,DIBANG VALLEY,INSTITUTIONAL,TOTAL,SEMIMEDIUM,0,0,0,0,0,0
2015-16,ARUNACHAL PRADESH,DIBANG VALLEY,INSTITUTIONAL,TOTAL,MEDIUM,0,0,0,0,0,0
2015-16,ARUNACHAL PRADESH,DIBANG VALLEY,INSTITUTIONAL,TOTAL,LARGE,0,0,0,0,0,0
2015-16,ARUNACHAL PRADESH,DIBANG VALLEY,INSTITUTIONAL,TOTAL,ALL CLASSES,0,0,0,0,0,0
2015-16,ARUNACHAL PRADESH,EAST KAMENG,SCHEDULED CASTE,TOTAL,MARGINAL,0,0,0,0,0,0
2015-16,ARUNACHAL PRADESH,EAST KAMENG,SCHEDULED CASTE,TOTAL,SMALL,0,0,0,0,0,0
2015-16,ARUNACHAL PRADESH,EAST KAMENG,SCHEDULED CASTE,TOTAL,SEMIMEDIUM,0,0,0,0,0,0
2015-16,ARUNACHAL PRADESH,EAST KAMENG,SCHEDULED CASTE,TOTAL,MEDIUM,0,0,0,0,0,0
2015-16,ARUNACHAL PRADESH,EAST KAMENG,SCHEDULED CASTE,TOTAL,LARGE,0,0,0,0,0,0
2015-16,ARUNACHAL PRADESH,EAST KAMENG,SCHEDULED CASTE,TOTAL,ALL CLASSES,0,0,0,0,0,0
2015-16,ARUNACHAL PRADESH,EAST KAMENG,SCHEDULED TRIBES,TOTAL,MARGINAL,626,279,0,0,626,279
2015-16,ARUNACHAL PRADESH,EAST KAMENG,SCHEDULED TRIBES,TOTAL,SMALL,523,615,0,0,523,615
2015-16,ARUNACHAL PRADESH,EAST KAMENG,SCHEDULED TRIBES,TOTAL,SEMIMEDIUM,1831,5064,0,0,1831,5064
2015-16,ARUNACHAL PRADESH,EAST KAMENG,SCHEDULED TRIBES,TOTAL,MEDIUM,1987,10255,0,0,1987,10255
2015-16,ARUNACHAL PRADESH,EAST KAMENG,SCHEDULED TRIBES,TOTAL,LARGE,348,4367,0,0,348,4367
2015-16,ARUNACHAL PRADESH,EAST KAMENG,SCHEDULED TRIBES,TOTAL,ALL CLASSES,5315,20581,0,0,5315,20581
2015-16,ARUNACHAL PRADESH,EAST KAMENG,OTHERS,TOTAL,MARGINAL,0,0,0,0,0,0
2015-16,ARUNACHAL PRADESH,EAST KAMENG,OTHERS,TOTAL,SMALL,0,0,0,0,0,0
2015-16,ARUNACHAL PRADESH,EAST KAMENG,OTHERS,TOTAL,SEMIMEDIUM,0,0,0,0,0,0
2015-16,ARUNACHAL PRADESH,EAST KAMENG,OTHERS,TOTAL,MEDIUM,0,0,0,0,0,0
2015-16,ARUNACHAL PRADESH,EAST KAMENG,OTHERS,TOTAL,LARGE,0,0,0,0,0,0
2015-16,ARUNACHAL PRADESH,EAST KAMENG,OTHERS,TOTAL,ALL CLASSES,0,0,0,0,0,0
2015-16,ARUNACHAL PRADESH,EAST KAMENG,INSTITUTIONAL,TOTAL,MARGINAL,0,0,0,0,273,91
2015-16,ARUNACHAL PRADESH,EAST KAMENG,INSTITUTIONAL,TOTAL,SMALL,0,0,0,0,67,73
2015-16,ARUNACHAL PRADESH,EAST KAMENG,INSTITUTIONAL,TOTAL,SEMIMEDIUM,0,0,0,0,20,48
2015-16,ARUNACHAL PRADESH,EAST KAMENG,INSTITUTIONAL,TOTAL,MEDIUM,0,0,0,0,10,51
2015-16,ARUNACHAL PRADESH,EAST KAMENG,INSTITUTIONAL,TOTAL,LARGE,0,0,0,0,0,0
2015-16,ARUNACHAL PRADESH,EAST KAMENG,INSTITUTIONAL,TOTAL,ALL CLASSES,0,0,0,0,370,263
2015-16,ARUNACHAL PRADESH,EAST SIANG,SCHEDULED CASTE,TOTAL,MARGINAL,0,0,0,0,0,0
2015-16,ARUNACHAL PRADESH,EAST SIANG,SCHEDULED CASTE,TOTAL,SMALL,0,0,0,0,0,0
2015-16,ARUNACHAL PRADESH,EAST SIANG,SCHEDULED CASTE,TOTAL,SEMIMEDIUM,0,0,0,0,0,0
2015-16,ARUNACHAL PRADESH,EAST SIANG,SCHEDULED CASTE,TOTAL,MEDIUM,0,0,0,0,0,0
2015-16,ARUNACHAL PRADESH,EAST SIANG,SCHEDULED CASTE,TOTAL,LARGE,0,0,0,0,0,0
2015-16,ARUNACHAL PRADESH,EAST SIANG,SCHEDULED CASTE,TOTAL,ALL CLASSES,0,0,0,0,0,0
2015-16,ARUNACHAL PRADESH,EAST SIANG,SCHEDULED TRIBES,TOTAL,MARGINAL,150,69,0,0,150,69
2015-16,ARUNACHAL PRADESH,EAST SIANG,SCHEDULED TRIBES,TOTAL,SMALL,500,676,0,0,500,676
2015-16,ARUNACHAL PRADESH,EAST SIANG,SCHEDULED TRIBES,TOTAL,SEMIMEDIUM,964,2576,0,0,964,2576
2015-16,ARUNACHAL PRADESH,EAST SIANG,SCHEDULED TRIBES,TOTAL,MEDIUM,1815,11447,0,0,1815,11447
2015-16,ARUNACHAL PRADESH,EAST SIANG,SCHEDULED TRIBES,TOTAL,LARGE,579,7824,0,0,579,7824
2015-16,ARUNACHAL PRADESH,EAST SIANG,SCHEDULED TRIBES,TOTAL,ALL CLASSES,4008,22591,0,0,4008,22591
2015-16,ARUNACHAL PRADESH,EAST SIANG,OTHERS,TOTAL,MARGINAL,0,0,0,0,0,0
2015-16,ARUNACHAL PRADESH,EAST SIANG,OTHERS,TOTAL,SMALL,0,0,0,0,0,0
2015-16,ARUNACHAL PRADESH,EAST SIANG,OTHERS,TOTAL,SEMIMEDIUM,0,0,0,0,0,0
2015-16,ARUNACHAL PRADESH,EAST SIANG,OTHERS,TOTAL,MEDIUM,0,0,0,0,0,0
2015-16,ARUNACHAL PRADESH,EAST SIANG,OTHERS,TOTAL,LARGE,0,0,0,0,0,0
2015-16,ARUNACHAL PRADESH,EAST SIANG,OTHERS,TOTAL,ALL CLASSES,0,0,0,0,0,0
2015-16,ARUNACHAL PRADESH,EAST SIANG,INSTITUTIONAL,TOTAL,MARGINAL,0,0,0,0,116,49
2015-16,ARUNACHAL PRADESH,EAST SIANG,INSTITUTIONAL,TOTAL,SMALL,0,0,0,0,15,22
2015-16,ARUNACHAL PRADESH,EAST SIANG,INSTITUTIONAL,TOTAL,SEMIMEDIUM,0,0,0,0,36,96
2015-16,ARUNACHAL PRADESH,EAST SIANG,INSTITUTIONAL,TOTAL,MEDIUM,0,0,0,0,0,0
2015-16,ARUNACHAL PRADESH,EAST SIANG,INSTITUTIONAL,TOTAL,LARGE,0,0,0,0,5,55
2015-16,ARUNACHAL PRADESH,EAST SIANG,INSTITUTIONAL,TOTAL,ALL CLASSES,0,0,0,0,172,222
2015-16,ARUNACHAL PRADESH,KRA DAADI,SCHEDULED CASTE,TOTAL,MARGINAL,0,0,0,0,0,0
2015-16,ARUNACHAL PRADESH,KRA DAADI,SCHEDULED CASTE,TOTAL,SMALL,0,0,0,0,0,0
2015-16,ARUNACHAL PRADESH,KRA DAADI,SCHEDULED CASTE,TOTAL,SEMIMEDIUM,0,0,0,0,0,0
2015-16,ARUNACHAL PRADESH,KRA DAADI,SCHEDULED CASTE,TOTAL,MEDIUM,0,0,0,0,0,0
2015-16,ARUNACHAL PRADESH,KRA DAADI,SCHEDULED CASTE,TOTAL,LARGE,0,0,0,0,0,0
2015-16,ARUNACHAL PRADESH,KRA DAADI,SCHEDULED CASTE,TOTAL,ALL CLASSES,0,0,0,0,0,0
2015-16,ARUNACHAL PRADESH,KRA DAADI,SCHEDULED TRIBES,TOTAL,MARGINAL,1140,645,0,0,1140,645
2015-16,ARUNACHAL PRADESH,KRA DAADI,SCHEDULED TRIBES,TOTAL,SMALL,1906,2663,0,0,1906,2663
2015-16,ARUNACHAL PRADESH,KRA DAADI,SCHEDULED TRIBES,TOTAL,SEMIMEDIUM,2097,5918,0,0,2097,5918
2015-16,ARUNACHAL PRADESH,KRA DAADI,SCHEDULED TRIBES,TOTAL,MEDIUM,1941,10942,0,0,1941,10942
2015-16,ARUNACHAL PRADESH,KRA DAADI,SCHEDULED TRIBES,TOTAL,LARGE,37,381,0,0,37,381
2015-16,ARUNACHAL PRADESH,KRA DAADI,SCHEDULED TRIBES,TOTAL,ALL CLASSES,7121,20550,0,0,7121,20550
2015-16,ARUNACHAL PRADESH,KRA DAADI,OTHERS,TOTAL,MARGINAL,0,0,0,0,0,0
2015-16,ARUNACHAL PRADESH,KRA DAADI,OTHERS,TOTAL,SMALL,0,0,0,0,0,0
2015-16,ARUNACHAL PRADESH,KRA DAADI,OTHERS,TOTAL,SEMIMEDIUM,0,0,0,0,0,0
2015-16,ARUNACHAL PRADESH,KRA DAADI,OTHERS,TOTAL,MEDIUM,0,0,0,0,0,0
2015-16,ARUNACHAL PRADESH,KRA DAADI,OTHERS,TOTAL,LARGE,0,0,0,0,0,0
2015-16,ARUNACHAL PRADESH,KRA DAADI,OTHERS,TOTAL,ALL CLASSES,0,0,0,0,0,0
2015-16,ARUNACHAL PRADESH,KRA DAADI,INSTITUTIONAL,TOTAL,MARGINAL,0,0,0,0,28,9
2015-16,ARUNACHAL PRADESH,KRA DAADI,INSTITUTIONAL,TOTAL,SMALL,0,0,0,0,8,10
2015-16,ARUNACHAL PRADESH,KRA DAADI,INSTITUTIONAL,TOTAL,SEMIMEDIUM,0,0,0,0,0,0
2015-16,ARUNACHAL PRADESH,KRA DAADI,INSTITUTIONAL,TOTAL,MEDIUM,0,0,0,0,5,26
2015-16,ARUNACHAL PRADESH,KRA DAADI,INSTITUTIONAL,TOTAL,LARGE,0,0,0,0,0,0
2015-16,ARUNACHAL PRADESH,KRA DAADI,INSTITUTIONAL,TOTAL,ALL CLASSES,0,0,0,0,41,45
2015-16,ARUNACHAL PRADESH,KURUNG KUMEY,SCHEDULED CASTE,TOTAL,MARGINAL,0,0,0,0,0,0
2015-16,ARUNACHAL PRADESH,KURUNG KUMEY,SCHEDULED CASTE,TOTAL,SMALL,0,0,0,0,0,0
2015-16,ARUNACHAL PRADESH,KURUNG KUMEY,SCHEDULED CASTE,TOTAL,SEMIMEDIUM,0,0,0,0,0,0
2015-16,ARUNACHAL PRADESH,KURUNG KUMEY,SCHEDULED CASTE,TOTAL,MEDIUM,0,0,0,0,0,0
2015-16,ARUNACHAL PRADESH,KURUNG KUMEY,SCHEDULED CASTE,TOTAL,LARGE,0,0,0,0,0,0
2015-16,ARUNACHAL PRADESH,KURUNG KUMEY,SCHEDULED CASTE,TOTAL,ALL CLASSES,0,0,0,0,0,0
2015-16,ARUNACHAL PRADESH,KURUNG KUMEY,SCHEDULED TRIBES,TOTAL,MARGINAL,292,117,0,0,292,117
2015-16,ARUNACHAL PRADESH,KURUNG KUMEY,SCHEDULED TRIBES,TOTAL,SMALL,1099,1364,0,0,1099,1364
2015-16,ARUNACHAL PRADESH,KURUNG KUMEY,SCHEDULED TRIBES,TOTAL,SEMIMEDIUM,1828,4786,0,0,1828,4786
2015-16,ARUNACHAL PRADESH,KURUNG KUMEY,SCHEDULED TRIBES,TOTAL,MEDIUM,472,2595,0,0,472,2595
2015-16,ARUNACHAL PRADESH,KURUNG KUMEY,SCHEDULED TRIBES,TOTAL,LARGE,304,5288,0,0,304,5288
2015-16,ARUNACHAL PRADESH,KURUNG KUMEY,SCHEDULED TRIBES,TOTAL,ALL CLASSES,3995,14150,0,0,3995,14150
2015-16,ARUNACHAL PRADESH,KURUNG KUMEY,OTHERS,TOTAL,MARGINAL,0,0,0,0,0,0
2015-16,ARUNACHAL PRADESH,KURUNG KUMEY,OTHERS,TOTAL,SMALL,0,0,0,0,0,0
2015-16,ARUNACHAL PRADESH,KURUNG KUMEY,OTHERS,TOTAL,SEMIMEDIUM,0,0,0,0,0,0
2015-16,ARUNACHAL PRADESH,KURUNG KUMEY,OTHERS,TOTAL,MEDIUM,0,0,0,0,0,0
2015-16,ARUNACHAL PRADESH,KURUNG KUMEY,OTHERS,TOTAL,LARGE,0,0,0,0,0,0
2015-16,ARUNACHAL PRADESH,KURUNG KUMEY,OTHERS,TOTAL,ALL CLASSES,0,0,0,0,0,0
2015-16,ARUNACHAL PRADESH,KURUNG KUMEY,INSTITUTIONAL,TOTAL,MARGINAL,0,0,0,0,14,8
2015-16,ARUNACHAL PRADESH,KURUNG KUMEY,INSTITUTIONAL,TOTAL,SMALL,0,0,0,0,24,24
2015-16,ARUNACHAL PRADESH,KURUNG KUMEY,INSTITUTIONAL,TOTAL,SEMIMEDIUM,0,0,0,0,0,0
2015-16,ARUNACHAL PRADESH,KURUNG KUMEY,INSTITUTIONAL,TOTAL,MEDIUM,0,0,0,0,0,0
2015-16,ARUNACHAL PRADESH,KURUNG KUMEY,INSTITUTIONAL,TOTAL,LARGE,0,0,0,0,0,0
2015-16,ARUNACHAL PRADESH,KURUNG KUMEY,INSTITUTIONAL,TOTAL,ALL CLASSES,0,0,0,0,38,33
2015-16,ARUNACHAL PRADESH,LOHIT,SCHEDULED CASTE,TOTAL,MARGINAL,0,0,0,0,0,0
2015-16,ARUNACHAL PRADESH,LOHIT,SCHEDULED CASTE,TOTAL,SMALL,0,0,0,0,0,0
2015-16,ARUNACHAL PRADESH,LOHIT,SCHEDULED CASTE,TOTAL,SEMIMEDIUM,0,0,0,0,0,0
2015-16,ARUNACHAL PRADESH,LOHIT,SCHEDULED CASTE,TOTAL,MEDIUM,0,0,0,0,0,0
2015-16,ARUNACHAL PRADESH,LOHIT,SCHEDULED CASTE,TOTAL,LARGE,0,0,0,0,0,0
2015-16,ARUNACHAL PRADESH,LOHIT,SCHEDULED CASTE,TOTAL,ALL CLASSES,0,0,0,0,0,0
2015-16,ARUNACHAL PRADESH,LOHIT,SCHEDULED TRIBES,TOTAL,MARGINAL,320,191,0,0,320,191
2015-16,ARUNACHAL PRADESH,LOHIT,SCHEDULED TRIBES,TOTAL,SMALL,523,743,0,0,523,743
2015-16,ARUNACHAL PRADESH,LOHIT,SCHEDULED TRIBES,TOTAL,SEMIMEDIUM,231,586,0,0,231,586
2015-16,ARUNACHAL PRADESH,LOHIT,SCHEDULED TRIBES,TOTAL,MEDIUM,156,1042,0,0,156,1042
2015-16,ARUNACHAL PRADESH,LOHIT,SCHEDULED TRIBES,TOTAL,LARGE,335,7431,0,0,335,7431
2015-16,ARUNACHAL PRADESH,LOHIT,SCHEDULED TRIBES,TOTAL,ALL CLASSES,1565,9991,0,0,1565,9991
2015-16,ARUNACHAL PRADESH,LOHIT,OTHERS,TOTAL,MARGINAL,0,0,0,0,0,0
2015-16,ARUNACHAL PRADESH,LOHIT,OTHERS,TOTAL,SMALL,0,0,0,0,0,0
2015-16,ARUNACHAL PRADESH,LOHIT,OTHERS,TOTAL,SEMIMEDIUM,0,0,0,0,0,0
2015-16,ARUNACHAL PRADESH,LOHIT,OTHERS,TOTAL,MEDIUM,0,0,0,0,0,0
2015-16,ARUNACHAL PRADESH,LOHIT,OTHERS,TOTAL,LARGE,0,0,0,0,0,0
2015-16,ARUNACHAL PRADESH,LOHIT,OTHERS,TOTAL,ALL CLASSES,0,0,0,0,0,0
2015-16,ARUNACHAL PRADESH,LOHIT,INSTITUTIONAL,TOTAL,MARGINAL,0,0,0,0,14,7
2015-16,ARUNACHAL PRADESH,LOHIT,INSTITUTIONAL,TOTAL,SMALL,0,0,0,0,25,30
2015-16,ARUNACHAL PRADESH,LOHIT,INSTITUTIONAL,TOTAL,SEMIMEDIUM,0,0,0,0,13,27
2015-16,ARUNACHAL PRADESH,LOHIT,INSTITUTIONAL,TOTAL,MEDIUM,0,0,0,0,41,226
2015-16,ARUNACHAL PRADESH,LOHIT,INSTITUTIONAL,TOTAL,LARGE,0,0,0,0,18,1129
2015-16,ARUNACHAL PRADESH,LOHIT,INSTITUTIONAL,TOTAL,ALL CLASSES,0,0,0,0,111,1418
2015-16,ARUNACHAL PRADESH,LONGDING,SCHEDULED CASTE,TOTAL,MARGINAL,0,0,0,0,0,0
2015-16,ARUNACHAL PRADESH,LONGDING,SCHEDULED CASTE,TOTAL,SMALL,0,0,0,0,0,0
2015-16,ARUNACHAL PRADESH,LONGDING,SCHEDULED CASTE,TOTAL,SEMIMEDIUM,0,0,0,0,0,0
2015-16,ARUNACHAL PRADESH,LONGDING,SCHEDULED CASTE,TOTAL,MEDIUM,0,0,0,0,0,0
2015-16,ARUNACHAL PRADESH,LONGDING,SCHEDULED CASTE,TOTAL,LARGE,0,0,0,0,0,0
2015-16,ARUNACHAL PRADESH,LONGDING,SCHEDULED CASTE,TOTAL,ALL CLASSES,0,0,0,0,0,0
2015-16,ARUNACHAL PRADESH,LONGDING,SCHEDULED TRIBES,TOTAL,MARGINAL,1280,1011,0,0,1280,1011
2015-16,ARUNACHAL PRADESH,LONGDING,SCHEDULED TRIBES,TOTAL,SMALL,841,1110,0,0,841,1110
2015-16,ARUNACHAL PRADESH,LONGDING,SCHEDULED TRIBES,TOTAL,SEMIMEDIUM,3168,8463,0,0,3168,8463
2015-16,ARUNACHAL PRADESH,LONGDING,SCHEDULED TRIBES,TOTAL,MEDIUM,1816,9765,0,0,1816,9765
2015-16,ARUNACHAL PRADESH,LONGDING,SCHEDULED TRIBES,TOTAL,LARGE,127,1399,0,0,127,1399
2015-16,ARUNACHAL PRADESH,LONGDING,SCHEDULED TRIBES,TOTAL,ALL CLASSES,7232,21749,0,0,7232,21749
2015-16,ARUNACHAL PRADESH,LONGDING,OTHERS,TOTAL,MARGINAL,0,0,0,0,0,0
2015-16,ARUNACHAL PRADESH,LONGDING,OTHERS,TOTAL,SMALL,0,0,0,0,0,0
2015-16,ARUNACHAL PRADESH,LONGDING,OTHERS,TOTAL,SEMIMEDIUM,0,0,0,0,0,0
2015-16,ARUNACHAL PRADESH,LONGDING,OTHERS,TOTAL,MEDIUM,0,0,0,0,0,0
2015-16,ARUNACHAL PRADESH,LONGDING,OTHERS,TOTAL,LARGE,0,0,0,0,0,0
2015-16,ARUNACHAL PRADESH,LONGDING,OTHERS,TOTAL,ALL CLASSES,0,0,0,0,0,0
2015-16,ARUNACHAL PRADESH,LONGDING,INSTITUTIONAL,TOTAL,MARGINAL,0,0,0,0,75,31
2015-16,ARUNACHAL PRADESH,LONGDING,INSTITUTIONAL,TOTAL,SMALL,0,0,0,0,0,0
2015-16,ARUNACHAL PRADESH,LONGDING,INSTITUTIONAL,TOTAL,SEMIMEDIUM,0,0,0,0,0,0
2015-16,ARUNACHAL PRADESH,LONGDING,INSTITUTIONAL,TOTAL,MEDIUM,0,0,0,0,2,10
2015-16,ARUNACHAL PRADESH,LONGDING,INSTITUTIONAL,TOTAL,LARGE,0,0,0,0,0,0
2015-16,ARUNACHAL PRADESH,LONGDING,INSTITUTIONAL,TOTAL,ALL CLASSES,0,0,0,0,77,41
2015-16,ARUNACHAL PRADESH,LOWER DIBANG VALLEY,SCHEDULED CASTE,TOTAL,MARGINAL,0,0,0,0,0,0
2015-16,ARUNACHAL PRADESH,LOWER DIBANG VALLEY,SCHEDULED CASTE,TOTAL,SMALL,0,0,0,0,0,0
2015-16,ARUNACHAL PRADESH,LOWER DIBANG VALLEY,SCHEDULED CASTE,TOTAL,SEMIMEDIUM,0,0,0,0,0,0
2015-16,ARUNACHAL PRADESH,LOWER DIBANG VALLEY,SCHEDULED CASTE,TOTAL,MEDIUM,0,0,0,0,0,0
2015-16,ARUNACHAL PRADESH,LOWER DIBANG VALLEY,SCHEDULED CASTE,TOTAL,LARGE,0,0,0,0,0,0
2015-16,ARUNACHAL PRADESH,LOWER DIBANG VALLEY,SCHEDULED CASTE,TOTAL,ALL CLASSES,0,0,0,0,0,0
2015-16,ARUNACHAL PRADESH,LOWER DIBANG VALLEY,SCHEDULED TRIBES,TOTAL,MARGINAL,66,23,0,0,66,23
2015-16,ARUNACHAL PRADESH,LOWER DIBANG VALLEY,SCHEDULED TRIBES,TOTAL,SMALL,175,233,0,0,175,233
2015-16,ARUNACHAL PRADESH,LOWER DIBANG VALLEY,SCHEDULED TRIBES,TOTAL,SEMIMEDIUM,399,1036,0,0,399,1036
2015-16,ARUNACHAL PRADESH,LOWER DIBANG VALLEY,SCHEDULED TRIBES,TOTAL,MEDIUM,674,4068,0,0,674,4068
2015-16,ARUNACHAL PRADESH,LOWER DIBANG VALLEY,SCHEDULED TRIBES,TOTAL,LARGE,344,7197,0,0,344,7197
2015-16,ARUNACHAL PRADESH,LOWER DIBANG VALLEY,SCHEDULED TRIBES,TOTAL,ALL CLASSES,1658,12558,0,0,1658,12558
2015-16,ARUNACHAL PRADESH,LOWER DIBANG VALLEY,OTHERS,TOTAL,MARGINAL,0,0,0,0,0,0
2015-16,ARUNACHAL PRADESH,LOWER DIBANG VALLEY,OTHERS,TOTAL,SMALL,0,0,0,0,0,0
2015-16,ARUNACHAL PRADESH,LOWER DIBANG VALLEY,OTHERS,TOTAL,SEMIMEDIUM,0,0,0,0,0,0
2015-16,ARUNACHAL PRADESH,LOWER DIBANG VALLEY,OTHERS,TOTAL,MEDIUM,0,0,0,0,0,0
2015-16,ARUNACHAL PRADESH,LOWER DIBANG VALLEY,OTHERS,TOTAL,LARGE,0,0,0,0,0,0
2015-16,ARUNACHAL PRADESH,LOWER DIBANG VALLEY,OTHERS,TOTAL,ALL CLASSES,0,0,0,0,0,0
2015-16,ARUNACHAL PRADESH,LOWER DIBANG VALLEY,INSTITUTIONAL,TOTAL,MARGINAL,0,0,0,0,35,8
2015-16,ARUNACHAL PRADESH,LOWER DIBANG VALLEY,INSTITUTIONAL,TOTAL,SMALL,0,0,0,0,14,17
2015-16,ARUNACHAL PRADESH,LOWER DIBANG VALLEY,INSTITUTIONAL,TOTAL,SEMIMEDIUM,0,0,0,0,18,45
2015-16,ARUNACHAL PRADESH,LOWER DIBANG VALLEY,INSTITUTIONAL,TOTAL,MEDIUM,0,0,0,0,0,0
2015-16,ARUNACHAL PRADESH,LOWER DIBANG VALLEY,INSTITUTIONAL,TOTAL,LARGE,0,0,0,0,0,0
2015-16,ARUNACHAL PRADESH,LOWER DIBANG VALLEY,INSTITUTIONAL,TOTAL,ALL CLASSES,0,0,0,0,67,69
2015-16,ARUNACHAL PRADESH,LOWER SUBANSIRI,SCHEDULED CASTE,TOTAL,MARGINAL,0,0,0,0,0,0
2015-16,ARUNACHAL PRADESH,LOWER SUBANSIRI,SCHEDULED CASTE,TOTAL,SMALL,0,0,0,0,0,0
2015-16,ARUNACHAL PRADESH,LOWER SUBANSIRI,SCHEDULED CASTE,TOTAL,SEMIMEDIUM,0,0,0,0,0,0
2015-16,ARUNACHAL PRADESH,LOWER SUBANSIRI,SCHEDULED CASTE,TOTAL,MEDIUM,0,0,0,0,0,0
2015-16,ARUNACHAL PRADESH,LOWER SUBANSIRI,SCHEDULED CASTE,TOTAL,LARGE,0,0,0,0,0,0
2015-16,ARUNACHAL PRADESH,LOWER SUBANSIRI,SCHEDULED CASTE,TOTAL,ALL CLASSES,0,0,0,0,0,0
2015-16,ARUNACHAL PRADESH,LOWER SUBANSIRI,SCHEDULED TRIBES,TOTAL,MARGINAL,3801,1919,0,0,3801,1919
2015-16,ARUNACHAL PRADESH,LOWER SUBANSIRI,SCHEDULED TRIBES,TOTAL,SMALL,2103,2265,0,0,2103,2265
2015-16,ARUNACHAL PRADESH,LOWER SUBANSIRI,SCHEDULED TRIBES,TOTAL,SEMIMEDIUM,3261,8293,0,0,3261,8293
2015-16,ARUNACHAL PRADESH,LOWER SUBANSIRI,SCHEDULED TRIBES,TOTAL,MEDIUM,700,3581,0,0,700,3581
2015-16,ARUNACHAL PRADESH,LOWER SUBANSIRI,SCHEDULED TRIBES,TOTAL,LARGE,20,528,0,0,20,528
2015-16,ARUNACHAL PRADESH,LOWER SUBANSIRI,SCHEDULED TRIBES,TOTAL,ALL CLASSES,9885,16587,0,0,9885,16587
2015-16,ARUNACHAL PRADESH,LOWER SUBANSIRI,OTHERS,TOTAL,MARGINAL,0,0,0,0,0,0
2015-16,ARUNACHAL PRADESH,LOWER SUBANSIRI,OTHERS,TOTAL,SMALL,0,0,0,0,0,0
2015-16,ARUNACHAL PRADESH,LOWER SUBANSIRI,OTHERS,TOTAL,SEMIMEDIUM,0,0,0,0,0,0
2015-16,ARUNACHAL PRADESH,LOWER SUBANSIRI,OTHERS,TOTAL,MEDIUM,0,0,0,0,0,0
2015-16,ARUNACHAL PRADESH,LOWER SUBANSIRI,OTHERS,TOTAL,LARGE,0,0,0,0,0,0
2015-16,ARUNACHAL PRADESH,LOWER SUBANSIRI,OTHERS,TOTAL,ALL CLASSES,0,0,0,0,0,0
2015-16,ARUNACHAL PRADESH,LOWER SUBANSIRI,INSTITUTIONAL,TOTAL,MARGINAL,0,0,0,0,113,53
2015-16,ARUNACHAL PRADESH,LOWER SUBANSIRI,INSTITUTIONAL,TOTAL,SMALL,0,0,0,0,33,39
2015-16,ARUNACHAL PRADESH,LOWER SUBANSIRI,INSTITUTIONAL,TOTAL,SEMIMEDIUM,0,0,0,0,25,57
2015-16,ARUNACHAL PRADESH,LOWER SUBANSIRI,INSTITUTIONAL,TOTAL,MEDIUM,0,0,0,0,15,91
2015-16,ARUNACHAL PRADESH,LOWER SUBANSIRI,INSTITUTIONAL,TOTAL,LARGE,0,0,0,0,0,0
2015-16,ARUNACHAL PRADESH,LOWER SUBANSIRI,INSTITUTIONAL,TOTAL,ALL CLASSES,0,0,0,0,186,241
2015-16,ARUNACHAL PRADESH,NAMSAI,SCHEDULED CASTE,TOTAL,MARGINAL,0,0,0,0,0,0
2015-16,ARUNACHAL PRADESH,NAMSAI,SCHEDULED CASTE,TOTAL,SMALL,0,0,0,0,0,0
2015-16,ARUNACHAL PRADESH,NAMSAI,SCHEDULED CASTE,TOTAL,SEMIMEDIUM,0,0,0,0,0,0
2015-16,ARUNACHAL PRADESH,NAMSAI,SCHEDULED CASTE,TOTAL,MEDIUM,0,0,0,0,0,0
2015-16,ARUNACHAL PRADESH,NAMSAI,SCHEDULED CASTE,TOTAL,LARGE,0,0,0,0,0,0
2015-16,ARUNACHAL PRADESH,NAMSAI,SCHEDULED CASTE,TOTAL,ALL CLASSES,0,0,0,0,0,0
2015-16,ARUNACHAL PRADESH,NAMSAI,SCHEDULED TRIBES,TOTAL,MARGINAL,1916,1036,0,0,1916,1036
2015-16,ARUNACHAL PRADESH,NAMSAI,SCHEDULED TRIBES,TOTAL,SMALL,1774,2530,0,0,1774,2530
2015-16,ARUNACHAL PRADESH,NAMSAI,SCHEDULED TRIBES,TOTAL,SEMIMEDIUM,1574,4022,0,0,1574,4022
2015-16,ARUNACHAL PRADESH,NAMSAI,SCHEDULED TRIBES,TOTAL,MEDIUM,776,4343,0,0,776,4343
2015-16,ARUNACHAL PRADESH,NAMSAI,SCHEDULED TRIBES,TOTAL,LARGE,80,1439,0,0,80,1439
2015-16,ARUNACHAL PRADESH,NAMSAI,SCHEDULED TRIBES,TOTAL,ALL CLASSES,6120,13370,0,0,6120,13370
2015-16,ARUNACHAL PRADESH,NAMSAI,OTHERS,TOTAL,MARGINAL,0,0,0,0,0,0
2015-16,ARUNACHAL PRADESH,NAMSAI,OTHERS,TOTAL,SMALL,0,0,0,0,0,0
2015-16,ARUNACHAL PRADESH,NAMSAI,OTHERS,TOTAL,SEMIMEDIUM,0,0,0,0,0,0
2015-16,ARUNACHAL PRADESH,NAMSAI,OTHERS,TOTAL,MEDIUM,0,0,0,0,0,0
2015-16,ARUNACHAL PRADESH,NAMSAI,OTHERS,TOTAL,LARGE,0,0,0,0,0,0
2015-16,ARUNACHAL PRADESH,NAMSAI,OTHERS,TOTAL,ALL CLASSES,0,0,0,0,0,0
2015-16,ARUNACHAL PRADESH,NAMSAI,INSTITUTIONAL,TOTAL,MARGINAL,0,0,0,0,204,124
2015-16,ARUNACHAL PRADESH,NAMSAI,INSTITUTIONAL,TOTAL,SMALL,0,0,0,0,44,66
2015-16,ARUNACHAL PRADESH,NAMSAI,INSTITUTIONAL,TOTAL,SEMIMEDIUM,0,0,0,0,10,28
2015-16,ARUNACHAL PRADESH,NAMSAI,INSTITUTIONAL,TOTAL,MEDIUM,0,0,0,0,5,38
2015-16,ARUNACHAL PRADESH,NAMSAI,INSTITUTIONAL,TOTAL,LARGE,0,0,0,0,5,59
2015-16,ARUNACHAL PRADESH,NAMSAI,INSTITUTIONAL,TOTAL,ALL CLASSES,0,0,0,0,268,315
2015-16,ARUNACHAL PRADESH,PAPUMPARE,SCHEDULED CASTE,TOTAL,MARGINAL,0,0,0,0,0,0
2015-16,ARUNACHAL PRADESH,PAPUMPARE,SCHEDULED CASTE,TOTAL,SMALL,0,0,0,0,0,0
2015-16,ARUNACHAL PRADESH,PAPUMPARE,SCHEDULED CASTE,TOTAL,SEMIMEDIUM,0,0,0,0,0,0
2015-16,ARUNACHAL PRADESH,PAPUMPARE,SCHEDULED CASTE,TOTAL,MEDIUM,0,0,0,0,0,0
2015-16,ARUNACHAL PRADESH,PAPUMPARE,SCHEDULED CASTE,TOTAL,LARGE,0,0,0,0,0,0
2015-16,ARUNACHAL PRADESH,PAPUMPARE,SCHEDULED CASTE,TOTAL,ALL CLASSES,0,0,0,0,0,0
2015-16,ARUNACHAL PRADESH,PAPUMPARE,SCHEDULED TRIBES,TOTAL,MARGINAL,765,447,0,0,765,447
2015-16,ARUNACHAL PRADESH,PAPUMPARE,SCHEDULED TRIBES,TOTAL,SMALL,767,1039,0,0,767,1039
2015-16,ARUNACHAL PRADESH,PAPUMPARE,SCHEDULED TRIBES,TOTAL,SEMIMEDIUM,1525,4077,0,0,1525,4077
2015-16,ARUNACHAL PRADESH,PAPUMPARE,SCHEDULED TRIBES,TOTAL,MEDIUM,1353,8402,0,0,1353,8402
2015-16,ARUNACHAL PRADESH,PAPUMPARE,SCHEDULED TRIBES,TOTAL,LARGE,382,4937,0,0,382,4937
2015-16,ARUNACHAL PRADESH,PAPUMPARE,SCHEDULED TRIBES,TOTAL,ALL CLASSES,4792,18901,0,0,4792,18901
2015-16,ARUNACHAL PRADESH,PAPUMPARE,OTHERS,TOTAL,MARGINAL,0,0,0,0,0,0
2015-16,ARUNACHAL PRADESH,PAPUMPARE,OTHERS,TOTAL,SMALL,0,0,0,0,0,0
2015-16,ARUNACHAL PRADESH,PAPUMPARE,OTHERS,TOTAL,SEMIMEDIUM,0,0,0,0,0,0
2015-16,ARUNACHAL PRADESH,PAPUMPARE,OTHERS,TOTAL,MEDIUM,0,0,0,0,0,0
2015-16,ARUNACHAL PRADESH,PAPUMPARE,OTHERS,TOTAL,LARGE,0,0,0,0,0,0
2015-16,ARUNACHAL PRADESH,PAPUMPARE,OTHERS,TOTAL,ALL CLASSES,0,0,0,0,0,0
2015-16,ARUNACHAL PRADESH,PAPUMPARE,INSTITUTIONAL,TOTAL,MARGINAL,0,0,0,0,60,19
2015-16,ARUNACHAL PRADESH,PAPUMPARE,INSTITUTIONAL,TOTAL,SMALL,0,0,0,0,19,26
2015-16,ARUNACHAL PRADESH,PAPUMPARE,INSTITUTIONAL,TOTAL,SEMIMEDIUM,0,0,0,0,16,45
2015-16,ARUNACHAL PRADESH,PAPUMPARE,INSTITUTIONAL,TOTAL,MEDIUM,0,0,0,0,0,0
2015-16,ARUNACHAL PRADESH,PAPUMPARE,INSTITUTIONAL,TOTAL,LARGE,0,0,0,0,0,0
2015-16,ARUNACHAL PRADESH,PAPUMPARE,INSTITUTIONAL,TOTAL,ALL CLASSES,0,0,0,0,95,91
2015-16,ARUNACHAL PRADESH,SIANG,SCHEDULED CASTE,TOTAL,MARGINAL,0,0,0,0,0,0
2015-16,ARUNACHAL PRADESH,SIANG,SCHEDULED CASTE,TOTAL,SMALL,0,0,0,0,0,0
2015-16,ARUNACHAL PRADESH,SIANG,SCHEDULED CASTE,TOTAL,SEMIMEDIUM,0,0,0,0,0,0
2015-16,ARUNACHAL PRADESH,SIANG,SCHEDULED CASTE,TOTAL,MEDIUM,0,0,0,0,0,0
2015-16,ARUNACHAL PRADESH,SIANG,SCHEDULED CASTE,TOTAL,LARGE,0,0,0,0,0,0
2015-16,ARUNACHAL PRADESH,SIANG,SCHEDULED CASTE,TOTAL,ALL CLASSES,0,0,0,0,0,0
2015-16,ARUNACHAL PRADESH,SIANG,SCHEDULED TRIBES,TOTAL,MARGINAL,1498,922,0,0,1498,922
2015-16,ARUNACHAL PRADESH,SIANG,SCHEDULED TRIBES,TOTAL,SMALL,901,1162,0,0,901,1162
2015-16,ARUNACHAL PRADESH,SIANG,SCHEDULED TRIBES,TOTAL,SEMIMEDIUM,147,443,0,0,147,443
2015-16,ARUNACHAL PRADESH,SIANG,SCHEDULED TRIBES,TOTAL,MEDIUM,1520,9368,0,0,1520,9368
2015-16,ARUNACHAL PRADESH,SIANG,SCHEDULED TRIBES,TOTAL,LARGE,866,10190,0,0,866,10190
2015-16,ARUNACHAL PRADESH,SIANG,SCHEDULED TRIBES,TOTAL,ALL CLASSES,4932,22085,0,0,4932,22085
2015-16,ARUNACHAL PRADESH,SIANG,OTHERS,TOTAL,MARGINAL,0,0,0,0,0,0
2015-16,ARUNACHAL PRADESH,SIANG,OTHERS,TOTAL,SMALL,0,0,0,0,0,0
2015-16,ARUNACHAL PRADESH,SIANG,OTHERS,TOTAL,SEMIMEDIUM,0,0,0,0,0,0
2015-16,ARUNACHAL PRADESH,SIANG,OTHERS,TOTAL,MEDIUM,0,0,0,0,0,0
2015-16,ARUNACHAL PRADESH,SIANG,OTHERS,TOTAL,LARGE,0,0,0,0,0,0
2015-16,ARUNACHAL PRADESH,SIANG,OTHERS,TOTAL,ALL CLASSES,0,0,0,0,0,0
2015-16,ARUNACHAL PRADESH,SIANG,INSTITUTIONAL,TOTAL,MARGINAL,0,0,0,0,111,39
2015-16,ARUNACHAL PRADESH,SIANG,INSTITUTIONAL,TOTAL,SMALL,0,0,0,0,44,52
2015-16,ARUNACHAL PRADESH,SIANG,INSTITUTIONAL,TOTAL,SEMIMEDIUM,0,0,0,0,19,42
2015-16,ARUNACHAL PRADESH,SIANG,INSTITUTIONAL,TOTAL,MEDIUM,0,0,0,0,0,0
2015-16,ARUNACHAL PRADESH,SIANG,INSTITUTIONAL,TOTAL,LARGE,0,0,0,0,0,0
2015-16,ARUNACHAL PRADESH,SIANG,INSTITUTIONAL,TOTAL,ALL CLASSES,0,0,0,0,174,133
2015-16,ARUNACHAL PRADESH,TAWANG,SCHEDULED CASTE,TOTAL,MARGINAL,0,0,0,0,0,0
2015-16,ARUNACHAL PRADESH,TAWANG,SCHEDULED CASTE,TOTAL,SMALL,0,0,0,0,0,0
2015-16,ARUNACHAL PRADESH,TAWANG,SCHEDULED CASTE,TOTAL,SEMIMEDIUM,0,0,0,0,0,0
2015-16,ARUNACHAL PRADESH,TAWANG,SCHEDULED CASTE,TOTAL,MEDIUM,0,0,0,0,0,0
2015-16,ARUNACHAL PRADESH,TAWANG,SCHEDULED CASTE,TOTAL,LARGE,0,0,0,0,0,0
2015-16,ARUNACHAL PRADESH,TAWANG,SCHEDULED CASTE,TOTAL,ALL CLASSES,0,0,0,0,0,0
2015-16,ARUNACHAL PRADESH,TAWANG,SCHEDULED TRIBES,TOTAL,MARGINAL,3754,1807,0,0,3754,1807
2015-16,ARUNACHAL PRADESH,TAWANG,SCHEDULED TRIBES,TOTAL,SMALL,712,866,0,0,712,866
2015-16,ARUNACHAL PRADESH,TAWANG,SCHEDULED TRIBES,TOTAL,SEMIMEDIUM,28,90,0,0,28,90
2015-16,ARUNACHAL PRADESH,TAWANG,SCHEDULED TRIBES,TOTAL,MEDIUM,94,576,0,0,94,576
2015-16,ARUNACHAL PRADESH,TAWANG,SCHEDULED TRIBES,TOTAL,LARGE,73,895,0,0,73,895
2015-16,ARUNACHAL PRADESH,TAWANG,SCHEDULED TRIBES,TOTAL,ALL CLASSES,4661,4236,0,0,4661,4236
2015-16,ARUNACHAL PRADESH,TAWANG,OTHERS,TOTAL,MARGINAL,0,0,0,0,0,0
2015-16,ARUNACHAL PRADESH,TAWANG,OTHERS,TOTAL,SMALL,0,0,0,0,0,0
2015-16,ARUNACHAL PRADESH,TAWANG,OTHERS,TOTAL,SEMIMEDIUM,0,0,0,0,0,0
2015-16,ARUNACHAL PRADESH,TAWANG,OTHERS,TOTAL,MEDIUM,0,0,0,0,0,0
2015-16,ARUNACHAL PRADESH,TAWANG,OTHERS,TOTAL,LARGE,0,0,0,0,0,0
2015-16,ARUNACHAL PRADESH,TAWANG,OTHERS,TOTAL,ALL CLASSES,0,0,0,0,0,0
2015-16,ARUNACHAL PRADESH,TAWANG,INSTITUTIONAL,TOTAL,MARGINAL,0,0,0,0,197,45
2015-16,ARUNACHAL PRADESH,TAWANG,INSTITUTIONAL,TOTAL,SMALL,0,0,0,0,12,14
2015-16,ARUNACHAL PRADESH,TAWANG,INSTITUTIONAL,TOTAL,SEMIMEDIUM,0,0,0,0,0,0
2015-16,ARUNACHAL PRADESH,TAWANG,INSTITUTIONAL,TOTAL,MEDIUM,0,0,0,0,0,0
2015-16,ARUNACHAL PRADESH,TAWANG,INSTITUTIONAL,TOTAL,LARGE,0,0,0,0,0,0
2015-16,ARUNACHAL PRADESH,TAWANG,INSTITUTIONAL,TOTAL,ALL CLASSES,0,0,0,0,209,60
2015-16,ARUNACHAL PRADESH,TIRAP,SCHEDULED CASTE,TOTAL,MARGINAL,0,0,0,0,0,0
2015-16,ARUNACHAL PRADESH,TIRAP,SCHEDULED CASTE,TOTAL,SMALL,0,0,0,0,0,0
2015-16,ARUNACHAL PRADESH,TIRAP,SCHEDULED CASTE,TOTAL,SEMIMEDIUM,0,0,0,0,0,0
2015-16,ARUNACHAL PRADESH,TIRAP,SCHEDULED CASTE,TOTAL,MEDIUM,0,0,0,0,0,0
2015-16,ARUNACHAL PRADESH,TIRAP,SCHEDULED CASTE,TOTAL,LARGE,0,0,0,0,0,0
2015-16,ARUNACHAL PRADESH,TIRAP,SCHEDULED CASTE,TOTAL,ALL CLASSES,0,0,0,0,0,0
2015-16,ARUNACHAL PRADESH,TIRAP,SCHEDULED TRIBES,TOTAL,MARGINAL,637,387,0,0,637,387
2015-16,ARUNACHAL PRADESH,TIRAP,SCHEDULED TRIBES,TOTAL,SMALL,292,321,0,0,292,321
2015-16,ARUNACHAL PRADESH,TIRAP,SCHEDULED TRIBES,TOTAL,SEMIMEDIUM,182,419,0,0,182,419
2015-16,ARUNACHAL PRADESH,TIRAP,SCHEDULED TRIBES,TOTAL,MEDIUM,29,236,0,0,29,236
2015-16,ARUNACHAL PRADESH,TIRAP,SCHEDULED TRIBES,TOTAL,LARGE,320,9621,0,0,320,9621
2015-16,ARUNACHAL PRADESH,TIRAP,SCHEDULED TRIBES,TOTAL,ALL CLASSES,1460,10984,0,0,1460,10984
2015-16,ARUNACHAL PRADESH,TIRAP,OTHERS,TOTAL,MARGINAL,0,0,0,0,0,0
2015-16,ARUNACHAL PRADESH,TIRAP,OTHERS,TOTAL,SMALL,0,0,0,0,0,0
2015-16,ARUNACHAL PRADESH,TIRAP,OTHERS,TOTAL,SEMIMEDIUM,0,0,0,0,0,0
2015-16,ARUNACHAL PRADESH,TIRAP,OTHERS,TOTAL,MEDIUM,0,0,0,0,0,0
2015-16,ARUNACHAL PRADESH,TIRAP,OTHERS,TOTAL,LARGE,0,0,0,0,0,0
2015-16,ARUNACHAL PRADESH,TIRAP,OTHERS,TOTAL,ALL CLASSES,0,0,0,0,0,0
2015-16,ARUNACHAL PRADESH,TIRAP,INSTITUTIONAL,TOTAL,MARGINAL,0,0,0,0,47,15
2015-16,ARUNACHAL PRADESH,TIRAP,INSTITUTIONAL,TOTAL,SMALL,0,0,0,0,15,18
2015-16,ARUNACHAL PRADESH,TIRAP,INSTITUTIONAL,TOTAL,SEMIMEDIUM,0,0,0,0,5,10
2015-16,ARUNACHAL PRADESH,TIRAP,INSTITUTIONAL,TOTAL,MEDIUM,0,0,0,0,0,0
2015-16,ARUNACHAL PRADESH,TIRAP,INSTITUTIONAL,TOTAL,LARGE,0,0,0,0,0,0
2015-16,ARUNACHAL PRADESH,TIRAP,INSTITUTIONAL,TOTAL,ALL CLASSES,0,0,0,0,67,44
2015-16,ARUNACHAL PRADESH,UPPER SIANG,SCHEDULED CASTE,TOTAL,MARGINAL,0,0,0,0,0,0
2015-16,ARUNACHAL PRADESH,UPPER SIANG,SCHEDULED CASTE,TOTAL,SMALL,0,0,0,0,0,0
2015-16,ARUNACHAL PRADESH,UPPER SIANG,SCHEDULED CASTE,TOTAL,SEMIMEDIUM,0,0,0,0,0,0
2015-16,ARUNACHAL PRADESH,UPPER SIANG,SCHEDULED CASTE,TOTAL,MEDIUM,0,0,0,0,0,0
2015-16,ARUNACHAL PRADESH,UPPER SIANG,SCHEDULED CASTE,TOTAL,LARGE,0,0,0,0,0,0
2015-16,ARUNACHAL PRADESH,UPPER SIANG,SCHEDULED CASTE,TOTAL,ALL CLASSES,0,0,0,0,0,0
2015-16,ARUNACHAL PRADESH,UPPER SIANG,SCHEDULED TRIBES,TOTAL,MARGINAL,800,375,0,0,800,375
2015-16,ARUNACHAL PRADESH,UPPER SIANG,SCHEDULED TRIBES,TOTAL,SMALL,1096,1377,0,0,1096,1377
2015-16,ARUNACHAL PRADESH,UPPER SIANG,SCHEDULED TRIBES,TOTAL,SEMIMEDIUM,1322,3494,0,0,1322,3494
2015-16,ARUNACHAL PRADESH,UPPER SIANG,SCHEDULED TRIBES,TOTAL,MEDIUM,881,5203,0,0,881,5203
2015-16,ARUNACHAL PRADESH,UPPER SIANG,SCHEDULED TRIBES,TOTAL,LARGE,262,5072,0,0,262,5072
2015-16,ARUNACHAL PRADESH,UPPER SIANG,SCHEDULED TRIBES,TOTAL,ALL CLASSES,4361,15522,0,0,4361,15522
2015-16,ARUNACHAL PRADESH,UPPER SIANG,OTHERS,TOTAL,MARGINAL,0,0,0,0,0,0
2015-16,ARUNACHAL PRADESH,UPPER SIANG,OTHERS,TOTAL,SMALL,0,0,0,0,0,0
2015-16,ARUNACHAL PRADESH,UPPER SIANG,OTHERS,TOTAL,SEMIMEDIUM,0,0,0,0,0,0
2015-16,ARUNACHAL PRADESH,UPPER SIANG,OTHERS,TOTAL,MEDIUM,0,0,0,0,0,0
2015-16,ARUNACHAL PRADESH,UPPER SIANG,OTHERS,TOTAL,LARGE,0,0,0,0,0,0
2015-16,ARUNACHAL PRADESH,UPPER SIANG,OTHERS,TOTAL,ALL CLASSES,0,0,0,0,0,0
2015-16,ARUNACHAL PRADESH,UPPER SIANG,INSTITUTIONAL,TOTAL,MARGINAL,0,0,0,0,0,0
2015-16,ARUNACHAL PRADESH,UPPER SIANG,INSTITUTIONAL,TOTAL,SMALL,0,0,0,0,0,0
2015-16,ARUNACHAL PRADESH,UPPER SIANG,INSTITUTIONAL,TOTAL,SEMIMEDIUM,0,0,0,0,0,0
2015-16,ARUNACHAL PRADESH,UPPER SIANG,INSTITUTIONAL,TOTAL,MEDIUM,0,0,0,0,0,0
2015-16,ARUNACHAL PRADESH,UPPER SIANG,INSTITUTIONAL,TOTAL,LARGE,0,0,0,0,0,0
2015-16,ARUNACHAL PRADESH,UPPER SIANG,INSTITUTIONAL,TOTAL,ALL CLASSES,0,0,0,0,0,0
2015-16,ARUNACHAL PRADESH,UPPER SUBANSIRI,SCHEDULED CASTE,TOTAL,MARGINAL,0,0,0,0,0,0
2015-16,ARUNACHAL PRADESH,UPPER SUBANSIRI,SCHEDULED CASTE,TOTAL,SMALL,0,0,0,0,0,0
2015-16,ARUNACHAL PRADESH,UPPER SUBANSIRI,SCHEDULED CASTE,TOTAL,SEMIMEDIUM,0,0,0,0,0,0
2015-16,ARUNACHAL PRADESH,UPPER SUBANSIRI,SCHEDULED CASTE,TOTAL,MEDIUM,0,0,0,0,0,0
2015-16,ARUNACHAL PRADESH,UPPER SUBANSIRI,SCHEDULED CASTE,TOTAL,LARGE,0,0,0,0,0,0
2015-16,ARUNACHAL PRADESH,UPPER SUBANSIRI,SCHEDULED CASTE,TOTAL,ALL CLASSES,0,0,0,0,0,0
2015-16,ARUNACHAL PRADESH,UPPER SUBANSIRI,SCHEDULED TRIBES,TOTAL,MARGINAL,826,502,0,0,826,502
2015-16,ARUNACHAL PRADESH,UPPER SUBANSIRI,SCHEDULED TRIBES,TOTAL,SMALL,723,828,0,0,723,828
2015-16,ARUNACHAL PRADESH,UPPER SUBANSIRI,SCHEDULED TRIBES,TOTAL,SEMIMEDIUM,1625,4598,0,0,1625,4598
2015-16,ARUNACHAL PRADESH,UPPER SUBANSIRI,SCHEDULED TRIBES,TOTAL,MEDIUM,3753,23384,0,0,3753,23384
2015-16,ARUNACHAL PRADESH,UPPER SUBANSIRI,SCHEDULED TRIBES,TOTAL,LARGE,1115,12751,0,0,1115,12751
2015-16,ARUNACHAL PRADESH,UPPER SUBANSIRI,SCHEDULED TRIBES,TOTAL,ALL CLASSES,8042,42062,0,0,8042,42062
2015-16,ARUNACHAL PRADESH,UPPER SUBANSIRI,OTHERS,TOTAL,MARGINAL,0,0,0,0,0,0
2015-16,ARUNACHAL PRADESH,UPPER SUBANSIRI,OTHERS,TOTAL,SMALL,0,0,0,0,0,0
2015-16,ARUNACHAL PRADESH,UPPER SUBANSIRI,OTHERS,TOTAL,SEMIMEDIUM,0,0,0,0,0,0
2015-16,ARUNACHAL PRADESH,UPPER SUBANSIRI,OTHERS,TOTAL,MEDIUM,0,0,0,0,0,0
2015-16,ARUNACHAL PRADESH,UPPER SUBANSIRI,OTHERS,TOTAL,LARGE,0,0,0,0,0,0
2015-16,ARUNACHAL PRADESH,UPPER SUBANSIRI,OTHERS,TOTAL,ALL CLASSES,0,0,0,0,0,0
2015-16,ARUNACHAL PRADESH,UPPER SUBANSIRI,INSTITUTIONAL,TOTAL,MARGINAL,0,0,0,0,289,88
2015-16,ARUNACHAL PRADESH,UPPER SUBANSIRI,INSTITUTIONAL,TOTAL,SMALL,0,0,0,0,50,56
2015-16,ARUNACHAL PRADESH,UPPER SUBANSIRI,INSTITUTIONAL,TOTAL,SEMIMEDIUM,0,0,0,0,15,31
2015-16,ARUNACHAL PRADESH,UPPER SUBANSIRI,INSTITUTIONAL,TOTAL,MEDIUM,0,0,0,0,0,0
2015-16,ARUNACHAL PRADESH,UPPER SUBANSIRI,INSTITUTIONAL,TOTAL,LARGE,0,0,0,0,0,0
2015-16,ARUNACHAL PRADESH,UPPER SUBANSIRI,INSTITUTIONAL,TOTAL,ALL CLASSES,0,0,0,0,354,176
2015-16,ARUNACHAL PRADESH,WEST KAMENG,SCHEDULED CASTE,TOTAL,MARGINAL,0,0,0,0,0,0
2015-16,ARUNACHAL PRADESH,WEST KAMENG,SCHEDULED CASTE,TOTAL,SMALL,0,0,0,0,0,0
2015-16,ARUNACHAL PRADESH,WEST KAMENG,SCHEDULED CASTE,TOTAL,SEMIMEDIUM,0,0,0,0,0,0
2015-16,ARUNACHAL PRADESH,WEST KAMENG,SCHEDULED CASTE,TOTAL,MEDIUM,0,0,0,0,0,0
2015-16,ARUNACHAL PRADESH,WEST KAMENG,SCHEDULED CASTE,TOTAL,LARGE,0,0,0,0,0,0
2015-16,ARUNACHAL PRADESH,WEST KAMENG,SCHEDULED CASTE,TOTAL,ALL CLASSES,0,0,0,0,0,0
2015-16,ARUNACHAL PRADESH,WEST KAMENG,SCHEDULED TRIBES,TOTAL,MARGINAL,2454,1223,0,0,2454,1223
2015-16,ARUNACHAL PRADESH,WEST KAMENG,SCHEDULED TRIBES,TOTAL,SMALL,1235,1785,0,0,1235,1785
2015-16,ARUNACHAL PRADESH,WEST KAMENG,SCHEDULED TRIBES,TOTAL,SEMIMEDIUM,1044,2739,0,0,1044,2739
2015-16,ARUNACHAL PRADESH,WEST KAMENG,SCHEDULED TRIBES,TOTAL,MEDIUM,461,3054,0,0,461,3054
2015-16,ARUNACHAL PRADESH,WEST KAMENG,SCHEDULED TRIBES,TOTAL,LARGE,128,2958,0,0,128,2958
2015-16,ARUNACHAL PRADESH,WEST KAMENG,SCHEDULED TRIBES,TOTAL,ALL CLASSES,5322,11758,0,0,5322,11758
2015-16,ARUNACHAL PRADESH,WEST KAMENG,OTHERS,TOTAL,MARGINAL,0,0,0,0,0,0
2015-16,ARUNACHAL PRADESH,WEST KAMENG,OTHERS,TOTAL,SMALL,0,0,0,0,0,0
2015-16,ARUNACHAL PRADESH,WEST KAMENG,OTHERS,TOTAL,SEMIMEDIUM,0,0,0,0,0,0
2015-16,ARUNACHAL PRADESH,WEST KAMENG,OTHERS,TOTAL,MEDIUM,0,0,0,0,0,0
2015-16,ARUNACHAL PRADESH,WEST KAMENG,OTHERS,TOTAL,LARGE,0,0,0,0,0,0
2015-16,ARUNACHAL PRADESH,WEST KAMENG,OTHERS,TOTAL,ALL CLASSES,0,0,0,0,0,0
2015-16,ARUNACHAL PRADESH,WEST KAMENG,INSTITUTIONAL,TOTAL,MARGINAL,0,0,0,0,17,2
2015-16,ARUNACHAL PRADESH,WEST KAMENG,INSTITUTIONAL,TOTAL,SMALL,0,0,0,0,4,5
2015-16,ARUNACHAL PRADESH,WEST KAMENG,INSTITUTIONAL,TOTAL,SEMIMEDIUM,0,0,0,0,0,0
2015-16,ARUNACHAL PRADESH,WEST KAMENG,INSTITUTIONAL,TOTAL,MEDIUM,0,0,0,0,0,0
2015-16,ARUNACHAL PRADESH,WEST KAMENG,INSTITUTIONAL,TOTAL,LARGE,0,0,0,0,0,0
2015-16,ARUNACHAL PRADESH,WEST KAMENG,INSTITUTIONAL,TOTAL,ALL CLASSES,0,0,0,0,21,7
2015-16,ARUNACHAL PRADESH,WEST SIANG,SCHEDULED CASTE,TOTAL,MARGINAL,0,0,0,0,0,0
2015-16,ARUNACHAL PRADESH,WEST SIANG,SCHEDULED CASTE,TOTAL,SMALL,0,0,0,0,0,0
2015-16,ARUNACHAL PRADESH,WEST SIANG,SCHEDULED CASTE,TOTAL,SEMIMEDIUM,0,0,0,0,0,0
2015-16,ARUNACHAL PRADESH,WEST SIANG,SCHEDULED CASTE,TOTAL,MEDIUM,0,0,0,0,0,0
2015-16,ARUNACHAL PRADESH,WEST SIANG,SCHEDULED CASTE,TOTAL,LARGE,0,0,0,0,0,0
2015-16,ARUNACHAL PRADESH,WEST SIANG,SCHEDULED CASTE,TOTAL,ALL CLASSES,0,0,0,0,0,0
2015-16,ARUNACHAL PRADESH,WEST SIANG,SCHEDULED TRIBES,TOTAL,MARGINAL,1810,969,0,0,1810,969
2015-16,ARUNACHAL PRADESH,WEST SIANG,SCHEDULED TRIBES,TOTAL,SMALL,2592,3353,0,0,2592,3353
2015-16,ARUNACHAL PRADESH,WEST SIANG,SCHEDULED TRIBES,TOTAL,SEMIMEDIUM,3516,9669,0,0,3516,9669
2015-16,ARUNACHAL PRADESH,WEST SIANG,SCHEDULED TRIBES,TOTAL,MEDIUM,2584,14524,0,0,2584,14524
2015-16,ARUNACHAL PRADESH,WEST SIANG,SCHEDULED TRIBES,TOTAL,LARGE,485,8141,0,0,485,8141
2015-16,ARUNACHAL PRADESH,WEST SIANG,SCHEDULED TRIBES,TOTAL,ALL CLASSES,10987,36657,0,0,10987,36657
2015-16,ARUNACHAL PRADESH,WEST SIANG,OTHERS,TOTAL,MARGINAL,0,0,0,0,0,0
2015-16,ARUNACHAL PRADESH,WEST SIANG,OTHERS,TOTAL,SMALL,0,0,0,0,0,0
2015-16,ARUNACHAL PRADESH,WEST SIANG,OTHERS,TOTAL,SEMIMEDIUM,0,0,0,0,0,0
2015-16,ARUNACHAL PRADESH,WEST SIANG,OTHERS,TOTAL,MEDIUM,0,0,0,0,0,0
2015-16,ARUNACHAL PRADESH,WEST SIANG,OTHERS,TOTAL,LARGE,0,0,0,0,0,0
2015-16,ARUNACHAL PRADESH,WEST SIANG,OTHERS,TOTAL,ALL CLASSES,0,0,0,0,0,0
2015-16,ARUNACHAL PRADESH,WEST SIANG,INSTITUTIONAL,TOTAL,MARGINAL,0,0,0,0,311,150
2015-16,ARUNACHAL PRADESH,WEST SIANG,INSTITUTIONAL,TOTAL,SMALL,0,0,0,0,68,78
2015-16,ARUNACHAL PRADESH,WEST SIANG,INSTITUTIONAL,TOTAL,SEMIMEDIUM,0,0,0,0,20,54
2015-16,ARUNACHAL PRADESH,WEST SIANG,INSTITUTIONAL,TOTAL,MEDIUM,0,0,0,0,0,0
2015-16,ARUNACHAL PRADESH,WEST SIANG,INSTITUTIONAL,TOTAL,LARGE,0,0,0,0,5,111
2015-16,ARUNACHAL PRADESH,WEST SIANG,INSTITUTIONAL,TOTAL,ALL CLASSES,0,0,0,0,404,392
2015-16,ASSAM,BAKSA,SCHEDULED CASTE,TOTAL,MARGINAL,3094,1371,0,0,3094,1371
2015-16,ASSAM,BAKSA,SCHEDULED CASTE,TOTAL,SMALL,910,1202,0,0,910,1202
2015-16,ASSAM,BAKSA,SCHEDULED CASTE,TOTAL,SEMIMEDIUM,605,1727,0,0,605,1727
2015-16,ASSAM,BAKSA,SCHEDULED CASTE,TOTAL,MEDIUM,332,2125,0,0,332,2125
2015-16,ASSAM,BAKSA,SCHEDULED CASTE,TOTAL,LARGE,2,40,0,0,2,40
2015-16,ASSAM,BAKSA,SCHEDULED CASTE,TOTAL,ALL CLASSES,4943,6465,0,0,4943,6465
2015-16,ASSAM,BAKSA,SCHEDULED TRIBES,TOTAL,MARGINAL,32359,14263,8,4,32367,14267
2015-16,ASSAM,BAKSA,SCHEDULED TRIBES,TOTAL,SMALL,5889,8734,6,8,5895,8743
2015-16,ASSAM,BAKSA,SCHEDULED TRIBES,TOTAL,SEMIMEDIUM,5995,17092,7,22,6002,17113
2015-16,ASSAM,BAKSA,SCHEDULED TRIBES,TOTAL,MEDIUM,2593,12807,4,20,2597,12827
2015-16,ASSAM,BAKSA,SCHEDULED TRIBES,TOTAL,LARGE,7,125,0,0,7,125
2015-16,ASSAM,BAKSA,SCHEDULED TRIBES,TOTAL,ALL CLASSES,46843,53021,25,55,46868,53076
2015-16,ASSAM,BAKSA,OTHERS,TOTAL,MARGINAL,26971,13832,7,3,26978,13835
2015-16,ASSAM,BAKSA,OTHERS,TOTAL,SMALL,6514,9851,6,9,6520,9859
2015-16,ASSAM,BAKSA,OTHERS,TOTAL,SEMIMEDIUM,5228,15279,6,19,5234,15298
2015-16,ASSAM,BAKSA,OTHERS,TOTAL,MEDIUM,1050,5693,1,4,1051,5697
2015-16,ASSAM,BAKSA,OTHERS,TOTAL,LARGE,5,94,0,0,5,94
2015-16,ASSAM,BAKSA,OTHERS,TOTAL,ALL CLASSES,39768,44748,20,35,39788,44784
2015-16,ASSAM,BAKSA,INSTITUTIONAL,TOTAL,MARGINAL,0,0,0,0,164,75
2015-16,ASSAM,BAKSA,INSTITUTIONAL,TOTAL,SMALL,0,0,0,0,57,78
2015-16,ASSAM,BAKSA,INSTITUTIONAL,TOTAL,SEMIMEDIUM,0,0,0,0,46,121
2015-16,ASSAM,BAKSA,INSTITUTIONAL,TOTAL,MEDIUM,0,0,0,0,54,351
2015-16,ASSAM,BAKSA,INSTITUTIONAL,TOTAL,LARGE,0,0,0,0,69,1418
2015-16,ASSAM,BAKSA,INSTITUTIONAL,TOTAL,ALL CLASSES,0,0,0,0,390,2044
2015-16,ASSAM,BARPETA,SCHEDULED CASTE,TOTAL,MARGINAL,3102,1612,4,3,3106,1615
2015-16,ASSAM,BARPETA,SCHEDULED CASTE,TOTAL,SMALL,876,1300,31,38,907,1339
2015-16,ASSAM,BARPETA,SCHEDULED CASTE,TOTAL,SEMIMEDIUM,640,1813,78,211,718,2022
2015-16,ASSAM,BARPETA,SCHEDULED CASTE,TOTAL,MEDIUM,128,655,14,71,142,727
2015-16,ASSAM,BARPETA,SCHEDULED CASTE,TOTAL,LARGE,2,24,1,14,3,38
2015-16,ASSAM,BARPETA,SCHEDULED CASTE,TOTAL,ALL CLASSES,4748,5404,128,336,4876,5741
2015-16,ASSAM,BARPETA,SCHEDULED TRIBES,TOTAL,MARGINAL,1974,917,0,0,1974,917
2015-16,ASSAM,BARPETA,SCHEDULED TRIBES,TOTAL,SMALL,636,849,1,1,637,850
2015-16,ASSAM,BARPETA,SCHEDULED TRIBES,TOTAL,SEMIMEDIUM,200,536,4,10,204,546
2015-16,ASSAM,BARPETA,SCHEDULED TRIBES,TOTAL,MEDIUM,24,113,1,4,25,117
2015-16,ASSAM,BARPETA,SCHEDULED TRIBES,TOTAL,LARGE,0,0,0,0,0,0
2015-16,ASSAM,BARPETA,SCHEDULED TRIBES,TOTAL,ALL CLASSES,2834,2414,6,16,2840,2430
2015-16,ASSAM,BARPETA,OTHERS,TOTAL,MARGINAL,64230,34502,78,49,64308,34551
2015-16,ASSAM,BARPETA,OTHERS,TOTAL,SMALL,26091,37801,147,220,26238,38021
2015-16,ASSAM,BARPETA,OTHERS,TOTAL,SEMIMEDIUM,18858,53000,256,743,19114,53743
2015-16,ASSAM,BARPETA,OTHERS,TOTAL,MEDIUM,4211,21773,125,676,4336,22450
2015-16,ASSAM,BARPETA,OTHERS,TOTAL,LARGE,15,181,11,160,26,340
2015-16,ASSAM,BARPETA,OTHERS,TOTAL,ALL CLASSES,113405,147258,617,1848,114022,149106
2015-16,ASSAM,BARPETA,INSTITUTIONAL,TOTAL,MARGINAL,0,0,0,0,41,18
2015-16,ASSAM,BARPETA,INSTITUTIONAL,TOTAL,SMALL,0,0,0,0,9,13
2015-16,ASSAM,BARPETA,INSTITUTIONAL,TOTAL,SEMIMEDIUM,0,0,0,0,10,27
2015-16,ASSAM,BARPETA,INSTITUTIONAL,TOTAL,MEDIUM,0,0,0,0,8,45
2015-16,ASSAM,BARPETA,INSTITUTIONAL,TOTAL,LARGE,0,0,0,0,14,467
2015-16,ASSAM,BARPETA,INSTITUTIONAL,TOTAL,ALL CLASSES,0,0,0,0,82,570
2015-16,ASSAM,BONGAIGAON,SCHEDULED CASTE,TOTAL,MARGINAL,8031,2399,143,67,8174,2467
2015-16,ASSAM,BONGAIGAON,SCHEDULED CASTE,TOTAL,SMALL,1226,1566,60,82,1286,1648
2015-16,ASSAM,BONGAIGAON,SCHEDULED CASTE,TOTAL,SEMIMEDIUM,365,952,22,58,387,1009
2015-16,ASSAM,BONGAIGAON,SCHEDULED CASTE,TOTAL,MEDIUM,112,596,1,5,113,601
2015-16,ASSAM,BONGAIGAON,SCHEDULED CASTE,TOTAL,LARGE,2,24,0,0,2,24
2015-16,ASSAM,BONGAIGAON,SCHEDULED CASTE,TOTAL,ALL CLASSES,9736,5537,226,211,9962,5749
2015-16,ASSAM,BONGAIGAON,SCHEDULED TRIBES,TOTAL,MARGINAL,1870,797,125,64,1995,860
2015-16,ASSAM,BONGAIGAON,SCHEDULED TRIBES,TOTAL,SMALL,350,526,37,50,387,576
2015-16,ASSAM,BONGAIGAON,SCHEDULED TRIBES,TOTAL,SEMIMEDIUM,153,430,18,51,171,479
2015-16,ASSAM,BONGAIGAON,SCHEDULED TRIBES,TOTAL,MEDIUM,3,16,0,0,3,16
2015-16,ASSAM,BONGAIGAON,SCHEDULED TRIBES,TOTAL,LARGE,1,11,0,0,1,11
2015-16,ASSAM,BONGAIGAON,SCHEDULED TRIBES,TOTAL,ALL CLASSES,2377,1778,180,164,2557,1942
2015-16,ASSAM,BONGAIGAON,OTHERS,TOTAL,MARGINAL,48216,16854,1023,590,49239,17444
2015-16,ASSAM,BONGAIGAON,OTHERS,TOTAL,SMALL,11576,15026,305,444,11881,15470
2015-16,ASSAM,BONGAIGAON,OTHERS,TOTAL,SEMIMEDIUM,2919,7539,67,169,2986,7709
2015-16,ASSAM,BONGAIGAON,OTHERS,TOTAL,MEDIUM,579,2957,5,28,584,2985
2015-16,ASSAM,BONGAIGAON,OTHERS,TOTAL,LARGE,11,160,0,0,11,160
2015-16,ASSAM,BONGAIGAON,OTHERS,TOTAL,ALL CLASSES,63301,42536,1400,1232,64701,43768
2015-16,ASSAM,BONGAIGAON,INSTITUTIONAL,TOTAL,MARGINAL,0,0,0,0,8,3
2015-16,ASSAM,BONGAIGAON,INSTITUTIONAL,TOTAL,SMALL,0,0,0,0,3,5
2015-16,ASSAM,BONGAIGAON,INSTITUTIONAL,TOTAL,SEMIMEDIUM,0,0,0,0,0,0
2015-16,ASSAM,BONGAIGAON,INSTITUTIONAL,TOTAL,MEDIUM,0,0,0,0,0,0
2015-16,ASSAM,BONGAIGAON,INSTITUTIONAL,TOTAL,LARGE,0,0,0,0,1,26
2015-16,ASSAM,BONGAIGAON,INSTITUTIONAL,TOTAL,ALL CLASSES,0,0,0,0,12,34
2015-16,ASSAM,CACHAR,SCHEDULED CASTE,TOTAL,MARGINAL,2514,1399,36,19,2550,1417
2015-16,ASSAM,CACHAR,SCHEDULED CASTE,TOTAL,SMALL,2114,3134,47,66,2161,3200
2015-16,ASSAM,CACHAR,SCHEDULED CASTE,TOTAL,SEMIMEDIUM,1256,3434,13,31,1269,3466
2015-16,ASSAM,CACHAR,SCHEDULED CASTE,TOTAL,MEDIUM,204,1077,2,9,206,1086
2015-16,ASSAM,CACHAR,SCHEDULED CASTE,TOTAL,LARGE,1,13,0,0,1,13
2015-16,ASSAM,CACHAR,SCHEDULED CASTE,TOTAL,ALL CLASSES,6089,9058,98,126,6187,9184
2015-16,ASSAM,CACHAR,SCHEDULED TRIBES,TOTAL,MARGINAL,1361,673,5,2,1366,675
2015-16,ASSAM,CACHAR,SCHEDULED TRIBES,TOTAL,SMALL,451,717,10,16,461,733
2015-16,ASSAM,CACHAR,SCHEDULED TRIBES,TOTAL,SEMIMEDIUM,487,1401,6,19,493,1421
2015-16,ASSAM,CACHAR,SCHEDULED TRIBES,TOTAL,MEDIUM,155,800,3,13,158,813
2015-16,ASSAM,CACHAR,SCHEDULED TRIBES,TOTAL,LARGE,7,91,0,0,7,91
2015-16,ASSAM,CACHAR,SCHEDULED TRIBES,TOTAL,ALL CLASSES,2461,3681,24,51,2485,3731
2015-16,ASSAM,CACHAR,OTHERS,TOTAL,MARGINAL,72574,27677,153,80,72727,27757
2015-16,ASSAM,CACHAR,OTHERS,TOTAL,SMALL,14608,20738,417,570,15025,21308
2015-16,ASSAM,CACHAR,OTHERS,TOTAL,SEMIMEDIUM,8141,21756,611,1670,8752,23427
2015-16,ASSAM,CACHAR,OTHERS,TOTAL,MEDIUM,2047,10573,412,2277,2459,12849
2015-16,ASSAM,CACHAR,OTHERS,TOTAL,LARGE,8,104,19,252,27,356
2015-16,ASSAM,CACHAR,OTHERS,TOTAL,ALL CLASSES,97378,80849,1612,4848,98990,85698
2015-16,ASSAM,CACHAR,INSTITUTIONAL,TOTAL,MARGINAL,0,0,0,0,26,10
2015-16,ASSAM,CACHAR,INSTITUTIONAL,TOTAL,SMALL,0,0,0,0,13,19
2015-16,ASSAM,CACHAR,INSTITUTIONAL,TOTAL,SEMIMEDIUM,0,0,0,0,12,32
2015-16,ASSAM,CACHAR,INSTITUTIONAL,TOTAL,MEDIUM,0,0,0,0,23,162
2015-16,ASSAM,CACHAR,INSTITUTIONAL,TOTAL,LARGE,0,0,0,0,181,13108
2015-16,ASSAM,CACHAR,INSTITUTIONAL,TOTAL,ALL CLASSES,0,0,0,0,255,13330
2015-16,ASSAM,CHIRANG,SCHEDULED CASTE,TOTAL,MARGINAL,1490,800,0,0,1490,800
2015-16,ASSAM,CHIRANG,SCHEDULED CASTE,TOTAL,SMALL,435,638,0,0,435,638
2015-16,ASSAM,CHIRANG,SCHEDULED CASTE,TOTAL,SEMIMEDIUM,209,551,0,0,209,551
2015-16,ASSAM,CHIRANG,SCHEDULED CASTE,TOTAL,MEDIUM,23,116,0,0,23,116
2015-16,ASSAM,CHIRANG,SCHEDULED CASTE,TOTAL,LARGE,0,0,0,0,0,0
2015-16,ASSAM,CHIRANG,SCHEDULED CASTE,TOTAL,ALL CLASSES,2157,2107,0,0,2157,2107
2015-16,ASSAM,CHIRANG,SCHEDULED TRIBES,TOTAL,MARGINAL,18436,8595,0,0,18436,8595
2015-16,ASSAM,CHIRANG,SCHEDULED TRIBES,TOTAL,SMALL,3905,5965,0,0,3905,5965
2015-16,ASSAM,CHIRANG,SCHEDULED TRIBES,TOTAL,SEMIMEDIUM,2271,6298,0,0,2271,6298
2015-16,ASSAM,CHIRANG,SCHEDULED TRIBES,TOTAL,MEDIUM,329,1708,0,0,329,1708
2015-16,ASSAM,CHIRANG,SCHEDULED TRIBES,TOTAL,LARGE,1,11,0,0,1,11
2015-16,ASSAM,CHIRANG,SCHEDULED TRIBES,TOTAL,ALL CLASSES,24942,22576,0,0,24942,22576
2015-16,ASSAM,CHIRANG,OTHERS,TOTAL,MARGINAL,12946,7701,0,0,12946,7701
2015-16,ASSAM,CHIRANG,OTHERS,TOTAL,SMALL,3108,4685,0,0,3108,4685
2015-16,ASSAM,CHIRANG,OTHERS,TOTAL,SEMIMEDIUM,1123,3013,0,0,1123,3013
2015-16,ASSAM,CHIRANG,OTHERS,TOTAL,MEDIUM,158,944,0,0,158,944
2015-16,ASSAM,CHIRANG,OTHERS,TOTAL,LARGE,4,57,0,0,4,57
2015-16,ASSAM,CHIRANG,OTHERS,TOTAL,ALL CLASSES,17339,16400,0,0,17339,16400
2015-16,ASSAM,CHIRANG,INSTITUTIONAL,TOTAL,MARGINAL,0,0,0,0,0,0
2015-16,ASSAM,CHIRANG,INSTITUTIONAL,TOTAL,SMALL,0,0,0,0,0,0
2015-16,ASSAM,CHIRANG,INSTITUTIONAL,TOTAL,SEMIMEDIUM,0,0,0,0,0,0
2015-16,ASSAM,CHIRANG,INSTITUTIONAL,TOTAL,MEDIUM,0,0,0,0,0,0
2015-16,ASSAM,CHIRANG,INSTITUTIONAL,TOTAL,LARGE,0,0,0,0,0,0
2015-16,ASSAM,CHIRANG,INSTITUTIONAL,TOTAL,ALL CLASSES,0,0,0,0,0,0
2015-16,ASSAM,DARRANG,SCHEDULED CASTE,TOTAL,MARGINAL,9005,2723,3,2,9008,2726
2015-16,ASSAM,DARRANG,SCHEDULED CASTE,TOTAL,SMALL,559,794,6,9,565,803
2015-16,ASSAM,DARRANG,SCHEDULED CASTE,TOTAL,SEMIMEDIUM,304,844,7,20,311,865
2015-16,ASSAM,DARRANG,SCHEDULED CASTE,TOTAL,MEDIUM,79,432,5,28,84,460
2015-16,ASSAM,DARRANG,SCHEDULED CASTE,TOTAL,LARGE,0,0,0,0,0,0
2015-16,ASSAM,DARRANG,SCHEDULED CASTE,TOTAL,ALL CLASSES,9947,4794,21,60,9968,4854
2015-16,ASSAM,DARRANG,SCHEDULED TRIBES,TOTAL,MARGINAL,605,245,0,0,605,245
2015-16,ASSAM,DARRANG,SCHEDULED TRIBES,TOTAL,SMALL,199,302,5,7,204,309
2015-16,ASSAM,DARRANG,SCHEDULED TRIBES,TOTAL,SEMIMEDIUM,153,402,4,13,157,416
2015-16,ASSAM,DARRANG,SCHEDULED TRIBES,TOTAL,MEDIUM,29,161,2,13,31,174
2015-16,ASSAM,DARRANG,SCHEDULED TRIBES,TOTAL,LARGE,0,0,0,0,0,0
2015-16,ASSAM,DARRANG,SCHEDULED TRIBES,TOTAL,ALL CLASSES,986,1111,11,33,997,1144
2015-16,ASSAM,DARRANG,OTHERS,TOTAL,MARGINAL,62949,24010,145,76,63094,24086
2015-16,ASSAM,DARRANG,OTHERS,TOTAL,SMALL,13311,18016,137,174,13448,18190
2015-16,ASSAM,DARRANG,OTHERS,TOTAL,SEMIMEDIUM,5879,16335,195,495,6074,16829
2015-16,ASSAM,DARRANG,OTHERS,TOTAL,MEDIUM,1735,8794,37,196,1772,8991
2015-16,ASSAM,DARRANG,OTHERS,TOTAL,LARGE,33,399,0,0,33,399
2015-16,ASSAM,DARRANG,OTHERS,TOTAL,ALL CLASSES,83907,67554,514,940,84421,68494
2015-16,ASSAM,DARRANG,INSTITUTIONAL,TOTAL,MARGINAL,0,0,0,0,9,4
2015-16,ASSAM,DARRANG,INSTITUTIONAL,TOTAL,SMALL,0,0,0,0,4,6
2015-16,ASSAM,DARRANG,INSTITUTIONAL,TOTAL,SEMIMEDIUM,0,0,0,0,1,3
2015-16,ASSAM,DARRANG,INSTITUTIONAL,TOTAL,MEDIUM,0,0,0,0,2,11
2015-16,ASSAM,DARRANG,INSTITUTIONAL,TOTAL,LARGE,0,0,0,0,38,1223
2015-16,ASSAM,DARRANG,INSTITUTIONAL,TOTAL,ALL CLASSES,0,0,0,0,54,1247
2015-16,ASSAM,DHEMAJI,SCHEDULED CASTE,TOTAL,MARGINAL,3027,1396,0,0,3027,1396
2015-16,ASSAM,DHEMAJI,SCHEDULED CASTE,TOTAL,SMALL,956,1402,4,6,960,1409
2015-16,ASSAM,DHEMAJI,SCHEDULED CASTE,TOTAL,SEMIMEDIUM,421,1112,4,12,425,1123
2015-16,ASSAM,DHEMAJI,SCHEDULED CASTE,TOTAL,MEDIUM,61,310,0,0,61,310
2015-16,ASSAM,DHEMAJI,SCHEDULED CASTE,TOTAL,LARGE,0,0,0,0,0,0
2015-16,ASSAM,DHEMAJI,SCHEDULED CASTE,TOTAL,ALL CLASSES,4465,4220,8,18,4473,4238
2015-16,ASSAM,DHEMAJI,SCHEDULED TRIBES,TOTAL,MARGINAL,21882,10221,3,2,21885,10223
2015-16,ASSAM,DHEMAJI,SCHEDULED TRIBES,TOTAL,SMALL,9599,13680,6,10,9605,13690
2015-16,ASSAM,DHEMAJI,SCHEDULED TRIBES,TOTAL,SEMIMEDIUM,5075,13747,5,15,5080,13762
2015-16,ASSAM,DHEMAJI,SCHEDULED TRIBES,TOTAL,MEDIUM,989,5231,1,6,990,5237
2015-16,ASSAM,DHEMAJI,SCHEDULED TRIBES,TOTAL,LARGE,38,515,0,0,38,515
2015-16,ASSAM,DHEMAJI,SCHEDULED TRIBES,TOTAL,ALL CLASSES,37583,43394,15,34,37598,43427
2015-16,ASSAM,DHEMAJI,OTHERS,TOTAL,MARGINAL,28506,14107,1,1,28507,14108
2015-16,ASSAM,DHEMAJI,OTHERS,TOTAL,SMALL,11472,17104,5,8,11477,17113
2015-16,ASSAM,DHEMAJI,OTHERS,TOTAL,SEMIMEDIUM,4054,10811,3,7,4057,10818
2015-16,ASSAM,DHEMAJI,OTHERS,TOTAL,MEDIUM,590,2855,1,4,591,2859
2015-16,ASSAM,DHEMAJI,OTHERS,TOTAL,LARGE,3,34,0,0,3,34
2015-16,ASSAM,DHEMAJI,OTHERS,TOTAL,ALL CLASSES,44625,44911,10,20,44635,44931
2015-16,ASSAM,DHEMAJI,INSTITUTIONAL,TOTAL,MARGINAL,0,0,0,0,3,1
2015-16,ASSAM,DHEMAJI,INSTITUTIONAL,TOTAL,SMALL,0,0,0,0,1,1
2015-16,ASSAM,DHEMAJI,INSTITUTIONAL,TOTAL,SEMIMEDIUM,0,0,0,0,0,0
2015-16,ASSAM,DHEMAJI,INSTITUTIONAL,TOTAL,MEDIUM,0,0,0,0,2,12
2015-16,ASSAM,DHEMAJI,INSTITUTIONAL,TOTAL,LARGE,0,0,0,0,5,161
2015-16,ASSAM,DHEMAJI,INSTITUTIONAL,TOTAL,ALL CLASSES,0,0,0,0,11,175
2015-16,ASSAM,DHUBRI,SCHEDULED CASTE,TOTAL,MARGINAL,1333,619,10,5,1343,625
2015-16,ASSAM,DHUBRI,SCHEDULED CASTE,TOTAL,SMALL,380,550,15,21,395,570
2015-16,ASSAM,DHUBRI,SCHEDULED CASTE,TOTAL,SEMIMEDIUM,152,413,13,35,165,448
2015-16,ASSAM,DHUBRI,SCHEDULED CASTE,TOTAL,MEDIUM,36,196,4,20,40,215
2015-16,ASSAM,DHUBRI,SCHEDULED CASTE,TOTAL,LARGE,0,0,0,0,0,0
2015-16,ASSAM,DHUBRI,SCHEDULED CASTE,TOTAL,ALL CLASSES,1901,1778,42,80,1943,1859
2015-16,ASSAM,DHUBRI,SCHEDULED TRIBES,TOTAL,MARGINAL,150,60,0,0,150,60
2015-16,ASSAM,DHUBRI,SCHEDULED TRIBES,TOTAL,SMALL,27,36,0,0,27,36
2015-16,ASSAM,DHUBRI,SCHEDULED TRIBES,TOTAL,SEMIMEDIUM,17,45,1,2,18,47
2015-16,ASSAM,DHUBRI,SCHEDULED TRIBES,TOTAL,MEDIUM,1,6,1,4,2,10
2015-16,ASSAM,DHUBRI,SCHEDULED TRIBES,TOTAL,LARGE,0,0,0,0,0,0
2015-16,ASSAM,DHUBRI,SCHEDULED TRIBES,TOTAL,ALL CLASSES,195,147,2,7,197,153
2015-16,ASSAM,DHUBRI,OTHERS,TOTAL,MARGINAL,82952,33447,174,101,83126,33548
2015-16,ASSAM,DHUBRI,OTHERS,TOTAL,SMALL,24319,32611,398,528,24717,33138
2015-16,ASSAM,DHUBRI,OTHERS,TOTAL,SEMIMEDIUM,11741,31925,357,994,12098,32919
2015-16,ASSAM,DHUBRI,OTHERS,TOTAL,MEDIUM,2688,13557,83,471,2771,14029
2015-16,ASSAM,DHUBRI,OTHERS,TOTAL,LARGE,9,107,1,11,10,118
2015-16,ASSAM,DHUBRI,OTHERS,TOTAL,ALL CLASSES,121709,111648,1013,2105,122722,113752
2015-16,ASSAM,DHUBRI,INSTITUTIONAL,TOTAL,MARGINAL,0,0,0,0,13,5
2015-16,ASSAM,DHUBRI,INSTITUTIONAL,TOTAL,SMALL,0,0,0,0,0,0
2015-16,ASSAM,DHUBRI,INSTITUTIONAL,TOTAL,SEMIMEDIUM,0,0,0,0,0,0
2015-16,ASSAM,DHUBRI,INSTITUTIONAL,TOTAL,MEDIUM,0,0,0,0,2,9
2015-16,ASSAM,DHUBRI,INSTITUTIONAL,TOTAL,LARGE,0,0,0,0,9,1024
2015-16,ASSAM,DHUBRI,INSTITUTIONAL,TOTAL,ALL CLASSES,0,0,0,0,24,1040
2015-16,ASSAM,DIBRUGARH,SCHEDULED CASTE,TOTAL,MARGINAL,1354,716,1,0,1355,716
2015-16,ASSAM,DIBRUGARH,SCHEDULED CASTE,TOTAL,SMALL,738,1085,0,0,738,1085
2015-16,ASSAM,DIBRUGARH,SCHEDULED CASTE,TOTAL,SEMIMEDIUM,285,797,2,5,287,801
2015-16,ASSAM,DIBRUGARH,SCHEDULED CASTE,TOTAL,MEDIUM,43,241,1,6,44,247
2015-16,ASSAM,DIBRUGARH,SCHEDULED CASTE,TOTAL,LARGE,4,54,0,0,4,54
2015-16,ASSAM,DIBRUGARH,SCHEDULED CASTE,TOTAL,ALL CLASSES,2424,2893,4,11,2428,2904
2015-16,ASSAM,DIBRUGARH,SCHEDULED TRIBES,TOTAL,MARGINAL,6883,3458,16,11,6899,3470
2015-16,ASSAM,DIBRUGARH,SCHEDULED TRIBES,TOTAL,SMALL,3515,5688,31,49,3546,5737
2015-16,ASSAM,DIBRUGARH,SCHEDULED TRIBES,TOTAL,SEMIMEDIUM,2602,7268,27,85,2629,7353
2015-16,ASSAM,DIBRUGARH,SCHEDULED TRIBES,TOTAL,MEDIUM,436,2163,6,35,442,2198
2015-16,ASSAM,DIBRUGARH,SCHEDULED TRIBES,TOTAL,LARGE,2,34,1,14,3,49
2015-16,ASSAM,DIBRUGARH,SCHEDULED TRIBES,TOTAL,ALL CLASSES,13438,18611,81,195,13519,18806
2015-16,ASSAM,DIBRUGARH,OTHERS,TOTAL,MARGINAL,62825,25245,31,16,62856,25261
2015-16,ASSAM,DIBRUGARH,OTHERS,TOTAL,SMALL,19142,28549,36,54,19178,28603
2015-16,ASSAM,DIBRUGARH,OTHERS,TOTAL,SEMIMEDIUM,10973,29897,84,233,11057,30131
2015-16,ASSAM,DIBRUGARH,OTHERS,TOTAL,MEDIUM,1876,9529,42,241,1918,9771
2015-16,ASSAM,DIBRUGARH,OTHERS,TOTAL,LARGE,44,792,6,110,50,903
2015-16,ASSAM,DIBRUGARH,OTHERS,TOTAL,ALL CLASSES,94860,94013,199,654,95059,94668
2015-16,ASSAM,DIBRUGARH,INSTITUTIONAL,TOTAL,MARGINAL,0,0,0,0,78,39
2015-16,ASSAM,DIBRUGARH,INSTITUTIONAL,TOTAL,SMALL,0,0,0,0,59,91
2015-16,ASSAM,DIBRUGARH,INSTITUTIONAL,TOTAL,SEMIMEDIUM,0,0,0,0,82,249
2015-16,ASSAM,DIBRUGARH,INSTITUTIONAL,TOTAL,MEDIUM,0,0,0,0,146,945
2015-16,ASSAM,DIBRUGARH,INSTITUTIONAL,TOTAL,LARGE,0,0,0,0,456,45109
2015-16,ASSAM,DIBRUGARH,INSTITUTIONAL,TOTAL,ALL CLASSES,0,0,0,0,821,46433
2015-16,ASSAM,DIMA HASAO (N. C. HILLS),SCHEDULED CASTE,TOTAL,MARGINAL,12,4,0,0,12,4
2015-16,ASSAM,DIMA HASAO (N. C. HILLS),SCHEDULED CASTE,TOTAL,SMALL,0,0,0,0,0,0
2015-16,ASSAM,DIMA HASAO (N. C. HILLS),SCHEDULED CASTE,TOTAL,SEMIMEDIUM,0,0,0,0,0,0
2015-16,ASSAM,DIMA HASAO (N. C. HILLS),SCHEDULED CASTE,TOTAL,MEDIUM,0,0,0,0,0,0
2015-16,ASSAM,DIMA HASAO (N. C. HILLS),SCHEDULED CASTE,TOTAL,LARGE,0,0,0,0,0,0
2015-16,ASSAM,DIMA HASAO (N. C. HILLS),SCHEDULED CASTE,TOTAL,ALL CLASSES,12,4,0,0,12,4
2015-16,ASSAM,DIMA HASAO (N. C. HILLS),SCHEDULED TRIBES,TOTAL,MARGINAL,13221,6662,0,0,13221,6662
2015-16,ASSAM,DIMA HASAO (N. C. HILLS),SCHEDULED TRIBES,TOTAL,SMALL,3598,4916,0,0,3598,4916
2015-16,ASSAM,DIMA HASAO (N. C. HILLS),SCHEDULED TRIBES,TOTAL,SEMIMEDIUM,100,246,0,0,100,246
2015-16,ASSAM,DIMA HASAO (N. C. HILLS),SCHEDULED TRIBES,TOTAL,MEDIUM,0,0,0,0,0,0
2015-16,ASSAM,DIMA HASAO (N. C. HILLS),SCHEDULED TRIBES,TOTAL,LARGE,0,0,0,0,0,0
2015-16,ASSAM,DIMA HASAO (N. C. HILLS),SCHEDULED TRIBES,TOTAL,ALL CLASSES,16919,11824,0,0,16919,11824
2015-16,ASSAM,DIMA HASAO (N. C. HILLS),OTHERS,TOTAL,MARGINAL,709,349,0,0,709,349
2015-16,ASSAM,DIMA HASAO (N. C. HILLS),OTHERS,TOTAL,SMALL,26,35,0,0,26,35
2015-16,ASSAM,DIMA HASAO (N. C. HILLS),OTHERS,TOTAL,SEMIMEDIUM,0,0,0,0,0,0
2015-16,ASSAM,DIMA HASAO (N. C. HILLS),OTHERS,TOTAL,MEDIUM,0,0,0,0,0,0
2015-16,ASSAM,DIMA HASAO (N. C. HILLS),OTHERS,TOTAL,LARGE,0,0,0,0,0,0
2015-16,ASSAM,DIMA HASAO (N. C. HILLS),OTHERS,TOTAL,ALL CLASSES,735,385,0,0,735,385
2015-16,ASSAM,DIMA HASAO (N. C. HILLS),INSTITUTIONAL,TOTAL,MARGINAL,0,0,0,0,2,1
2015-16,ASSAM,DIMA HASAO (N. C. HILLS),INSTITUTIONAL,TOTAL,SMALL,0,0,0,0,30,57
2015-16,ASSAM,DIMA HASAO (N. C. HILLS),INSTITUTIONAL,TOTAL,SEMIMEDIUM,0,0,0,0,0,0
2015-16,ASSAM,DIMA HASAO (N. C. HILLS),INSTITUTIONAL,TOTAL,MEDIUM,0,0,0,0,0,0
2015-16,ASSAM,DIMA HASAO (N. C. HILLS),INSTITUTIONAL,TOTAL,LARGE,0,0,0,0,0,0
2015-16,ASSAM,DIMA HASAO (N. C. HILLS),INSTITUTIONAL,TOTAL,ALL CLASSES,0,0,0,0,32,58
2015-16,ASSAM,GOALPARA,SCHEDULED CASTE,TOTAL,MARGINAL,3403,1513,0,0,3403,1513
2015-16,ASSAM,GOALPARA,SCHEDULED CASTE,TOTAL,SMALL,991,1300,0,0,991,1300
2015-16,ASSAM,GOALPARA,SCHEDULED CASTE,TOTAL,SEMIMEDIUM,460,1213,0,0,460,1213
2015-16,ASSAM,GOALPARA,SCHEDULED CASTE,TOTAL,MEDIUM,86,471,0,0,86,471
2015-16,ASSAM,GOALPARA,SCHEDULED CASTE,TOTAL,LARGE,0,0,0,0,0,0
2015-16,ASSAM,GOALPARA,SCHEDULED CASTE,TOTAL,ALL CLASSES,4940,4496,0,0,4940,4496
2015-16,ASSAM,GOALPARA,SCHEDULED TRIBES,TOTAL,MARGINAL,11555,5013,9,8,11564,5021
2015-16,ASSAM,GOALPARA,SCHEDULED TRIBES,TOTAL,SMALL,6949,8934,30,42,6979,8976
2015-16,ASSAM,GOALPARA,SCHEDULED TRIBES,TOTAL,SEMIMEDIUM,3603,9512,18,52,3621,9563
2015-16,ASSAM,GOALPARA,SCHEDULED TRIBES,TOTAL,MEDIUM,469,2341,2,9,471,2351
2015-16,ASSAM,GOALPARA,SCHEDULED TRIBES,TOTAL,LARGE,1,11,0,0,1,11
2015-16,ASSAM,GOALPARA,SCHEDULED TRIBES,TOTAL,ALL CLASSES,22577,25810,59,111,22636,25922
2015-16,ASSAM,GOALPARA,OTHERS,TOTAL,MARGINAL,46134,16805,155,106,46289,16911
2015-16,ASSAM,GOALPARA,OTHERS,TOTAL,SMALL,12162,15554,240,357,12402,15911
2015-16,ASSAM,GOALPARA,OTHERS,TOTAL,SEMIMEDIUM,4788,11760,350,992,5138,12752
2015-16,ASSAM,GOALPARA,OTHERS,TOTAL,MEDIUM,1055,5358,109,613,1164,5971
2015-16,ASSAM,GOALPARA,OTHERS,TOTAL,LARGE,8,203,9,98,17,301
2015-16,ASSAM,GOALPARA,OTHERS,TOTAL,ALL CLASSES,64147,49679,863,2167,65010,51846
2015-16,ASSAM,GOALPARA,INSTITUTIONAL,TOTAL,MARGINAL,0,0,0,0,12,6
2015-16,ASSAM,GOALPARA,INSTITUTIONAL,TOTAL,SMALL,0,0,0,0,8,13
2015-16,ASSAM,GOALPARA,INSTITUTIONAL,TOTAL,SEMIMEDIUM,0,0,0,0,8,20
2015-16,ASSAM,GOALPARA,INSTITUTIONAL,TOTAL,MEDIUM,0,0,0,0,1,4
2015-16,ASSAM,GOALPARA,INSTITUTIONAL,TOTAL,LARGE,0,0,0,0,2,407
2015-16,ASSAM,GOALPARA,INSTITUTIONAL,TOTAL,ALL CLASSES,0,0,0,0,31,449
2015-16,ASSAM,GOLAGHAT,SCHEDULED CASTE,TOTAL,MARGINAL,2006,870,0,0,2006,870
2015-16,ASSAM,GOLAGHAT,SCHEDULED CASTE,TOTAL,SMALL,1059,1387,0,0,1059,1387
2015-16,ASSAM,GOLAGHAT,SCHEDULED CASTE,TOTAL,SEMIMEDIUM,1340,3733,0,0,1340,3733
2015-16,ASSAM,GOLAGHAT,SCHEDULED CASTE,TOTAL,MEDIUM,142,733,1,5,143,738
2015-16,ASSAM,GOLAGHAT,SCHEDULED CASTE,TOTAL,LARGE,8,92,1,14,9,106
2015-16,ASSAM,GOLAGHAT,SCHEDULED CASTE,TOTAL,ALL CLASSES,4555,6814,2,19,4557,6832
2015-16,ASSAM,GOLAGHAT,SCHEDULED TRIBES,TOTAL,MARGINAL,2362,1163,0,0,2362,1163
2015-16,ASSAM,GOLAGHAT,SCHEDULED TRIBES,TOTAL,SMALL,1924,2792,1,2,1925,2793
2015-16,ASSAM,GOLAGHAT,SCHEDULED TRIBES,TOTAL,SEMIMEDIUM,1181,3405,0,0,1181,3405
2015-16,ASSAM,GOLAGHAT,SCHEDULED TRIBES,TOTAL,MEDIUM,372,2074,0,0,372,2074
2015-16,ASSAM,GOLAGHAT,SCHEDULED TRIBES,TOTAL,LARGE,10,133,1,17,11,151
2015-16,ASSAM,GOLAGHAT,SCHEDULED TRIBES,TOTAL,ALL CLASSES,5849,9568,2,19,5851,9587
2015-16,ASSAM,GOLAGHAT,OTHERS,TOTAL,MARGINAL,75257,26223,5,3,75262,26226
2015-16,ASSAM,GOLAGHAT,OTHERS,TOTAL,SMALL,10801,16030,4,7,10805,16036
2015-16,ASSAM,GOLAGHAT,OTHERS,TOTAL,SEMIMEDIUM,10922,29620,23,71,10945,29691
2015-16,ASSAM,GOLAGHAT,OTHERS,TOTAL,MEDIUM,4349,22997,27,173,4376,23169
2015-16,ASSAM,GOLAGHAT,OTHERS,TOTAL,LARGE,202,2909,4,98,206,3008
2015-16,ASSAM,GOLAGHAT,OTHERS,TOTAL,ALL CLASSES,101531,97779,63,351,101594,98130
2015-16,ASSAM,GOLAGHAT,INSTITUTIONAL,TOTAL,MARGINAL,0,0,0,0,30,14
2015-16,ASSAM,GOLAGHAT,INSTITUTIONAL,TOTAL,SMALL,0,0,0,0,17,25
2015-16,ASSAM,GOLAGHAT,INSTITUTIONAL,TOTAL,SEMIMEDIUM,0,0,0,0,21,64
2015-16,ASSAM,GOLAGHAT,INSTITUTIONAL,TOTAL,MEDIUM,0,0,0,0,21,139
2015-16,ASSAM,GOLAGHAT,INSTITUTIONAL,TOTAL,LARGE,0,0,0,0,193,25507
2015-16,ASSAM,GOLAGHAT,INSTITUTIONAL,TOTAL,ALL CLASSES,0,0,0,0,282,25748
2015-16,ASSAM,HAILAKANDI,SCHEDULED CASTE,TOTAL,MARGINAL,1987,808,0,0,1987,808
2015-16,ASSAM,HAILAKANDI,SCHEDULED CASTE,TOTAL,SMALL,1645,2278,0,0,1645,2278
2015-16,ASSAM,HAILAKANDI,SCHEDULED CASTE,TOTAL,SEMIMEDIUM,364,886,0,0,364,886
2015-16,ASSAM,HAILAKANDI,SCHEDULED CASTE,TOTAL,MEDIUM,4,17,0,0,4,17
2015-16,ASSAM,HAILAKANDI,SCHEDULED CASTE,TOTAL,LARGE,0,0,0,0,0,0
2015-16,ASSAM,HAILAKANDI,SCHEDULED CASTE,TOTAL,ALL CLASSES,4000,3989,0,0,4000,3989
2015-16,ASSAM,HAILAKANDI,SCHEDULED TRIBES,TOTAL,MARGINAL,109,70,0,0,109,70
2015-16,ASSAM,HAILAKANDI,SCHEDULED TRIBES,TOTAL,SMALL,197,319,0,0,197,319
2015-16,ASSAM,HAILAKANDI,SCHEDULED TRIBES,TOTAL,SEMIMEDIUM,81,239,0,0,81,239
2015-16,ASSAM,HAILAKANDI,SCHEDULED TRIBES,TOTAL,MEDIUM,41,253,0,0,41,253
2015-16,ASSAM,HAILAKANDI,SCHEDULED TRIBES,TOTAL,LARGE,0,0,0,0,0,0
2015-16,ASSAM,HAILAKANDI,SCHEDULED TRIBES,TOTAL,ALL CLASSES,428,879,0,0,428,879
2015-16,ASSAM,HAILAKANDI,OTHERS,TOTAL,MARGINAL,42951,18035,5,1,42956,18036
2015-16,ASSAM,HAILAKANDI,OTHERS,TOTAL,SMALL,14825,20879,0,0,14825,20879
2015-16,ASSAM,HAILAKANDI,OTHERS,TOTAL,SEMIMEDIUM,6374,16678,0,0,6374,16678
2015-16,ASSAM,HAILAKANDI,OTHERS,TOTAL,MEDIUM,168,844,2,15,170,858
2015-16,ASSAM,HAILAKANDI,OTHERS,TOTAL,LARGE,8,131,0,0,8,131
2015-16,ASSAM,HAILAKANDI,OTHERS,TOTAL,ALL CLASSES,64326,56567,7,16,64333,56583
2015-16,ASSAM,HAILAKANDI,INSTITUTIONAL,TOTAL,MARGINAL,0,0,0,0,0,0
2015-16,ASSAM,HAILAKANDI,INSTITUTIONAL,TOTAL,SMALL,0,0,0,0,3,4
2015-16,ASSAM,HAILAKANDI,INSTITUTIONAL,TOTAL,SEMIMEDIUM,0,0,0,0,3,7
2015-16,ASSAM,HAILAKANDI,INSTITUTIONAL,TOTAL,MEDIUM,0,0,0,0,1,7
2015-16,ASSAM,HAILAKANDI,INSTITUTIONAL,TOTAL,LARGE,0,0,0,0,18,12134
2015-16,ASSAM,HAILAKANDI,INSTITUTIONAL,TOTAL,ALL CLASSES,0,0,0,0,25,12152
2015-16,ASSAM,JORHAT,SCHEDULED CASTE,TOTAL,MARGINAL,3023,1343,10,5,3033,1350
2015-16,ASSAM,JORHAT,SCHEDULED CASTE,TOTAL,SMALL,2046,2572,8,10,2054,2583
2015-16,ASSAM,JORHAT,SCHEDULED CASTE,TOTAL,SEMIMEDIUM,448,1165,10,26,458,1191
2015-16,ASSAM,JORHAT,SCHEDULED CASTE,TOTAL,MEDIUM,113,590,5,27,118,617
2015-16,ASSAM,JORHAT,SCHEDULED CASTE,TOTAL,LARGE,3,39,1,11,4,50
2015-16,ASSAM,JORHAT,SCHEDULED CASTE,TOTAL,ALL CLASSES,5633,5710,34,80,5667,5789
2015-16,ASSAM,JORHAT,SCHEDULED TRIBES,TOTAL,MARGINAL,5127,2060,14,7,5141,2067
2015-16,ASSAM,JORHAT,SCHEDULED TRIBES,TOTAL,SMALL,2429,3494,18,26,2447,3520
2015-16,ASSAM,JORHAT,SCHEDULED TRIBES,TOTAL,SEMIMEDIUM,2014,5577,15,38,2029,5615
2015-16,ASSAM,JORHAT,SCHEDULED TRIBES,TOTAL,MEDIUM,612,3150,11,61,623,3211
2015-16,ASSAM,JORHAT,SCHEDULED TRIBES,TOTAL,LARGE,13,155,1,12,14,167
2015-16,ASSAM,JORHAT,SCHEDULED TRIBES,TOTAL,ALL CLASSES,10195,14436,59,145,10254,14581
2015-16,ASSAM,JORHAT,OTHERS,TOTAL,MARGINAL,53254,20871,233,115,53487,20986
2015-16,ASSAM,JORHAT,OTHERS,TOTAL,SMALL,19626,24651,220,323,19846,24974
2015-16,ASSAM,JORHAT,OTHERS,TOTAL,SEMIMEDIUM,12124,30867,182,515,12306,31382
2015-16,ASSAM,JORHAT,OTHERS,TOTAL,MEDIUM,2503,12489,85,451,2588,12940
2015-16,ASSAM,JORHAT,OTHERS,TOTAL,LARGE,61,1505,12,964,73,2469
2015-16,ASSAM,JORHAT,OTHERS,TOTAL,ALL CLASSES,87568,90381,732,2368,88300,92750
2015-16,ASSAM,JORHAT,INSTITUTIONAL,TOTAL,MARGINAL,0,0,0,0,145,54
2015-16,ASSAM,JORHAT,INSTITUTIONAL,TOTAL,SMALL,0,0,0,0,56,77
2015-16,ASSAM,JORHAT,INSTITUTIONAL,TOTAL,SEMIMEDIUM,0,0,0,0,27,84
2015-16,ASSAM,JORHAT,INSTITUTIONAL,TOTAL,MEDIUM,0,0,0,0,58,408
2015-16,ASSAM,JORHAT,INSTITUTIONAL,TOTAL,LARGE,0,0,0,0,242,27742
2015-16,ASSAM,JORHAT,INSTITUTIONAL,TOTAL,ALL CLASSES,0,0,0,0,528,28363
2015-16,ASSAM,KAMRUP (METRO),SCHEDULED CASTE,TOTAL,MARGINAL,647,276,121,77,768,352
2015-16,ASSAM,KAMRUP (METRO),SCHEDULED CASTE,TOTAL,SMALL,137,198,111,177,248,376
2015-16,ASSAM,KAMRUP (METRO),SCHEDULED CASTE,TOTAL,SEMIMEDIUM,73,204,120,344,193,547
2015-16,ASSAM,KAMRUP (METRO),SCHEDULED CASTE,TOTAL,MEDIUM,26,137,67,387,93,525
2015-16,ASSAM,KAMRUP (METRO),SCHEDULED CASTE,TOTAL,LARGE,5,59,0,0,5,59
2015-16,ASSAM,KAMRUP (METRO),SCHEDULED CASTE,TOTAL,ALL CLASSES,888,874,419,985,1307,1858
2015-16,ASSAM,KAMRUP (METRO),SCHEDULED TRIBES,TOTAL,MARGINAL,7807,3122,543,324,8350,3446
2015-16,ASSAM,KAMRUP (METRO),SCHEDULED TRIBES,TOTAL,SMALL,1750,2143,593,960,2343,3102
2015-16,ASSAM,KAMRUP (METRO),SCHEDULED TRIBES,TOTAL,SEMIMEDIUM,484,1317,506,1361,990,2679
2015-16,ASSAM,KAMRUP (METRO),SCHEDULED TRIBES,TOTAL,MEDIUM,217,1209,241,1362,458,2570
2015-16,ASSAM,KAMRUP (METRO),SCHEDULED TRIBES,TOTAL,LARGE,30,368,34,542,64,909
2015-16,ASSAM,KAMRUP (METRO),SCHEDULED TRIBES,TOTAL,ALL CLASSES,10288,8157,1917,4550,12205,12707
2015-16,ASSAM,KAMRUP (METRO),OTHERS,TOTAL,MARGINAL,10198,4530,391,207,10589,4735
2015-16,ASSAM,KAMRUP (METRO),OTHERS,TOTAL,SMALL,4130,5471,163,222,4293,5693
2015-16,ASSAM,KAMRUP (METRO),OTHERS,TOTAL,SEMIMEDIUM,971,2639,74,209,1045,2847
2015-16,ASSAM,KAMRUP (METRO),OTHERS,TOTAL,MEDIUM,184,928,25,131,209,1059
2015-16,ASSAM,KAMRUP (METRO),OTHERS,TOTAL,LARGE,13,205,1,15,14,219
2015-16,ASSAM,KAMRUP (METRO),OTHERS,TOTAL,ALL CLASSES,15496,13772,654,782,16150,14554
2015-16,ASSAM,KAMRUP (METRO),INSTITUTIONAL,TOTAL,MARGINAL,0,0,0,0,13,8
2015-16,ASSAM,KAMRUP (METRO),INSTITUTIONAL,TOTAL,SMALL,0,0,0,0,0,0
2015-16,ASSAM,KAMRUP (METRO),INSTITUTIONAL,TOTAL,SEMIMEDIUM,0,0,0,0,5,13
2015-16,ASSAM,KAMRUP (METRO),INSTITUTIONAL,TOTAL,MEDIUM,0,0,0,0,5,27
2015-16,ASSAM,KAMRUP (METRO),INSTITUTIONAL,TOTAL,LARGE,0,0,0,0,9,4387
2015-16,ASSAM,KAMRUP (METRO),INSTITUTIONAL,TOTAL,ALL CLASSES,0,0,0,0,32,4434
2015-16,ASSAM,KAMRUP (RURAL),SCHEDULED CASTE,TOTAL,MARGINAL,4348,2267,0,0,4348,2267
2015-16,ASSAM,KAMRUP (RURAL),SCHEDULED CASTE,TOTAL,SMALL,1737,2604,0,0,1737,2604
2015-16,ASSAM,KAMRUP (RURAL),SCHEDULED CASTE,TOTAL,SEMIMEDIUM,762,2105,0,0,762,2105
2015-16,ASSAM,KAMRUP (RURAL),SCHEDULED CASTE,TOTAL,MEDIUM,180,1016,0,0,180,1016
2015-16,ASSAM,KAMRUP (RURAL),SCHEDULED CASTE,TOTAL,LARGE,1,11,0,0,1,11
2015-16,ASSAM,KAMRUP (RURAL),SCHEDULED CASTE,TOTAL,ALL CLASSES,7028,8002,0,0,7028,8002
2015-16,ASSAM,KAMRUP (RURAL),SCHEDULED TRIBES,TOTAL,MARGINAL,8912,4138,0,0,8912,4138
2015-16,ASSAM,KAMRUP (RURAL),SCHEDULED TRIBES,TOTAL,SMALL,5137,7128,0,0,5137,7128
2015-16,ASSAM,KAMRUP (RURAL),SCHEDULED TRIBES,TOTAL,SEMIMEDIUM,3550,9396,0,0,3550,9396
2015-16,ASSAM,KAMRUP (RURAL),SCHEDULED TRIBES,TOTAL,MEDIUM,294,1544,0,0,294,1544
2015-16,ASSAM,KAMRUP (RURAL),SCHEDULED TRIBES,TOTAL,LARGE,0,0,0,0,0,0
2015-16,ASSAM,KAMRUP (RURAL),SCHEDULED TRIBES,TOTAL,ALL CLASSES,17893,22206,0,0,17893,22206
2015-16,ASSAM,KAMRUP (RURAL),OTHERS,TOTAL,MARGINAL,114573,53532,0,0,114573,53532
2015-16,ASSAM,KAMRUP (RURAL),OTHERS,TOTAL,SMALL,25500,35681,0,0,25500,35681
2015-16,ASSAM,KAMRUP (RURAL),OTHERS,TOTAL,SEMIMEDIUM,14995,40534,0,0,14995,40534
2015-16,ASSAM,KAMRUP (RURAL),OTHERS,TOTAL,MEDIUM,2797,13906,0,0,2797,13906
2015-16,ASSAM,KAMRUP (RURAL),OTHERS,TOTAL,LARGE,12,388,0,0,12,388
2015-16,ASSAM,KAMRUP (RURAL),OTHERS,TOTAL,ALL CLASSES,157877,144041,0,0,157877,144041
2015-16,ASSAM,KAMRUP (RURAL),INSTITUTIONAL,TOTAL,MARGINAL,0,0,0,0,217,97
2015-16,ASSAM,KAMRUP (RURAL),INSTITUTIONAL,TOTAL,SMALL,0,0,0,0,55,88
2015-16,ASSAM,KAMRUP (RURAL),INSTITUTIONAL,TOTAL,SEMIMEDIUM,0,0,0,0,47,127
2015-16,ASSAM,KAMRUP (RURAL),INSTITUTIONAL,TOTAL,MEDIUM,0,0,0,0,20,114
2015-16,ASSAM,KAMRUP (RURAL),INSTITUTIONAL,TOTAL,LARGE,0,0,0,0,16,814
2015-16,ASSAM,KAMRUP (RURAL),INSTITUTIONAL,TOTAL,ALL CLASSES,0,0,0,0,355,1240
2015-16,ASSAM,KARBI-ANGLONG,SCHEDULED CASTE,TOTAL,MARGINAL,1731,871,0,0,1731,871
2015-16,ASSAM,KARBI-ANGLONG,SCHEDULED CASTE,TOTAL,SMALL,876,1154,0,0,876,1154
2015-16,ASSAM,KARBI-ANGLONG,SCHEDULED CASTE,TOTAL,SEMIMEDIUM,281,817,0,0,281,817
2015-16,ASSAM,KARBI-ANGLONG,SCHEDULED CASTE,TOTAL,MEDIUM,11,50,0,0,11,50
2015-16,ASSAM,KARBI-ANGLONG,SCHEDULED CASTE,TOTAL,LARGE,0,0,0,0,0,0
2015-16,ASSAM,KARBI-ANGLONG,SCHEDULED CASTE,TOTAL,ALL CLASSES,2899,2891,0,0,2899,2891
2015-16,ASSAM,KARBI-ANGLONG,SCHEDULED TRIBES,TOTAL,MARGINAL,30734,15457,0,0,30734,15457
2015-16,ASSAM,KARBI-ANGLONG,SCHEDULED TRIBES,TOTAL,SMALL,17053,24632,0,0,17053,24632
2015-16,ASSAM,KARBI-ANGLONG,SCHEDULED TRIBES,TOTAL,SEMIMEDIUM,8560,23318,0,0,8560,23318
2015-16,ASSAM,KARBI-ANGLONG,SCHEDULED TRIBES,TOTAL,MEDIUM,843,4276,0,0,843,4276
2015-16,ASSAM,KARBI-ANGLONG,SCHEDULED TRIBES,TOTAL,LARGE,9,105,0,0,9,105
2015-16,ASSAM,KARBI-ANGLONG,SCHEDULED TRIBES,TOTAL,ALL CLASSES,57199,67788,0,0,57199,67788
2015-16,ASSAM,KARBI-ANGLONG,OTHERS,TOTAL,MARGINAL,8084,3605,0,0,8084,3605
2015-16,ASSAM,KARBI-ANGLONG,OTHERS,TOTAL,SMALL,2776,3698,0,0,2776,3698
2015-16,ASSAM,KARBI-ANGLONG,OTHERS,TOTAL,SEMIMEDIUM,859,2194,0,0,859,2194
2015-16,ASSAM,KARBI-ANGLONG,OTHERS,TOTAL,MEDIUM,39,203,0,0,39,203
2015-16,ASSAM,KARBI-ANGLONG,OTHERS,TOTAL,LARGE,5,60,0,0,5,60
2015-16,ASSAM,KARBI-ANGLONG,OTHERS,TOTAL,ALL CLASSES,11763,9759,0,0,11763,9759
2015-16,ASSAM,KARBI-ANGLONG,INSTITUTIONAL,TOTAL,MARGINAL,0,0,0,0,1,0
2015-16,ASSAM,KARBI-ANGLONG,INSTITUTIONAL,TOTAL,SMALL,0,0,0,0,0,0
2015-16,ASSAM,KARBI-ANGLONG,INSTITUTIONAL,TOTAL,SEMIMEDIUM,0,0,0,0,5,13
2015-16,ASSAM,KARBI-ANGLONG,INSTITUTIONAL,TOTAL,MEDIUM,0,0,0,0,0,0
2015-16,ASSAM,KARBI-ANGLONG,INSTITUTIONAL,TOTAL,LARGE,0,0,0,0,0,0
2015-16,ASSAM,KARBI-ANGLONG,INSTITUTIONAL,TOTAL,ALL CLASSES,0,0,0,0,6,14
2015-16,ASSAM,KARIMGANJ,SCHEDULED CASTE,TOTAL,MARGINAL,1230,704,18,10,1248,712
2015-16,ASSAM,KARIMGANJ,SCHEDULED CASTE,TOTAL,SMALL,1145,1811,10,15,1155,1827
2015-16,ASSAM,KARIMGANJ,SCHEDULED CASTE,TOTAL,SEMIMEDIUM,1067,3016,22,55,1089,3071
2015-16,ASSAM,KARIMGANJ,SCHEDULED CASTE,TOTAL,MEDIUM,305,1583,5,23,310,1607
2015-16,ASSAM,KARIMGANJ,SCHEDULED CASTE,TOTAL,LARGE,5,75,0,0,5,75
2015-16,ASSAM,KARIMGANJ,SCHEDULED CASTE,TOTAL,ALL CLASSES,3752,7189,55,103,3807,7293
2015-16,ASSAM,KARIMGANJ,SCHEDULED TRIBES,TOTAL,MARGINAL,98,68,0,0,98,68
2015-16,ASSAM,KARIMGANJ,SCHEDULED TRIBES,TOTAL,SMALL,15,21,0,0,15,21
2015-16,ASSAM,KARIMGANJ,SCHEDULED TRIBES,TOTAL,SEMIMEDIUM,17,54,1,3,18,57
2015-16,ASSAM,KARIMGANJ,SCHEDULED TRIBES,TOTAL,MEDIUM,18,95,0,0,18,95
2015-16,ASSAM,KARIMGANJ,SCHEDULED TRIBES,TOTAL,LARGE,5,95,3,52,8,148
2015-16,ASSAM,KARIMGANJ,SCHEDULED TRIBES,TOTAL,ALL CLASSES,153,333,4,55,157,388
2015-16,ASSAM,KARIMGANJ,OTHERS,TOTAL,MARGINAL,31506,15018,27,17,31533,15035
2015-16,ASSAM,KARIMGANJ,OTHERS,TOTAL,SMALL,8079,11668,157,225,8236,11893
2015-16,ASSAM,KARIMGANJ,OTHERS,TOTAL,SEMIMEDIUM,6210,17827,257,716,6467,18543
2015-16,ASSAM,KARIMGANJ,OTHERS,TOTAL,MEDIUM,2179,11218,86,534,2265,11752
2015-16,ASSAM,KARIMGANJ,OTHERS,TOTAL,LARGE,22,368,22,329,44,697
2015-16,ASSAM,KARIMGANJ,OTHERS,TOTAL,ALL CLASSES,47996,56097,549,1822,48545,57919
2015-16,ASSAM,KARIMGANJ,INSTITUTIONAL,TOTAL,MARGINAL,0,0,0,0,42,12
2015-16,ASSAM,KARIMGANJ,INSTITUTIONAL,TOTAL,SMALL,0,0,0,0,15,22
2015-16,ASSAM,KARIMGANJ,INSTITUTIONAL,TOTAL,SEMIMEDIUM,0,0,0,0,8,21
2015-16,ASSAM,KARIMGANJ,INSTITUTIONAL,TOTAL,MEDIUM,0,0,0,0,18,117
2015-16,ASSAM,KARIMGANJ,INSTITUTIONAL,TOTAL,LARGE,0,0,0,0,122,17116
2015-16,ASSAM,KARIMGANJ,INSTITUTIONAL,TOTAL,ALL CLASSES,0,0,0,0,205,17287
2015-16,ASSAM,KOKRAJHAR,SCHEDULED CASTE,TOTAL,MARGINAL,707,377,0,0,707,377
2015-16,ASSAM,KOKRAJHAR,SCHEDULED CASTE,TOTAL,SMALL,213,276,1,1,214,277
2015-16,ASSAM,KOKRAJHAR,SCHEDULED CASTE,TOTAL,SEMIMEDIUM,173,453,3,8,176,461
2015-16,ASSAM,KOKRAJHAR,SCHEDULED CASTE,TOTAL,MEDIUM,31,144,1,4,32,148
2015-16,ASSAM,KOKRAJHAR,SCHEDULED CASTE,TOTAL,LARGE,0,0,0,0,0,0
2015-16,ASSAM,KOKRAJHAR,SCHEDULED CASTE,TOTAL,ALL CLASSES,1124,1250,5,14,1129,1264
2015-16,ASSAM,KOKRAJHAR,SCHEDULED TRIBES,TOTAL,MARGINAL,37080,13175,0,0,37080,13175
2015-16,ASSAM,KOKRAJHAR,SCHEDULED TRIBES,TOTAL,SMALL,6024,7941,0,0,6024,7941
2015-16,ASSAM,KOKRAJHAR,SCHEDULED TRIBES,TOTAL,SEMIMEDIUM,5167,13702,2,7,5169,13709
2015-16,ASSAM,KOKRAJHAR,SCHEDULED TRIBES,TOTAL,MEDIUM,1150,5696,2,12,1152,5708
2015-16,ASSAM,KOKRAJHAR,SCHEDULED TRIBES,TOTAL,LARGE,9,95,0,0,9,95
2015-16,ASSAM,KOKRAJHAR,SCHEDULED TRIBES,TOTAL,ALL CLASSES,49430,40608,4,19,49434,40628
2015-16,ASSAM,KOKRAJHAR,OTHERS,TOTAL,MARGINAL,67230,21121,0,0,67230,21121
2015-16,ASSAM,KOKRAJHAR,OTHERS,TOTAL,SMALL,6520,9097,3,5,6523,9102
2015-16,ASSAM,KOKRAJHAR,OTHERS,TOTAL,SEMIMEDIUM,4725,12330,11,32,4736,12363
2015-16,ASSAM,KOKRAJHAR,OTHERS,TOTAL,MEDIUM,1486,7260,5,32,1491,7293
2015-16,ASSAM,KOKRAJHAR,OTHERS,TOTAL,LARGE,6,160,3,40,9,200
2015-16,ASSAM,KOKRAJHAR,OTHERS,TOTAL,ALL CLASSES,79967,49969,22,110,79989,50079
2015-16,ASSAM,KOKRAJHAR,INSTITUTIONAL,TOTAL,MARGINAL,0,0,0,0,11,7
2015-16,ASSAM,KOKRAJHAR,INSTITUTIONAL,TOTAL,SMALL,0,0,0,0,3,5
2015-16,ASSAM,KOKRAJHAR,INSTITUTIONAL,TOTAL,SEMIMEDIUM,0,0,0,0,2,7
2015-16,ASSAM,KOKRAJHAR,INSTITUTIONAL,TOTAL,MEDIUM,0,0,0,0,3,24
2015-16,ASSAM,KOKRAJHAR,INSTITUTIONAL,TOTAL,LARGE,0,0,0,0,7,1354
2015-16,ASSAM,KOKRAJHAR,INSTITUTIONAL,TOTAL,ALL CLASSES,0,0,0,0,26,1396
2015-16,ASSAM,LAKHIMPUR,SCHEDULED CASTE,TOTAL,MARGINAL,4395,2085,0,0,4395,2085
2015-16,ASSAM,LAKHIMPUR,SCHEDULED CASTE,TOTAL,SMALL,1209,1781,1,2,1210,1782
2015-16,ASSAM,LAKHIMPUR,SCHEDULED CASTE,TOTAL,SEMIMEDIUM,724,2000,3,9,727,2009
2015-16,ASSAM,LAKHIMPUR,SCHEDULED CASTE,TOTAL,MEDIUM,153,800,3,17,156,817
2015-16,ASSAM,LAKHIMPUR,SCHEDULED CASTE,TOTAL,LARGE,4,46,0,0,4,46
2015-16,ASSAM,LAKHIMPUR,SCHEDULED CASTE,TOTAL,ALL CLASSES,6485,6712,7,27,6492,6739
2015-16,ASSAM,LAKHIMPUR,SCHEDULED TRIBES,TOTAL,MARGINAL,5222,2762,1,1,5223,2762
2015-16,ASSAM,LAKHIMPUR,SCHEDULED TRIBES,TOTAL,SMALL,5107,7531,0,0,5107,7531
2015-16,ASSAM,LAKHIMPUR,SCHEDULED TRIBES,TOTAL,SEMIMEDIUM,4431,12212,3,10,4434,12222
2015-16,ASSAM,LAKHIMPUR,SCHEDULED TRIBES,TOTAL,MEDIUM,1565,7981,7,47,1572,8028
2015-16,ASSAM,LAKHIMPUR,SCHEDULED TRIBES,TOTAL,LARGE,26,443,0,0,26,443
2015-16,ASSAM,LAKHIMPUR,SCHEDULED TRIBES,TOTAL,ALL CLASSES,16351,30929,11,58,16362,30987
2015-16,ASSAM,LAKHIMPUR,OTHERS,TOTAL,MARGINAL,50713,19389,0,0,50713,19389
2015-16,ASSAM,LAKHIMPUR,OTHERS,TOTAL,SMALL,13229,18474,0,0,13229,18474
2015-16,ASSAM,LAKHIMPUR,OTHERS,TOTAL,SEMIMEDIUM,4776,13131,4,13,4780,13143
2015-16,ASSAM,LAKHIMPUR,OTHERS,TOTAL,MEDIUM,2157,11201,5,27,2162,11228
2015-16,ASSAM,LAKHIMPUR,OTHERS,TOTAL,LARGE,49,708,0,0,49,708
2015-16,ASSAM,LAKHIMPUR,OTHERS,TOTAL,ALL CLASSES,70924,62903,9,40,70933,62943
2015-16,ASSAM,LAKHIMPUR,INSTITUTIONAL,TOTAL,MARGINAL,0,0,0,0,83,29
2015-16,ASSAM,LAKHIMPUR,INSTITUTIONAL,TOTAL,SMALL,0,0,0,0,14,18
2015-16,ASSAM,LAKHIMPUR,INSTITUTIONAL,TOTAL,SEMIMEDIUM,0,0,0,0,20,55
2015-16,ASSAM,LAKHIMPUR,INSTITUTIONAL,TOTAL,MEDIUM,0,0,0,0,27,179
2015-16,ASSAM,LAKHIMPUR,INSTITUTIONAL,TOTAL,LARGE,0,0,0,0,38,1102
2015-16,ASSAM,LAKHIMPUR,INSTITUTIONAL,TOTAL,ALL CLASSES,0,0,0,0,182,1382
2015-16,ASSAM,MORIGAON,SCHEDULED CASTE,TOTAL,MARGINAL,6300,3121,4,2,6304,3125
2015-16,ASSAM,MORIGAON,SCHEDULED CASTE,TOTAL,SMALL,2620,3806,5,7,2625,3813
2015-16,ASSAM,MORIGAON,SCHEDULED CASTE,TOTAL,SEMIMEDIUM,1704,4536,11,33,1715,4568
2015-16,ASSAM,MORIGAON,SCHEDULED CASTE,TOTAL,MEDIUM,391,1932,10,58,401,1990
2015-16,ASSAM,MORIGAON,SCHEDULED CASTE,TOTAL,LARGE,8,90,0,0,8,90
2015-16,ASSAM,MORIGAON,SCHEDULED CASTE,TOTAL,ALL CLASSES,11023,13486,30,101,11053,13587
2015-16,ASSAM,MORIGAON,SCHEDULED TRIBES,TOTAL,MARGINAL,6263,3533,9,6,6272,3540
2015-16,ASSAM,MORIGAON,SCHEDULED TRIBES,TOTAL,SMALL,5276,7768,11,18,5287,7786
2015-16,ASSAM,MORIGAON,SCHEDULED TRIBES,TOTAL,SEMIMEDIUM,3234,8889,19,58,3253,8947
2015-16,ASSAM,MORIGAON,SCHEDULED TRIBES,TOTAL,MEDIUM,581,2888,12,65,593,2955
2015-16,ASSAM,MORIGAON,SCHEDULED TRIBES,TOTAL,LARGE,2,21,1,11,3,32
2015-16,ASSAM,MORIGAON,SCHEDULED TRIBES,TOTAL,ALL CLASSES,15356,23100,52,158,15408,23259
2015-16,ASSAM,MORIGAON,OTHERS,TOTAL,MARGINAL,57734,18849,31,20,57765,18869
2015-16,ASSAM,MORIGAON,OTHERS,TOTAL,SMALL,11190,15428,30,41,11220,15470
2015-16,ASSAM,MORIGAON,OTHERS,TOTAL,SEMIMEDIUM,4726,11936,37,101,4763,12037
2015-16,ASSAM,MORIGAON,OTHERS,TOTAL,MEDIUM,1210,6025,30,156,1240,6181
2015-16,ASSAM,MORIGAON,OTHERS,TOTAL,LARGE,10,121,0,0,10,121
2015-16,ASSAM,MORIGAON,OTHERS,TOTAL,ALL CLASSES,74870,52358,128,320,74998,52677
2015-16,ASSAM,MORIGAON,INSTITUTIONAL,TOTAL,MARGINAL,0,0,0,0,133,53
2015-16,ASSAM,MORIGAON,INSTITUTIONAL,TOTAL,SMALL,0,0,0,0,34,48
2015-16,ASSAM,MORIGAON,INSTITUTIONAL,TOTAL,SEMIMEDIUM,0,0,0,0,21,66
2015-16,ASSAM,MORIGAON,INSTITUTIONAL,TOTAL,MEDIUM,0,0,0,0,7,47
2015-16,ASSAM,MORIGAON,INSTITUTIONAL,TOTAL,LARGE,0,0,0,0,14,677
2015-16,ASSAM,MORIGAON,INSTITUTIONAL,TOTAL,ALL CLASSES,0,0,0,0,209,891
2015-16,ASSAM,NAGAON,SCHEDULED CASTE,TOTAL,MARGINAL,16280,5847,9,8,16289,5855
2015-16,ASSAM,NAGAON,SCHEDULED CASTE,TOTAL,SMALL,3047,4639,22,36,3069,4676
2015-16,ASSAM,NAGAON,SCHEDULED CASTE,TOTAL,SEMIMEDIUM,2936,8514,38,107,2974,8622
2015-16,ASSAM,NAGAON,SCHEDULED CASTE,TOTAL,MEDIUM,881,4575,21,114,902,4689
2015-16,ASSAM,NAGAON,SCHEDULED CASTE,TOTAL,LARGE,1,12,0,0,1,12
2015-16,ASSAM,NAGAON,SCHEDULED CASTE,TOTAL,ALL CLASSES,23145,23588,90,265,23235,23853
2015-16,ASSAM,NAGAON,SCHEDULED TRIBES,TOTAL,MARGINAL,7503,3808,0,0,7503,3808
2015-16,ASSAM,NAGAON,SCHEDULED TRIBES,TOTAL,SMALL,2631,4006,4,7,2635,4013
2015-16,ASSAM,NAGAON,SCHEDULED TRIBES,TOTAL,SEMIMEDIUM,3170,8940,16,47,3186,8986
2015-16,ASSAM,NAGAON,SCHEDULED TRIBES,TOTAL,MEDIUM,854,4424,13,79,867,4503
2015-16,ASSAM,NAGAON,SCHEDULED TRIBES,TOTAL,LARGE,2,24,0,0,2,24
2015-16,ASSAM,NAGAON,SCHEDULED TRIBES,TOTAL,ALL CLASSES,14160,21202,33,132,14193,21334
2015-16,ASSAM,NAGAON,OTHERS,TOTAL,MARGINAL,141339,61667,26,19,141365,61686
2015-16,ASSAM,NAGAON,OTHERS,TOTAL,SMALL,27623,41240,101,182,27724,41423
2015-16,ASSAM,NAGAON,OTHERS,TOTAL,SEMIMEDIUM,18175,50215,88,265,18263,50479
2015-16,ASSAM,NAGAON,OTHERS,TOTAL,MEDIUM,6418,32480,36,197,6454,32677
2015-16,ASSAM,NAGAON,OTHERS,TOTAL,LARGE,27,406,0,0,27,406
2015-16,ASSAM,NAGAON,OTHERS,TOTAL,ALL CLASSES,193582,186008,251,662,193833,186670
2015-16,ASSAM,NAGAON,INSTITUTIONAL,TOTAL,MARGINAL,0,0,0,0,88,28
2015-16,ASSAM,NAGAON,INSTITUTIONAL,TOTAL,SMALL,0,0,0,0,10,15
2015-16,ASSAM,NAGAON,INSTITUTIONAL,TOTAL,SEMIMEDIUM,0,0,0,0,10,31
2015-16,ASSAM,NAGAON,INSTITUTIONAL,TOTAL,MEDIUM,0,0,0,0,19,128
2015-16,ASSAM,NAGAON,INSTITUTIONAL,TOTAL,LARGE,0,0,0,0,118,8095
2015-16,ASSAM,NAGAON,INSTITUTIONAL,TOTAL,ALL CLASSES,0,0,0,0,245,8297
2015-16,ASSAM,NALBARI,SCHEDULED CASTE,TOTAL,MARGINAL,1554,740,3,2,1557,743
2015-16,ASSAM,NALBARI,SCHEDULED CASTE,TOTAL,SMALL,417,579,9,13,426,592
2015-16,ASSAM,NALBARI,SCHEDULED CASTE,TOTAL,SEMIMEDIUM,486,1331,25,71,511,1401
2015-16,ASSAM,NALBARI,SCHEDULED CASTE,TOTAL,MEDIUM,163,842,15,78,178,920
2015-16,ASSAM,NALBARI,SCHEDULED CASTE,TOTAL,LARGE,2,23,1,12,3,35
2015-16,ASSAM,NALBARI,SCHEDULED CASTE,TOTAL,ALL CLASSES,2622,3515,53,176,2675,3691
2015-16,ASSAM,NALBARI,SCHEDULED TRIBES,TOTAL,MARGINAL,1732,907,1,1,1733,908
2015-16,ASSAM,NALBARI,SCHEDULED TRIBES,TOTAL,SMALL,438,647,11,18,449,665
2015-16,ASSAM,NALBARI,SCHEDULED TRIBES,TOTAL,SEMIMEDIUM,606,1763,31,97,637,1860
2015-16,ASSAM,NALBARI,SCHEDULED TRIBES,TOTAL,MEDIUM,173,929,28,149,201,1078
2015-16,ASSAM,NALBARI,SCHEDULED TRIBES,TOTAL,LARGE,0,0,0,0,0,0
2015-16,ASSAM,NALBARI,SCHEDULED TRIBES,TOTAL,ALL CLASSES,2949,4248,71,265,3020,4513
2015-16,ASSAM,NALBARI,OTHERS,TOTAL,MARGINAL,42079,17878,37,19,42116,17897
2015-16,ASSAM,NALBARI,OTHERS,TOTAL,SMALL,7610,9509,43,64,7653,9573
2015-16,ASSAM,NALBARI,OTHERS,TOTAL,SEMIMEDIUM,6268,17463,89,256,6357,17718
2015-16,ASSAM,NALBARI,OTHERS,TOTAL,MEDIUM,3056,15324,58,310,3114,15635
2015-16,ASSAM,NALBARI,OTHERS,TOTAL,LARGE,44,535,2,21,46,557
2015-16,ASSAM,NALBARI,OTHERS,TOTAL,ALL CLASSES,59057,60711,229,669,59286,61380
2015-16,ASSAM,NALBARI,INSTITUTIONAL,TOTAL,MARGINAL,0,0,0,0,9,3
2015-16,ASSAM,NALBARI,INSTITUTIONAL,TOTAL,SMALL,0,0,0,0,0,0
2015-16,ASSAM,NALBARI,INSTITUTIONAL,TOTAL,SEMIMEDIUM,0,0,0,0,0,0
2015-16,ASSAM,NALBARI,INSTITUTIONAL,TOTAL,MEDIUM,0,0,0,0,0,0
2015-16,ASSAM,NALBARI,INSTITUTIONAL,TOTAL,LARGE,0,0,0,0,0,0
2015-16,ASSAM,NALBARI,INSTITUTIONAL,TOTAL,ALL CLASSES,0,0,0,0,9,2
2015-16,ASSAM,ODALGURI,SCHEDULED CASTE,TOTAL,MARGINAL,1430,665,0,0,1430,665
2015-16,ASSAM,ODALGURI,SCHEDULED CASTE,TOTAL,SMALL,639,858,1,1,640,860
2015-16,ASSAM,ODALGURI,SCHEDULED CASTE,TOTAL,SEMIMEDIUM,278,763,2,5,280,768
2015-16,ASSAM,ODALGURI,SCHEDULED CASTE,TOTAL,MEDIUM,64,337,4,25,68,362
2015-16,ASSAM,ODALGURI,SCHEDULED CASTE,TOTAL,LARGE,2,23,0,0,2,23
2015-16,ASSAM,ODALGURI,SCHEDULED CASTE,TOTAL,ALL CLASSES,2413,2646,7,32,2420,2678
2015-16,ASSAM,ODALGURI,SCHEDULED TRIBES,TOTAL,MARGINAL,35505,12581,6,4,35511,12585
2015-16,ASSAM,ODALGURI,SCHEDULED TRIBES,TOTAL,SMALL,6441,8545,15,23,6456,8568
2015-16,ASSAM,ODALGURI,SCHEDULED TRIBES,TOTAL,SEMIMEDIUM,3421,9361,12,30,3433,9392
2015-16,ASSAM,ODALGURI,SCHEDULED TRIBES,TOTAL,MEDIUM,1498,7697,18,107,1516,7802
2015-16,ASSAM,ODALGURI,SCHEDULED TRIBES,TOTAL,LARGE,63,907,0,0,63,907
2015-16,ASSAM,ODALGURI,SCHEDULED TRIBES,TOTAL,ALL CLASSES,46928,39090,51,164,46979,39254
2015-16,ASSAM,ODALGURI,OTHERS,TOTAL,MARGINAL,39613,14947,36,17,39649,14964
2015-16,ASSAM,ODALGURI,OTHERS,TOTAL,SMALL,9711,13278,32,44,9743,13322
2015-16,ASSAM,ODALGURI,OTHERS,TOTAL,SEMIMEDIUM,5208,14167,24,59,5232,14225
2015-16,ASSAM,ODALGURI,OTHERS,TOTAL,MEDIUM,1875,10063,16,97,1891,10158
2015-16,ASSAM,ODALGURI,OTHERS,TOTAL,LARGE,91,1648,1,15,92,1663
2015-16,ASSAM,ODALGURI,OTHERS,TOTAL,ALL CLASSES,56498,54102,109,232,56607,54333
2015-16,ASSAM,ODALGURI,INSTITUTIONAL,TOTAL,MARGINAL,0,0,0,0,71,25
2015-16,ASSAM,ODALGURI,INSTITUTIONAL,TOTAL,SMALL,0,0,0,0,12,17
2015-16,ASSAM,ODALGURI,INSTITUTIONAL,TOTAL,SEMIMEDIUM,0,0,0,0,6,17
2015-16,ASSAM,ODALGURI,INSTITUTIONAL,TOTAL,MEDIUM,0,0,0,0,2,15
2015-16,ASSAM,ODALGURI,INSTITUTIONAL,TOTAL,LARGE,0,0,0,0,53,12550
2015-16,ASSAM,ODALGURI,INSTITUTIONAL,TOTAL,ALL CLASSES,0,0,0,0,144,12624
2015-16,ASSAM,SIVASAGAR,SCHEDULED CASTE,TOTAL,MARGINAL,1049,491,0,0,1049,491
2015-16,ASSAM,SIVASAGAR,SCHEDULED CASTE,TOTAL,SMALL,507,737,5,7,512,744
2015-16,ASSAM,SIVASAGAR,SCHEDULED CASTE,TOTAL,SEMIMEDIUM,288,762,9,23,297,785
2015-16,ASSAM,SIVASAGAR,SCHEDULED CASTE,TOTAL,MEDIUM,33,157,3,14,36,171
2015-16,ASSAM,SIVASAGAR,SCHEDULED CASTE,TOTAL,LARGE,0,0,0,0,0,0
2015-16,ASSAM,SIVASAGAR,SCHEDULED CASTE,TOTAL,ALL CLASSES,1877,2147,17,45,1894,2191
2015-16,ASSAM,SIVASAGAR,SCHEDULED TRIBES,TOTAL,MARGINAL,2122,1008,2,1,2124,1009
2015-16,ASSAM,SIVASAGAR,SCHEDULED TRIBES,TOTAL,SMALL,927,1303,4,5,931,1308
2015-16,ASSAM,SIVASAGAR,SCHEDULED TRIBES,TOTAL,SEMIMEDIUM,543,1477,10,26,553,1503
2015-16,ASSAM,SIVASAGAR,SCHEDULED TRIBES,TOTAL,MEDIUM,107,518,5,28,112,545
2015-16,ASSAM,SIVASAGAR,SCHEDULED TRIBES,TOTAL,LARGE,0,0,0,0,0,0
2015-16,ASSAM,SIVASAGAR,SCHEDULED TRIBES,TOTAL,ALL CLASSES,3699,4305,21,60,3720,4364
2015-16,ASSAM,SIVASAGAR,OTHERS,TOTAL,MARGINAL,52946,26573,9,6,52955,26579
2015-16,ASSAM,SIVASAGAR,OTHERS,TOTAL,SMALL,22678,31792,27,41,22705,31832
2015-16,ASSAM,SIVASAGAR,OTHERS,TOTAL,SEMIMEDIUM,14752,39953,48,139,14800,40091
2015-16,ASSAM,SIVASAGAR,OTHERS,TOTAL,MEDIUM,2399,12174,31,158,2430,12332
2015-16,ASSAM,SIVASAGAR,OTHERS,TOTAL,LARGE,21,357,1,13,22,371
2015-16,ASSAM,SIVASAGAR,OTHERS,TOTAL,ALL CLASSES,92796,110848,116,356,92912,111205
2015-16,ASSAM,SIVASAGAR,INSTITUTIONAL,TOTAL,MARGINAL,0,0,0,0,63,23
2015-16,ASSAM,SIVASAGAR,INSTITUTIONAL,TOTAL,SMALL,0,0,0,0,19,29
2015-16,ASSAM,SIVASAGAR,INSTITUTIONAL,TOTAL,SEMIMEDIUM,0,0,0,0,28,82
2015-16,ASSAM,SIVASAGAR,INSTITUTIONAL,TOTAL,MEDIUM,0,0,0,0,54,368
2015-16,ASSAM,SIVASAGAR,INSTITUTIONAL,TOTAL,LARGE,0,0,0,0,197,14728
2015-16,ASSAM,SIVASAGAR,INSTITUTIONAL,TOTAL,ALL CLASSES,0,0,0,0,361,15231
2015-16,ASSAM,SONITPUR,SCHEDULED CASTE,TOTAL,MARGINAL,8809,4203,4,2,8813,4205
2015-16,ASSAM,SONITPUR,SCHEDULED CASTE,TOTAL,SMALL,1865,2473,10,16,1875,2489
2015-16,ASSAM,SONITPUR,SCHEDULED CASTE,TOTAL,SEMIMEDIUM,978,2854,11,32,989,2886
2015-16,ASSAM,SONITPUR,SCHEDULED CASTE,TOTAL,MEDIUM,355,1743,10,60,365,1803
2015-16,ASSAM,SONITPUR,SCHEDULED CASTE,TOTAL,LARGE,2,21,0,0,2,21
2015-16,ASSAM,SONITPUR,SCHEDULED CASTE,TOTAL,ALL CLASSES,12009,11293,35,110,12044,11404
2015-16,ASSAM,SONITPUR,SCHEDULED TRIBES,TOTAL,MARGINAL,5635,2934,2,1,5637,2935
2015-16,ASSAM,SONITPUR,SCHEDULED TRIBES,TOTAL,SMALL,3040,4595,4,7,3044,4601
2015-16,ASSAM,SONITPUR,SCHEDULED TRIBES,TOTAL,SEMIMEDIUM,2360,6679,10,28,2370,6707
2015-16,ASSAM,SONITPUR,SCHEDULED TRIBES,TOTAL,MEDIUM,774,3993,7,40,781,4033
2015-16,ASSAM,SONITPUR,SCHEDULED TRIBES,TOTAL,LARGE,7,91,0,0,7,91
2015-16,ASSAM,SONITPUR,SCHEDULED TRIBES,TOTAL,ALL CLASSES,11816,18292,23,76,11839,18369
2015-16,ASSAM,SONITPUR,OTHERS,TOTAL,MARGINAL,150161,60065,11,8,150172,60073
2015-16,ASSAM,SONITPUR,OTHERS,TOTAL,SMALL,21631,29505,35,57,21666,29562
2015-16,ASSAM,SONITPUR,OTHERS,TOTAL,SEMIMEDIUM,17938,49805,53,158,17991,49962
2015-16,ASSAM,SONITPUR,OTHERS,TOTAL,MEDIUM,7567,39326,46,279,7613,39605
2015-16,ASSAM,SONITPUR,OTHERS,TOTAL,LARGE,67,1064,1,66,68,1129
2015-16,ASSAM,SONITPUR,OTHERS,TOTAL,ALL CLASSES,197364,179763,146,567,197510,180331
2015-16,ASSAM,SONITPUR,INSTITUTIONAL,TOTAL,MARGINAL,0,0,0,0,17,8
2015-16,ASSAM,SONITPUR,INSTITUTIONAL,TOTAL,SMALL,0,0,0,0,13,17
2015-16,ASSAM,SONITPUR,INSTITUTIONAL,TOTAL,SEMIMEDIUM,0,0,0,0,9,27
2015-16,ASSAM,SONITPUR,INSTITUTIONAL,TOTAL,MEDIUM,0,0,0,0,18,130
2015-16,ASSAM,SONITPUR,INSTITUTIONAL,TOTAL,LARGE,0,0,0,0,157,17847
2015-16,ASSAM,SONITPUR,INSTITUTIONAL,TOTAL,ALL CLASSES,0,0,0,0,214,18028
2015-16,ASSAM,TINSUKIA,SCHEDULED CASTE,TOTAL,MARGINAL,1066,675,30,16,1096,691
2015-16,ASSAM,TINSUKIA,SCHEDULED CASTE,TOTAL,SMALL,177,256,16,22,193,278
2015-16,ASSAM,TINSUKIA,SCHEDULED CASTE,TOTAL,SEMIMEDIUM,71,192,6,15,77,207
2015-16,ASSAM,TINSUKIA,SCHEDULED CASTE,TOTAL,MEDIUM,11,54,0,0,11,54
2015-16,ASSAM,TINSUKIA,SCHEDULED CASTE,TOTAL,LARGE,1,22,0,0,1,22
2015-16,ASSAM,TINSUKIA,SCHEDULED CASTE,TOTAL,ALL CLASSES,1326,1198,52,53,1378,1252
2015-16,ASSAM,TINSUKIA,SCHEDULED TRIBES,TOTAL,MARGINAL,2366,1390,4,1,2370,1391
2015-16,ASSAM,TINSUKIA,SCHEDULED TRIBES,TOTAL,SMALL,1612,2335,4,6,1616,2341
2015-16,ASSAM,TINSUKIA,SCHEDULED TRIBES,TOTAL,SEMIMEDIUM,1778,4964,4,10,1782,4976
2015-16,ASSAM,TINSUKIA,SCHEDULED TRIBES,TOTAL,MEDIUM,793,4518,3,15,796,4532
2015-16,ASSAM,TINSUKIA,SCHEDULED TRIBES,TOTAL,LARGE,50,661,0,0,50,661
2015-16,ASSAM,TINSUKIA,SCHEDULED TRIBES,TOTAL,ALL CLASSES,6599,13867,15,33,6614,13900
2015-16,ASSAM,TINSUKIA,OTHERS,TOTAL,MARGINAL,54365,26431,183,92,54548,26523
2015-16,ASSAM,TINSUKIA,OTHERS,TOTAL,SMALL,19198,27601,99,169,19297,27770
2015-16,ASSAM,TINSUKIA,OTHERS,TOTAL,SEMIMEDIUM,10295,29031,4,12,10299,29043
2015-16,ASSAM,TINSUKIA,OTHERS,TOTAL,MEDIUM,3681,20615,2,12,3683,20627
2015-16,ASSAM,TINSUKIA,OTHERS,TOTAL,LARGE,254,3800,1,14,255,3813
2015-16,ASSAM,TINSUKIA,OTHERS,TOTAL,ALL CLASSES,87793,107479,289,297,88082,107776
2015-16,ASSAM,TINSUKIA,INSTITUTIONAL,TOTAL,MARGINAL,0,0,0,0,21,12
2015-16,ASSAM,TINSUKIA,INSTITUTIONAL,TOTAL,SMALL,0,0,0,0,21,31
2015-16,ASSAM,TINSUKIA,INSTITUTIONAL,TOTAL,SEMIMEDIUM,0,0,0,0,29,83
2015-16,ASSAM,TINSUKIA,INSTITUTIONAL,TOTAL,MEDIUM,0,0,0,0,19,137
2015-16,ASSAM,TINSUKIA,INSTITUTIONAL,TOTAL,LARGE,0,0,0,0,364,47876
2015-16,ASSAM,TINSUKIA,INSTITUTIONAL,TOTAL,ALL CLASSES,0,0,0,0,454,48140
2015-16,MANIPUR,BISHNUPUR,SCHEDULED CASTE,TOTAL,MARGINAL,265,192,0,0,265,192
2015-16,MANIPUR,BISHNUPUR,SCHEDULED CASTE,TOTAL,SMALL,554,560,0,0,554,560
2015-16,MANIPUR,BISHNUPUR,SCHEDULED CASTE,TOTAL,SEMIMEDIUM,116,265,0,0,116,265
2015-16,MANIPUR,BISHNUPUR,SCHEDULED CASTE,TOTAL,MEDIUM,59,256,0,0,59,256
2015-16,MANIPUR,BISHNUPUR,SCHEDULED CASTE,TOTAL,LARGE,0,0,0,0,0,0
2015-16,MANIPUR,BISHNUPUR,SCHEDULED CASTE,TOTAL,ALL CLASSES,994,1272,0,0,994,1272
2015-16,MANIPUR,BISHNUPUR,SCHEDULED TRIBES,TOTAL,MARGINAL,49,20,0,0,49,20
2015-16,MANIPUR,BISHNUPUR,SCHEDULED TRIBES,TOTAL,SMALL,0,0,0,0,0,0
2015-16,MANIPUR,BISHNUPUR,SCHEDULED TRIBES,TOTAL,SEMIMEDIUM,0,0,0,0,0,0
2015-16,MANIPUR,BISHNUPUR,SCHEDULED TRIBES,TOTAL,MEDIUM,0,0,0,0,0,0
2015-16,MANIPUR,BISHNUPUR,SCHEDULED TRIBES,TOTAL,LARGE,0,0,0,0,0,0
2015-16,MANIPUR,BISHNUPUR,SCHEDULED TRIBES,TOTAL,ALL CLASSES,49,20,0,0,49,20
2015-16,MANIPUR,BISHNUPUR,OTHERS,TOTAL,MARGINAL,5527,3211,0,0,5527,3211
2015-16,MANIPUR,BISHNUPUR,OTHERS,TOTAL,SMALL,5496,9569,0,0,5496,9569
2015-16,MANIPUR,BISHNUPUR,OTHERS,TOTAL,SEMIMEDIUM,1807,4449,0,0,1807,4449
2015-16,MANIPUR,BISHNUPUR,OTHERS,TOTAL,MEDIUM,189,1000,0,0,189,1000
2015-16,MANIPUR,BISHNUPUR,OTHERS,TOTAL,LARGE,0,0,0,0,0,0
2015-16,MANIPUR,BISHNUPUR,OTHERS,TOTAL,ALL CLASSES,13019,18230,0,0,13019,18230
2015-16,MANIPUR,BISHNUPUR,INSTITUTIONAL,TOTAL,MARGINAL,0,0,0,0,0,0
2015-16,MANIPUR,BISHNUPUR,INSTITUTIONAL,TOTAL,SMALL,0,0,0,0,0,0
2015-16,MANIPUR,BISHNUPUR,INSTITUTIONAL,TOTAL,SEMIMEDIUM,0,0,0,0,0,0
2015-16,MANIPUR,BISHNUPUR,INSTITUTIONAL,TOTAL,MEDIUM,0,0,0,0,0,0
2015-16,MANIPUR,BISHNUPUR,INSTITUTIONAL,TOTAL,LARGE,0,0,0,0,0,0
2015-16,MANIPUR,BISHNUPUR,INSTITUTIONAL,TOTAL,ALL CLASSES,0,0,0,0,0,0
2015-16,MANIPUR,CHANDEL,SCHEDULED CASTE,TOTAL,MARGINAL,0,0,0,0,0,0
2015-16,MANIPUR,CHANDEL,SCHEDULED CASTE,TOTAL,SMALL,0,0,0,0,0,0
2015-16,MANIPUR,CHANDEL,SCHEDULED CASTE,TOTAL,SEMIMEDIUM,0,0,0,0,0,0
2015-16,MANIPUR,CHANDEL,SCHEDULED CASTE,TOTAL,MEDIUM,0,0,0,0,0,0
2015-16,MANIPUR,CHANDEL,SCHEDULED CASTE,TOTAL,LARGE,0,0,0,0,0,0
2015-16,MANIPUR,CHANDEL,SCHEDULED CASTE,TOTAL,ALL CLASSES,0,0,0,0,0,0
2015-16,MANIPUR,CHANDEL,SCHEDULED TRIBES,TOTAL,MARGINAL,1775,984,0,0,1775,984
2015-16,MANIPUR,CHANDEL,SCHEDULED TRIBES,TOTAL,SMALL,2341,2929,0,0,2341,2929
2015-16,MANIPUR,CHANDEL,SCHEDULED TRIBES,TOTAL,SEMIMEDIUM,1995,4887,0,0,1995,4887
2015-16,MANIPUR,CHANDEL,SCHEDULED TRIBES,TOTAL,MEDIUM,201,941,0,0,201,941
2015-16,MANIPUR,CHANDEL,SCHEDULED TRIBES,TOTAL,LARGE,0,0,0,0,0,0
2015-16,MANIPUR,CHANDEL,SCHEDULED TRIBES,TOTAL,ALL CLASSES,6312,9741,0,0,6312,9741
2015-16,MANIPUR,CHANDEL,OTHERS,TOTAL,MARGINAL,0,0,0,0,0,0
2015-16,MANIPUR,CHANDEL,OTHERS,TOTAL,SMALL,0,0,0,0,0,0
2015-16,MANIPUR,CHANDEL,OTHERS,TOTAL,SEMIMEDIUM,0,0,0,0,0,0
2015-16,MANIPUR,CHANDEL,OTHERS,TOTAL,MEDIUM,0,0,0,0,0,0
2015-16,MANIPUR,CHANDEL,OTHERS,TOTAL,LARGE,0,0,0,0,0,0
2015-16,MANIPUR,CHANDEL,OTHERS,TOTAL,ALL CLASSES,0,0,0,0,0,0
2015-16,MANIPUR,CHANDEL,INSTITUTIONAL,TOTAL,MARGINAL,0,0,0,0,0,0
2015-16,MANIPUR,CHANDEL,INSTITUTIONAL,TOTAL,SMALL,0,0,0,0,0,0
2015-16,MANIPUR,CHANDEL,INSTITUTIONAL,TOTAL,SEMIMEDIUM,0,0,0,0,0,0
2015-16,MANIPUR,CHANDEL,INSTITUTIONAL,TOTAL,MEDIUM,0,0,0,0,0,0
2015-16,MANIPUR,CHANDEL,INSTITUTIONAL,TOTAL,LARGE,0,0,0,0,0,0
2015-16,MANIPUR,CHANDEL,INSTITUTIONAL,TOTAL,ALL CLASSES,0,0,0,0,0,0
2015-16,MANIPUR,CHURACHANDPUR,SCHEDULED CASTE,TOTAL,MARGINAL,0,0,0,0,0,0
2015-16,MANIPUR,CHURACHANDPUR,SCHEDULED CASTE,TOTAL,SMALL,0,0,0,0,0,0
2015-16,MANIPUR,CHURACHANDPUR,SCHEDULED CASTE,TOTAL,SEMIMEDIUM,0,0,0,0,0,0
2015-16,MANIPUR,CHURACHANDPUR,SCHEDULED CASTE,TOTAL,MEDIUM,0,0,0,0,0,0
2015-16,MANIPUR,CHURACHANDPUR,SCHEDULED CASTE,TOTAL,LARGE,0,0,0,0,0,0
2015-16,MANIPUR,CHURACHANDPUR,SCHEDULED CASTE,TOTAL,ALL CLASSES,0,0,0,0,0,0
2015-16,MANIPUR,CHURACHANDPUR,SCHEDULED TRIBES,TOTAL,MARGINAL,9139,4714,0,0,9139,4714
2015-16,MANIPUR,CHURACHANDPUR,SCHEDULED TRIBES,TOTAL,SMALL,5000,6144,0,0,5000,6144
2015-16,MANIPUR,CHURACHANDPUR,SCHEDULED TRIBES,TOTAL,SEMIMEDIUM,1161,2695,0,0,1161,2695
2015-16,MANIPUR,CHURACHANDPUR,SCHEDULED TRIBES,TOTAL,MEDIUM,15,68,0,0,15,68
2015-16,MANIPUR,CHURACHANDPUR,SCHEDULED TRIBES,TOTAL,LARGE,0,0,0,0,0,0
2015-16,MANIPUR,CHURACHANDPUR,SCHEDULED TRIBES,TOTAL,ALL CLASSES,15315,13622,0,0,15315,13622
2015-16,MANIPUR,CHURACHANDPUR,OTHERS,TOTAL,MARGINAL,0,0,0,0,0,0
2015-16,MANIPUR,CHURACHANDPUR,OTHERS,TOTAL,SMALL,0,0,0,0,0,0
2015-16,MANIPUR,CHURACHANDPUR,OTHERS,TOTAL,SEMIMEDIUM,0,0,0,0,0,0
2015-16,MANIPUR,CHURACHANDPUR,OTHERS,TOTAL,MEDIUM,0,0,0,0,0,0
2015-16,MANIPUR,CHURACHANDPUR,OTHERS,TOTAL,LARGE,0,0,0,0,0,0
2015-16,MANIPUR,CHURACHANDPUR,OTHERS,TOTAL,ALL CLASSES,0,0,0,0,0,0
2015-16,MANIPUR,CHURACHANDPUR,INSTITUTIONAL,TOTAL,MARGINAL,0,0,0,0,0,0
2015-16,MANIPUR,CHURACHANDPUR,INSTITUTIONAL,TOTAL,SMALL,0,0,0,0,0,0
2015-16,MANIPUR,CHURACHANDPUR,INSTITUTIONAL,TOTAL,SEMIMEDIUM,0,0,0,0,0,0
2015-16,MANIPUR,CHURACHANDPUR,INSTITUTIONAL,TOTAL,MEDIUM,0,0,0,0,5,34
2015-16,MANIPUR,CHURACHANDPUR,INSTITUTIONAL,TOTAL,LARGE,0,0,0,0,0,0
2015-16,MANIPUR,CHURACHANDPUR,INSTITUTIONAL,TOTAL,ALL CLASSES,0,0,0,0,5,34
2015-16,MANIPUR,IMPHAL EAST,SCHEDULED CASTE,TOTAL,MARGINAL,0,0,0,0,0,0
2015-16,MANIPUR,IMPHAL EAST,SCHEDULED CASTE,TOTAL,SMALL,0,0,0,0,0,0
2015-16,MANIPUR,IMPHAL EAST,SCHEDULED CASTE,TOTAL,SEMIMEDIUM,0,0,0,0,0,0
2015-16,MANIPUR,IMPHAL EAST,SCHEDULED CASTE,TOTAL,MEDIUM,0,0,0,0,0,0
2015-16,MANIPUR,IMPHAL EAST,SCHEDULED CASTE,TOTAL,LARGE,0,0,0,0,0,0
2015-16,MANIPUR,IMPHAL EAST,SCHEDULED CASTE,TOTAL,ALL CLASSES,0,0,0,0,0,0
2015-16,MANIPUR,IMPHAL EAST,SCHEDULED TRIBES,TOTAL,MARGINAL,949,504,0,0,949,504
2015-16,MANIPUR,IMPHAL EAST,SCHEDULED TRIBES,TOTAL,SMALL,540,712,0,0,540,712
2015-16,MANIPUR,IMPHAL EAST,SCHEDULED TRIBES,TOTAL,SEMIMEDIUM,199,547,0,0,199,547
2015-16,MANIPUR,IMPHAL EAST,SCHEDULED TRIBES,TOTAL,MEDIUM,29,158,0,0,29,158
2015-16,MANIPUR,IMPHAL EAST,SCHEDULED TRIBES,TOTAL,LARGE,0,0,0,0,0,0
2015-16,MANIPUR,IMPHAL EAST,SCHEDULED TRIBES,TOTAL,ALL CLASSES,1717,1922,0,0,1717,1922
2015-16,MANIPUR,IMPHAL EAST,OTHERS,TOTAL,MARGINAL,10549,5923,0,0,10549,5923
2015-16,MANIPUR,IMPHAL EAST,OTHERS,TOTAL,SMALL,5797,7408,0,0,5797,7408
2015-16,MANIPUR,IMPHAL EAST,OTHERS,TOTAL,SEMIMEDIUM,1401,3573,0,0,1401,3573
2015-16,MANIPUR,IMPHAL EAST,OTHERS,TOTAL,MEDIUM,317,1702,0,0,317,1702
2015-16,MANIPUR,IMPHAL EAST,OTHERS,TOTAL,LARGE,10,101,0,0,10,101
2015-16,MANIPUR,IMPHAL EAST,OTHERS,TOTAL,ALL CLASSES,18074,18708,0,0,18074,18708
2015-16,MANIPUR,IMPHAL EAST,INSTITUTIONAL,TOTAL,MARGINAL,0,0,0,0,0,0
2015-16,MANIPUR,IMPHAL EAST,INSTITUTIONAL,TOTAL,SMALL,0,0,0,0,0,0
2015-16,MANIPUR,IMPHAL EAST,INSTITUTIONAL,TOTAL,SEMIMEDIUM,0,0,0,0,0,0
2015-16,MANIPUR,IMPHAL EAST,INSTITUTIONAL,TOTAL,MEDIUM,0,0,0,0,0,0
2015-16,MANIPUR,IMPHAL EAST,INSTITUTIONAL,TOTAL,LARGE,0,0,0,0,0,0
2015-16,MANIPUR,IMPHAL EAST,INSTITUTIONAL,TOTAL,ALL CLASSES,0,0,0,0,0,0
2015-16,MANIPUR,IMPHAL WEST,SCHEDULED CASTE,TOTAL,MARGINAL,782,404,0,0,782,404
2015-16,MANIPUR,IMPHAL WEST,SCHEDULED CASTE,TOTAL,SMALL,111,172,0,0,111,172
2015-16,MANIPUR,IMPHAL WEST,SCHEDULED CASTE,TOTAL,SEMIMEDIUM,566,1368,0,0,566,1368
2015-16,MANIPUR,IMPHAL WEST,SCHEDULED CASTE,TOTAL,MEDIUM,106,475,0,0,106,475
2015-16,MANIPUR,IMPHAL WEST,SCHEDULED CASTE,TOTAL,LARGE,0,0,0,0,0,0
2015-16,MANIPUR,IMPHAL WEST,SCHEDULED CASTE,TOTAL,ALL CLASSES,1565,2419,0,0,1565,2419
2015-16,MANIPUR,IMPHAL WEST,SCHEDULED TRIBES,TOTAL,MARGINAL,142,52,0,0,142,52
2015-16,MANIPUR,IMPHAL WEST,SCHEDULED TRIBES,TOTAL,SMALL,61,62,0,0,61,62
2015-16,MANIPUR,IMPHAL WEST,SCHEDULED TRIBES,TOTAL,SEMIMEDIUM,0,0,0,0,0,0
2015-16,MANIPUR,IMPHAL WEST,SCHEDULED TRIBES,TOTAL,MEDIUM,0,0,0,0,0,0
2015-16,MANIPUR,IMPHAL WEST,SCHEDULED TRIBES,TOTAL,LARGE,0,0,0,0,0,0
2015-16,MANIPUR,IMPHAL WEST,SCHEDULED TRIBES,TOTAL,ALL CLASSES,203,114,0,0,203,114
2015-16,MANIPUR,IMPHAL WEST,OTHERS,TOTAL,MARGINAL,12245,5805,0,0,12245,5805
2015-16,MANIPUR,IMPHAL WEST,OTHERS,TOTAL,SMALL,5564,6412,0,0,5564,6412
2015-16,MANIPUR,IMPHAL WEST,OTHERS,TOTAL,SEMIMEDIUM,2059,5092,0,0,2059,5092
2015-16,MANIPUR,IMPHAL WEST,OTHERS,TOTAL,MEDIUM,203,1034,0,0,203,1034
2015-16,MANIPUR,IMPHAL WEST,OTHERS,TOTAL,LARGE,14,144,0,0,14,144
2015-16,MANIPUR,IMPHAL WEST,OTHERS,TOTAL,ALL CLASSES,20085,18487,0,0,20085,18487
2015-16,MANIPUR,IMPHAL WEST,INSTITUTIONAL,TOTAL,MARGINAL,0,0,0,0,0,0
2015-16,MANIPUR,IMPHAL WEST,INSTITUTIONAL,TOTAL,SMALL,0,0,0,0,0,0
2015-16,MANIPUR,IMPHAL WEST,INSTITUTIONAL,TOTAL,SEMIMEDIUM,0,0,0,0,0,0
2015-16,MANIPUR,IMPHAL WEST,INSTITUTIONAL,TOTAL,MEDIUM,0,0,0,0,0,0
2015-16,MANIPUR,IMPHAL WEST,INSTITUTIONAL,TOTAL,LARGE,0,0,0,0,0,0
2015-16,MANIPUR,IMPHAL WEST,INSTITUTIONAL,TOTAL,ALL CLASSES,0,0,0,0,0,0
2015-16,MANIPUR,SENAPATI,SCHEDULED CASTE,TOTAL,MARGINAL,0,0,0,0,0,0
2015-16,MANIPUR,SENAPATI,SCHEDULED CASTE,TOTAL,SMALL,0,0,0,0,0,0
2015-16,MANIPUR,SENAPATI,SCHEDULED CASTE,TOTAL,SEMIMEDIUM,0,0,0,0,0,0
2015-16,MANIPUR,SENAPATI,SCHEDULED CASTE,TOTAL,MEDIUM,0,0,0,0,0,0
2015-16,MANIPUR,SENAPATI,SCHEDULED CASTE,TOTAL,LARGE,0,0,0,0,0,0
2015-16,MANIPUR,SENAPATI,SCHEDULED CASTE,TOTAL,ALL CLASSES,0,0,0,0,0,0
2015-16,MANIPUR,SENAPATI,SCHEDULED TRIBES,TOTAL,MARGINAL,10533,6053,0,0,10533,6053
2015-16,MANIPUR,SENAPATI,SCHEDULED TRIBES,TOTAL,SMALL,6787,7655,0,0,6787,7655
2015-16,MANIPUR,SENAPATI,SCHEDULED TRIBES,TOTAL,SEMIMEDIUM,2969,6781,0,0,2969,6781
2015-16,MANIPUR,SENAPATI,SCHEDULED TRIBES,TOTAL,MEDIUM,444,1956,0,0,444,1956
2015-16,MANIPUR,SENAPATI,SCHEDULED TRIBES,TOTAL,LARGE,0,0,0,0,0,0
2015-16,MANIPUR,SENAPATI,SCHEDULED TRIBES,TOTAL,ALL CLASSES,20733,22446,0,0,20733,22446
2015-16,MANIPUR,SENAPATI,OTHERS,TOTAL,MARGINAL,0,0,0,0,0,0
2015-16,MANIPUR,SENAPATI,OTHERS,TOTAL,SMALL,0,0,0,0,0,0
2015-16,MANIPUR,SENAPATI,OTHERS,TOTAL,SEMIMEDIUM,0,0,0,0,0,0
2015-16,MANIPUR,SENAPATI,OTHERS,TOTAL,MEDIUM,0,0,0,0,0,0
2015-16,MANIPUR,SENAPATI,OTHERS,TOTAL,LARGE,0,0,0,0,0,0
2015-16,MANIPUR,SENAPATI,OTHERS,TOTAL,ALL CLASSES,0,0,0,0,0,0
2015-16,MANIPUR,SENAPATI,INSTITUTIONAL,TOTAL,MARGINAL,0,0,0,0,0,0
2015-16,MANIPUR,SENAPATI,INSTITUTIONAL,TOTAL,SMALL,0,0,0,0,0,0
2015-16,MANIPUR,SENAPATI,INSTITUTIONAL,TOTAL,SEMIMEDIUM,0,0,0,0,0,0
2015-16,MANIPUR,SENAPATI,INSTITUTIONAL,TOTAL,MEDIUM,0,0,0,0,0,0
2015-16,MANIPUR,SENAPATI,INSTITUTIONAL,TOTAL,LARGE,0,0,0,0,0,0
2015-16,MANIPUR,SENAPATI,INSTITUTIONAL,TOTAL,ALL CLASSES,0,0,0,0,0,0
2015-16,MANIPUR,TAMENGLONG,SCHEDULED CASTE,TOTAL,MARGINAL,0,0,0,0,0,0
2015-16,MANIPUR,TAMENGLONG,SCHEDULED CASTE,TOTAL,SMALL,0,0,0,0,0,0
2015-16,MANIPUR,TAMENGLONG,SCHEDULED CASTE,TOTAL,SEMIMEDIUM,0,0,0,0,0,0
2015-16,MANIPUR,TAMENGLONG,SCHEDULED CASTE,TOTAL,MEDIUM,0,0,0,0,0,0
2015-16,MANIPUR,TAMENGLONG,SCHEDULED CASTE,TOTAL,LARGE,0,0,0,0,0,0
2015-16,MANIPUR,TAMENGLONG,SCHEDULED CASTE,TOTAL,ALL CLASSES,0,0,0,0,0,0
2015-16,MANIPUR,TAMENGLONG,SCHEDULED TRIBES,TOTAL,MARGINAL,748,354,0,0,748,354
2015-16,MANIPUR,TAMENGLONG,SCHEDULED TRIBES,TOTAL,SMALL,2068,2182,0,0,2068,2182
2015-16,MANIPUR,TAMENGLONG,SCHEDULED TRIBES,TOTAL,SEMIMEDIUM,4508,11490,0,0,4508,11490
2015-16,MANIPUR,TAMENGLONG,SCHEDULED TRIBES,TOTAL,MEDIUM,487,2226,0,0,487,2226
2015-16,MANIPUR,TAMENGLONG,SCHEDULED TRIBES,TOTAL,LARGE,0,0,0,0,0,0
2015-16,MANIPUR,TAMENGLONG,SCHEDULED TRIBES,TOTAL,ALL CLASSES,7811,16252,0,0,7811,16252
2015-16,MANIPUR,TAMENGLONG,OTHERS,TOTAL,MARGINAL,0,0,0,0,0,0
2015-16,MANIPUR,TAMENGLONG,OTHERS,TOTAL,SMALL,0,0,0,0,0,0
2015-16,MANIPUR,TAMENGLONG,OTHERS,TOTAL,SEMIMEDIUM,0,0,0,0,0,0
2015-16,MANIPUR,TAMENGLONG,OTHERS,TOTAL,MEDIUM,0,0,0,0,0,0
2015-16,MANIPUR,TAMENGLONG,OTHERS,TOTAL,LARGE,0,0,0,0,0,0
2015-16,MANIPUR,TAMENGLONG,OTHERS,TOTAL,ALL CLASSES,0,0,0,0,0,0
2015-16,MANIPUR,TAMENGLONG,INSTITUTIONAL,TOTAL,MARGINAL,0,0,0,0,0,0
2015-16,MANIPUR,TAMENGLONG,INSTITUTIONAL,TOTAL,SMALL,0,0,0,0,0,0
2015-16,MANIPUR,TAMENGLONG,INSTITUTIONAL,TOTAL,SEMIMEDIUM,0,0,0,0,0,0
2015-16,MANIPUR,TAMENGLONG,INSTITUTIONAL,TOTAL,MEDIUM,0,0,0,0,0,0
2015-16,MANIPUR,TAMENGLONG,INSTITUTIONAL,TOTAL,LARGE,0,0,0,0,0,0
2015-16,MANIPUR,TAMENGLONG,INSTITUTIONAL,TOTAL,ALL CLASSES,0,0,0,0,0,0
2015-16,MANIPUR,THOUBAL,SCHEDULED CASTE,TOTAL,MARGINAL,296,119,0,0,296,119
2015-16,MANIPUR,THOUBAL,SCHEDULED CASTE,TOTAL,SMALL,217,217,0,0,217,217
2015-16,MANIPUR,THOUBAL,SCHEDULED CASTE,TOTAL,SEMIMEDIUM,48,118,0,0,48,118
2015-16,MANIPUR,THOUBAL,SCHEDULED CASTE,TOTAL,MEDIUM,20,138,0,0,20,138
2015-16,MANIPUR,THOUBAL,SCHEDULED CASTE,TOTAL,LARGE,0,0,0,0,0,0
2015-16,MANIPUR,THOUBAL,SCHEDULED CASTE,TOTAL,ALL CLASSES,581,593,0,0,581,593
2015-16,MANIPUR,THOUBAL,SCHEDULED TRIBES,TOTAL,MARGINAL,44,20,0,0,44,20
2015-16,MANIPUR,THOUBAL,SCHEDULED TRIBES,TOTAL,SMALL,133,163,0,0,133,163
2015-16,MANIPUR,THOUBAL,SCHEDULED TRIBES,TOTAL,SEMIMEDIUM,9,20,0,0,9,20
2015-16,MANIPUR,THOUBAL,SCHEDULED TRIBES,TOTAL,MEDIUM,0,0,0,0,0,0
2015-16,MANIPUR,THOUBAL,SCHEDULED TRIBES,TOTAL,LARGE,0,0,0,0,0,0
2015-16,MANIPUR,THOUBAL,SCHEDULED TRIBES,TOTAL,ALL CLASSES,186,203,0,0,186,203
2015-16,MANIPUR,THOUBAL,OTHERS,TOTAL,MARGINAL,18203,8685,0,0,18203,8685
2015-16,MANIPUR,THOUBAL,OTHERS,TOTAL,SMALL,9120,11564,0,0,9120,11564
2015-16,MANIPUR,THOUBAL,OTHERS,TOTAL,SEMIMEDIUM,3781,9891,0,0,3781,9891
2015-16,MANIPUR,THOUBAL,OTHERS,TOTAL,MEDIUM,516,2736,0,0,516,2736
2015-16,MANIPUR,THOUBAL,OTHERS,TOTAL,LARGE,15,188,0,0,15,188
2015-16,MANIPUR,THOUBAL,OTHERS,TOTAL,ALL CLASSES,31635,33063,0,0,31635,33063
2015-16,MANIPUR,THOUBAL,INSTITUTIONAL,TOTAL,MARGINAL,0,0,0,0,0,0
2015-16,MANIPUR,THOUBAL,INSTITUTIONAL,TOTAL,SMALL,0,0,0,0,0,0
2015-16,MANIPUR,THOUBAL,INSTITUTIONAL,TOTAL,SEMIMEDIUM,0,0,0,0,0,0
2015-16,MANIPUR,THOUBAL,INSTITUTIONAL,TOTAL,MEDIUM,0,0,0,0,0,0
2015-16,MANIPUR,THOUBAL,INSTITUTIONAL,TOTAL,LARGE,0,0,0,0,0,0
2015-16,MANIPUR,THOUBAL,INSTITUTIONAL,TOTAL,ALL CLASSES,0,0,0,0,0,0
2015-16,MANIPUR,UKHRUL,SCHEDULED CASTE,TOTAL,MARGINAL,0,0,0,0,0,0
2015-16,MANIPUR,UKHRUL,SCHEDULED CASTE,TOTAL,SMALL,0,0,0,0,0,0
2015-16,MANIPUR,UKHRUL,SCHEDULED CASTE,TOTAL,SEMIMEDIUM,0,0,0,0,0,0
2015-16,MANIPUR,UKHRUL,SCHEDULED CASTE,TOTAL,MEDIUM,0,0,0,0,0,0
2015-16,MANIPUR,UKHRUL,SCHEDULED CASTE,TOTAL,LARGE,0,0,0,0,0,0
2015-16,MANIPUR,UKHRUL,SCHEDULED CASTE,TOTAL,ALL CLASSES,0,0,0,0,0,0
2015-16,MANIPUR,UKHRUL,SCHEDULED TRIBES,TOTAL,MARGINAL,5459,3257,0,0,5459,3257
2015-16,MANIPUR,UKHRUL,SCHEDULED TRIBES,TOTAL,SMALL,4948,7024,0,0,4948,7024
2015-16,MANIPUR,UKHRUL,SCHEDULED TRIBES,TOTAL,SEMIMEDIUM,1650,4143,0,0,1650,4143
2015-16,MANIPUR,UKHRUL,SCHEDULED TRIBES,TOTAL,MEDIUM,123,495,0,0,123,495
2015-16,MANIPUR,UKHRUL,SCHEDULED TRIBES,TOTAL,LARGE,0,0,0,0,0,0
2015-16,MANIPUR,UKHRUL,SCHEDULED TRIBES,TOTAL,ALL CLASSES,12180,14918,0,0,12180,14918
2015-16,MANIPUR,UKHRUL,OTHERS,TOTAL,MARGINAL,0,0,0,0,0,0
2015-16,MANIPUR,UKHRUL,OTHERS,TOTAL,SMALL,0,0,0,0,0,0
2015-16,MANIPUR,UKHRUL,OTHERS,TOTAL,SEMIMEDIUM,0,0,0,0,0,0
2015-16,MANIPUR,UKHRUL,OTHERS,TOTAL,MEDIUM,0,0,0,0,0,0
2015-16,MANIPUR,UKHRUL,OTHERS,TOTAL,LARGE,0,0,0,0,0,0
2015-16,MANIPUR,UKHRUL,OTHERS,TOTAL,ALL CLASSES,0,0,0,0,0,0
2015-16,MANIPUR,UKHRUL,INSTITUTIONAL,TOTAL,MARGINAL,0,0,0,0,0,0
2015-16,MANIPUR,UKHRUL,INSTITUTIONAL,TOTAL,SMALL,0,0,0,0,0,0
2015-16,MANIPUR,UKHRUL,INSTITUTIONAL,TOTAL,SEMIMEDIUM,0,0,0,0,0,0
2015-16,MANIPUR,UKHRUL,INSTITUTIONAL,TOTAL,MEDIUM,0,0,0,0,20,138
2015-16,MANIPUR,UKHRUL,INSTITUTIONAL,TOTAL,LARGE,0,0,0,0,0,0
2015-16,MANIPUR,UKHRUL,INSTITUTIONAL,TOTAL,ALL CLASSES,0,0,0,0,20,138
2015-16,MEGHALAYA,EAST GARO HILLS,SCHEDULED CASTE,TOTAL,MARGINAL,246,41,0,0,246,41
2015-16,MEGHALAYA,EAST GARO HILLS,SCHEDULED CASTE,TOTAL,SMALL,40,40,0,0,40,40
2015-16,MEGHALAYA,EAST GARO HILLS,SCHEDULED CASTE,TOTAL,SEMIMEDIUM,5,11,0,0,5,11
2015-16,MEGHALAYA,EAST GARO HILLS,SCHEDULED CASTE,TOTAL,MEDIUM,0,0,0,0,0,0
2015-16,MEGHALAYA,EAST GARO HILLS,SCHEDULED CASTE,TOTAL,LARGE,0,0,0,0,0,0
2015-16,MEGHALAYA,EAST GARO HILLS,SCHEDULED CASTE,TOTAL,ALL CLASSES,291,93,0,0,291,93
2015-16,MEGHALAYA,EAST GARO HILLS,SCHEDULED TRIBES,TOTAL,MARGINAL,10794,4492,0,0,10794,4492
2015-16,MEGHALAYA,EAST GARO HILLS,SCHEDULED TRIBES,TOTAL,SMALL,3058,4468,0,0,3058,4468
2015-16,MEGHALAYA,EAST GARO HILLS,SCHEDULED TRIBES,TOTAL,SEMIMEDIUM,2508,5935,0,0,2508,5935
2015-16,MEGHALAYA,EAST GARO HILLS,SCHEDULED TRIBES,TOTAL,MEDIUM,119,679,0,0,119,679
2015-16,MEGHALAYA,EAST GARO HILLS,SCHEDULED TRIBES,TOTAL,LARGE,5,51,0,0,5,51
2015-16,MEGHALAYA,EAST GARO HILLS,SCHEDULED TRIBES,TOTAL,ALL CLASSES,16484,15625,0,0,16484,15625
2015-16,MEGHALAYA,EAST GARO HILLS,OTHERS,TOTAL,MARGINAL,130,42,0,0,130,42
2015-16,MEGHALAYA,EAST GARO HILLS,OTHERS,TOTAL,SMALL,0,0,0,0,0,0
2015-16,MEGHALAYA,EAST GARO HILLS,OTHERS,TOTAL,SEMIMEDIUM,0,0,0,0,0,0
2015-16,MEGHALAYA,EAST GARO HILLS,OTHERS,TOTAL,MEDIUM,0,0,0,0,0,0
2015-16,MEGHALAYA,EAST GARO HILLS,OTHERS,TOTAL,LARGE,0,0,0,0,0,0
2015-16,MEGHALAYA,EAST GARO HILLS,OTHERS,TOTAL,ALL CLASSES,130,42,0,0,130,42
2015-16,MEGHALAYA,EAST GARO HILLS,INSTITUTIONAL,TOTAL,MARGINAL,0,0,0,0,186,40
2015-16,MEGHALAYA,EAST GARO HILLS,INSTITUTIONAL,TOTAL,SMALL,0,0,0,0,5,5
2015-16,MEGHALAYA,EAST GARO HILLS,INSTITUTIONAL,TOTAL,SEMIMEDIUM,0,0,0,0,5,15
2015-16,MEGHALAYA,EAST GARO HILLS,INSTITUTIONAL,TOTAL,MEDIUM,0,0,0,0,40,266
2015-16,MEGHALAYA,EAST GARO HILLS,INSTITUTIONAL,TOTAL,LARGE,0,0,0,0,5,66
2015-16,MEGHALAYA,EAST GARO HILLS,INSTITUTIONAL,TOTAL,ALL CLASSES,0,0,0,0,241,393
2015-16,MEGHALAYA,EAST JAINTIA HILLS,SCHEDULED CASTE,TOTAL,MARGINAL,0,0,0,0,0,0
2015-16,MEGHALAYA,EAST JAINTIA HILLS,SCHEDULED CASTE,TOTAL,SMALL,0,0,0,0,0,0
2015-16,MEGHALAYA,EAST JAINTIA HILLS,SCHEDULED CASTE,TOTAL,SEMIMEDIUM,0,0,0,0,0,0
2015-16,MEGHALAYA,EAST JAINTIA HILLS,SCHEDULED CASTE,TOTAL,MEDIUM,0,0,0,0,0,0
2015-16,MEGHALAYA,EAST JAINTIA HILLS,SCHEDULED CASTE,TOTAL,LARGE,0,0,0,0,0,0
2015-16,MEGHALAYA,EAST JAINTIA HILLS,SCHEDULED CASTE,TOTAL,ALL CLASSES,0,0,0,0,0,0
2015-16,MEGHALAYA,EAST JAINTIA HILLS,SCHEDULED TRIBES,TOTAL,MARGINAL,8575,3932,0,0,8575,3932
2015-16,MEGHALAYA,EAST JAINTIA HILLS,SCHEDULED TRIBES,TOTAL,SMALL,2487,2839,0,0,2487,2839
2015-16,MEGHALAYA,EAST JAINTIA HILLS,SCHEDULED TRIBES,TOTAL,SEMIMEDIUM,1976,5038,0,0,1976,5038
2015-16,MEGHALAYA,EAST JAINTIA HILLS,SCHEDULED TRIBES,TOTAL,MEDIUM,595,3171,0,0,595,3171
2015-16,MEGHALAYA,EAST JAINTIA HILLS,SCHEDULED TRIBES,TOTAL,LARGE,29,405,0,0,29,405
2015-16,MEGHALAYA,EAST JAINTIA HILLS,SCHEDULED TRIBES,TOTAL,ALL CLASSES,13662,15384,0,0,13662,15384
2015-16,MEGHALAYA,EAST JAINTIA HILLS,OTHERS,TOTAL,MARGINAL,0,0,0,0,0,0
2015-16,MEGHALAYA,EAST JAINTIA HILLS,OTHERS,TOTAL,SMALL,0,0,0,0,0,0
2015-16,MEGHALAYA,EAST JAINTIA HILLS,OTHERS,TOTAL,SEMIMEDIUM,0,0,0,0,0,0
2015-16,MEGHALAYA,EAST JAINTIA HILLS,OTHERS,TOTAL,MEDIUM,0,0,0,0,0,0
2015-16,MEGHALAYA,EAST JAINTIA HILLS,OTHERS,TOTAL,LARGE,0,0,0,0,0,0
2015-16,MEGHALAYA,EAST JAINTIA HILLS,OTHERS,TOTAL,ALL CLASSES,0,0,0,0,0,0
2015-16,MEGHALAYA,EAST JAINTIA HILLS,INSTITUTIONAL,TOTAL,MARGINAL,0,0,0,0,5,1
2015-16,MEGHALAYA,EAST JAINTIA HILLS,INSTITUTIONAL,TOTAL,SMALL,0,0,0,0,0,0
2015-16,MEGHALAYA,EAST JAINTIA HILLS,INSTITUTIONAL,TOTAL,SEMIMEDIUM,0,0,0,0,0,0
2015-16,MEGHALAYA,EAST JAINTIA HILLS,INSTITUTIONAL,TOTAL,MEDIUM,0,0,0,0,0,0
2015-16,MEGHALAYA,EAST JAINTIA HILLS,INSTITUTIONAL,TOTAL,LARGE,0,0,0,0,0,0
2015-16,MEGHALAYA,EAST JAINTIA HILLS,INSTITUTIONAL,TOTAL,ALL CLASSES,0,0,0,0,5,1
2015-16,MEGHALAYA,EAST KHASI HILLS,SCHEDULED CASTE,TOTAL,MARGINAL,15,7,0,0,15,7
2015-16,MEGHALAYA,EAST KHASI HILLS,SCHEDULED CASTE,TOTAL,SMALL,15,22,0,0,15,22
2015-16,MEGHALAYA,EAST KHASI HILLS,SCHEDULED CASTE,TOTAL,SEMIMEDIUM,5,10,0,0,5,10
2015-16,MEGHALAYA,EAST KHASI HILLS,SCHEDULED CASTE,TOTAL,MEDIUM,0,0,0,0,0,0
2015-16,MEGHALAYA,EAST KHASI HILLS,SCHEDULED CASTE,TOTAL,LARGE,0,0,0,0,0,0
2015-16,MEGHALAYA,EAST KHASI HILLS,SCHEDULED CASTE,TOTAL,ALL CLASSES,35,39,0,0,35,39
2015-16,MEGHALAYA,EAST KHASI HILLS,SCHEDULED TRIBES,TOTAL,MARGINAL,22972,9914,0,0,22972,9914
2015-16,MEGHALAYA,EAST KHASI HILLS,SCHEDULED TRIBES,TOTAL,SMALL,12214,14029,0,0,12214,14029
2015-16,MEGHALAYA,EAST KHASI HILLS,SCHEDULED TRIBES,TOTAL,SEMIMEDIUM,7322,19734,0,0,7322,19734
2015-16,MEGHALAYA,EAST KHASI HILLS,SCHEDULED TRIBES,TOTAL,MEDIUM,794,3928,0,0,794,3928
2015-16,MEGHALAYA,EAST KHASI HILLS,SCHEDULED TRIBES,TOTAL,LARGE,20,308,0,0,20,308
2015-16,MEGHALAYA,EAST KHASI HILLS,SCHEDULED TRIBES,TOTAL,ALL CLASSES,43322,47914,0,0,43322,47914
2015-16,MEGHALAYA,EAST KHASI HILLS,OTHERS,TOTAL,MARGINAL,0,0,0,0,0,0
2015-16,MEGHALAYA,EAST KHASI HILLS,OTHERS,TOTAL,SMALL,0,0,0,0,0,0
2015-16,MEGHALAYA,EAST KHASI HILLS,OTHERS,TOTAL,SEMIMEDIUM,0,0,0,0,0,0
2015-16,MEGHALAYA,EAST KHASI HILLS,OTHERS,TOTAL,MEDIUM,0,0,0,0,0,0
2015-16,MEGHALAYA,EAST KHASI HILLS,OTHERS,TOTAL,LARGE,0,0,0,0,0,0
2015-16,MEGHALAYA,EAST KHASI HILLS,OTHERS,TOTAL,ALL CLASSES,0,0,0,0,0,0
2015-16,MEGHALAYA,EAST KHASI HILLS,INSTITUTIONAL,TOTAL,MARGINAL,0,0,0,0,5,3
2015-16,MEGHALAYA,EAST KHASI HILLS,INSTITUTIONAL,TOTAL,SMALL,0,0,0,0,0,0
2015-16,MEGHALAYA,EAST KHASI HILLS,INSTITUTIONAL,TOTAL,SEMIMEDIUM,0,0,0,0,0,0
2015-16,MEGHALAYA,EAST KHASI HILLS,INSTITUTIONAL,TOTAL,MEDIUM,0,0,0,0,0,0
2015-16,MEGHALAYA,EAST KHASI HILLS,INSTITUTIONAL,TOTAL,LARGE,0,0,0,0,5,507
2015-16,MEGHALAYA,EAST KHASI HILLS,INSTITUTIONAL,TOTAL,ALL CLASSES,0,0,0,0,10,510
2015-16,MEGHALAYA,NORTH GARO HILLS,SCHEDULED CASTE,TOTAL,MARGINAL,20,4,0,0,20,4
2015-16,MEGHALAYA,NORTH GARO HILLS,SCHEDULED CASTE,TOTAL,SMALL,0,0,0,0,0,0
2015-16,MEGHALAYA,NORTH GARO HILLS,SCHEDULED CASTE,TOTAL,SEMIMEDIUM,0,0,0,0,0,0
2015-16,MEGHALAYA,NORTH GARO HILLS,SCHEDULED CASTE,TOTAL,MEDIUM,0,0,0,0,0,0
2015-16,MEGHALAYA,NORTH GARO HILLS,SCHEDULED CASTE,TOTAL,LARGE,0,0,0,0,0,0
2015-16,MEGHALAYA,NORTH GARO HILLS,SCHEDULED CASTE,TOTAL,ALL CLASSES,20,4,0,0,20,4
2015-16,MEGHALAYA,NORTH GARO HILLS,SCHEDULED TRIBES,TOTAL,MARGINAL,3827,2718,0,0,3827,2718
2015-16,MEGHALAYA,NORTH GARO HILLS,SCHEDULED TRIBES,TOTAL,SMALL,1364,2537,0,0,1364,2537
2015-16,MEGHALAYA,NORTH GARO HILLS,SCHEDULED TRIBES,TOTAL,SEMIMEDIUM,1645,5014,0,0,1645,5014
2015-16,MEGHALAYA,NORTH GARO HILLS,SCHEDULED TRIBES,TOTAL,MEDIUM,339,1817,0,0,339,1817
2015-16,MEGHALAYA,NORTH GARO HILLS,SCHEDULED TRIBES,TOTAL,LARGE,10,129,0,0,10,129
2015-16,MEGHALAYA,NORTH GARO HILLS,SCHEDULED TRIBES,TOTAL,ALL CLASSES,7185,12214,0,0,7185,12214
2015-16,MEGHALAYA,NORTH GARO HILLS,OTHERS,TOTAL,MARGINAL,25,12,0,0,25,12
2015-16,MEGHALAYA,NORTH GARO HILLS,OTHERS,TOTAL,SMALL,5,10,0,0,5,10
2015-16,MEGHALAYA,NORTH GARO HILLS,OTHERS,TOTAL,SEMIMEDIUM,5,11,0,0,5,11
2015-16,MEGHALAYA,NORTH GARO HILLS,OTHERS,TOTAL,MEDIUM,0,0,0,0,0,0
2015-16,MEGHALAYA,NORTH GARO HILLS,OTHERS,TOTAL,LARGE,0,0,0,0,0,0
2015-16,MEGHALAYA,NORTH GARO HILLS,OTHERS,TOTAL,ALL CLASSES,35,33,0,0,35,33
2015-16,MEGHALAYA,NORTH GARO HILLS,INSTITUTIONAL,TOTAL,MARGINAL,0,0,0,0,0,0
2015-16,MEGHALAYA,NORTH GARO HILLS,INSTITUTIONAL,TOTAL,SMALL,0,0,0,0,0,0
2015-16,MEGHALAYA,NORTH GARO HILLS,INSTITUTIONAL,TOTAL,SEMIMEDIUM,0,0,0,0,0,0
2015-16,MEGHALAYA,NORTH GARO HILLS,INSTITUTIONAL,TOTAL,MEDIUM,0,0,0,0,0,0
2015-16,MEGHALAYA,NORTH GARO HILLS,INSTITUTIONAL,TOTAL,LARGE,0,0,0,0,0,0
2015-16,MEGHALAYA,NORTH GARO HILLS,INSTITUTIONAL,TOTAL,ALL CLASSES,0,0,0,0,0,0
2015-16,MEGHALAYA,RI-BHOI,SCHEDULED CASTE,TOTAL,MARGINAL,0,0,0,0,0,0
2015-16,MEGHALAYA,RI-BHOI,SCHEDULED CASTE,TOTAL,SMALL,0,0,0,0,0,0
2015-16,MEGHALAYA,RI-BHOI,SCHEDULED CASTE,TOTAL,SEMIMEDIUM,0,0,0,0,0,0
2015-16,MEGHALAYA,RI-BHOI,SCHEDULED CASTE,TOTAL,MEDIUM,0,0,0,0,0,0
2015-16,MEGHALAYA,RI-BHOI,SCHEDULED CASTE,TOTAL,LARGE,0,0,0,0,0,0
2015-16,MEGHALAYA,RI-BHOI,SCHEDULED CASTE,TOTAL,ALL CLASSES,0,0,0,0,0,0
2015-16,MEGHALAYA,RI-BHOI,SCHEDULED TRIBES,TOTAL,MARGINAL,15402,5906,0,0,15402,5906
2015-16,MEGHALAYA,RI-BHOI,SCHEDULED TRIBES,TOTAL,SMALL,6516,8313,0,0,6516,8313
2015-16,MEGHALAYA,RI-BHOI,SCHEDULED TRIBES,TOTAL,SEMIMEDIUM,4454,11819,0,0,4454,11819
2015-16,MEGHALAYA,RI-BHOI,SCHEDULED TRIBES,TOTAL,MEDIUM,1341,6789,0,0,1341,6789
2015-16,MEGHALAYA,RI-BHOI,SCHEDULED TRIBES,TOTAL,LARGE,37,505,0,0,37,505
2015-16,MEGHALAYA,RI-BHOI,SCHEDULED TRIBES,TOTAL,ALL CLASSES,27750,33331,0,0,27750,33331
2015-16,MEGHALAYA,RI-BHOI,OTHERS,TOTAL,MARGINAL,89,29,0,0,89,29
2015-16,MEGHALAYA,RI-BHOI,OTHERS,TOTAL,SMALL,0,0,0,0,0,0
2015-16,MEGHALAYA,RI-BHOI,OTHERS,TOTAL,SEMIMEDIUM,0,0,0,0,0,0
2015-16,MEGHALAYA,RI-BHOI,OTHERS,TOTAL,MEDIUM,0,0,0,0,0,0
2015-16,MEGHALAYA,RI-BHOI,OTHERS,TOTAL,LARGE,0,0,0,0,0,0
2015-16,MEGHALAYA,RI-BHOI,OTHERS,TOTAL,ALL CLASSES,89,30,0,0,89,30
2015-16,MEGHALAYA,RI-BHOI,INSTITUTIONAL,TOTAL,MARGINAL,0,0,0,0,21,10
2015-16,MEGHALAYA,RI-BHOI,INSTITUTIONAL,TOTAL,SMALL,0,0,0,0,0,0
2015-16,MEGHALAYA,RI-BHOI,INSTITUTIONAL,TOTAL,SEMIMEDIUM,0,0,0,0,0,0
2015-16,MEGHALAYA,RI-BHOI,INSTITUTIONAL,TOTAL,MEDIUM,0,0,0,0,0,0
2015-16,MEGHALAYA,RI-BHOI,INSTITUTIONAL,TOTAL,LARGE,0,0,0,0,0,0
2015-16,MEGHALAYA,RI-BHOI,INSTITUTIONAL,TOTAL,ALL CLASSES,0,0,0,0,21,10
2015-16,MEGHALAYA,SOUTH GARO HILLS,SCHEDULED CASTE,TOTAL,MARGINAL,15,5,0,0,15,5
2015-16,MEGHALAYA,SOUTH GARO HILLS,SCHEDULED CASTE,TOTAL,SMALL,5,9,0,0,5,9
2015-16,MEGHALAYA,SOUTH GARO HILLS,SCHEDULED CASTE,TOTAL,SEMIMEDIUM,0,0,0,0,0,0
2015-16,MEGHALAYA,SOUTH GARO HILLS,SCHEDULED CASTE,TOTAL,MEDIUM,0,0,0,0,0,0
2015-16,MEGHALAYA,SOUTH GARO HILLS,SCHEDULED CASTE,TOTAL,LARGE,0,0,0,0,0,0
2015-16,MEGHALAYA,SOUTH GARO HILLS,SCHEDULED CASTE,TOTAL,ALL CLASSES,20,14,0,0,20,14
2015-16,MEGHALAYA,SOUTH GARO HILLS,SCHEDULED TRIBES,TOTAL,MARGINAL,5813,3340,0,0,5813,3340
2015-16,MEGHALAYA,SOUTH GARO HILLS,SCHEDULED TRIBES,TOTAL,SMALL,2970,4145,0,0,2970,4145
2015-16,MEGHALAYA,SOUTH GARO HILLS,SCHEDULED TRIBES,TOTAL,SEMIMEDIUM,2222,6212,0,0,2222,6212
2015-16,MEGHALAYA,SOUTH GARO HILLS,SCHEDULED TRIBES,TOTAL,MEDIUM,880,5164,0,0,880,5164
2015-16,MEGHALAYA,SOUTH GARO HILLS,SCHEDULED TRIBES,TOTAL,LARGE,25,538,0,0,25,538
2015-16,MEGHALAYA,SOUTH GARO HILLS,SCHEDULED TRIBES,TOTAL,ALL CLASSES,11910,19399,0,0,11910,19399
2015-16,MEGHALAYA,SOUTH GARO HILLS,OTHERS,TOTAL,MARGINAL,35,6,0,0,35,6
2015-16,MEGHALAYA,SOUTH GARO HILLS,OTHERS,TOTAL,SMALL,10,12,0,0,10,12
2015-16,MEGHALAYA,SOUTH GARO HILLS,OTHERS,TOTAL,SEMIMEDIUM,20,51,0,0,20,51
2015-16,MEGHALAYA,SOUTH GARO HILLS,OTHERS,TOTAL,MEDIUM,0,0,0,0,0,0
2015-16,MEGHALAYA,SOUTH GARO HILLS,OTHERS,TOTAL,LARGE,0,0,0,0,0,0
2015-16,MEGHALAYA,SOUTH GARO HILLS,OTHERS,TOTAL,ALL CLASSES,65,69,0,0,65,69
2015-16,MEGHALAYA,SOUTH GARO HILLS,INSTITUTIONAL,TOTAL,MARGINAL,0,0,0,0,0,0
2015-16,MEGHALAYA,SOUTH GARO HILLS,INSTITUTIONAL,TOTAL,SMALL,0,0,0,0,0,0
2015-16,MEGHALAYA,SOUTH GARO HILLS,INSTITUTIONAL,TOTAL,SEMIMEDIUM,0,0,0,0,0,0
2015-16,MEGHALAYA,SOUTH GARO HILLS,INSTITUTIONAL,TOTAL,MEDIUM,0,0,0,0,0,0
2015-16,MEGHALAYA,SOUTH GARO HILLS,INSTITUTIONAL,TOTAL,LARGE,0,0,0,0,0,0
2015-16,MEGHALAYA,SOUTH GARO HILLS,INSTITUTIONAL,TOTAL,ALL CLASSES,0,0,0,0,0,0
2015-16,MEGHALAYA,SOUTH WEST GARO HILLS,SCHEDULED CASTE,TOTAL,MARGINAL,10,2,0,0,10,2
2015-16,MEGHALAYA,SOUTH WEST GARO HILLS,SCHEDULED CASTE,TOTAL,SMALL,0,0,0,0,0,0
2015-16,MEGHALAYA,SOUTH WEST GARO HILLS,SCHEDULED CASTE,TOTAL,SEMIMEDIUM,0,0,0,0,0,0
2015-16,MEGHALAYA,SOUTH WEST GARO HILLS,SCHEDULED CASTE,TOTAL,MEDIUM,0,0,0,0,0,0
2015-16,MEGHALAYA,SOUTH WEST GARO HILLS,SCHEDULED CASTE,TOTAL,LARGE,0,0,0,0,0,0
2015-16,MEGHALAYA,SOUTH WEST GARO HILLS,SCHEDULED CASTE,TOTAL,ALL CLASSES,10,2,0,0,10,2
2015-16,MEGHALAYA,SOUTH WEST GARO HILLS,SCHEDULED TRIBES,TOTAL,MARGINAL,5178,3231,0,0,5178,3231
2015-16,MEGHALAYA,SOUTH WEST GARO HILLS,SCHEDULED TRIBES,TOTAL,SMALL,3282,5421,0,0,3282,5421
2015-16,MEGHALAYA,SOUTH WEST GARO HILLS,SCHEDULED TRIBES,TOTAL,SEMIMEDIUM,2274,6635,0,0,2274,6635
2015-16,MEGHALAYA,SOUTH WEST GARO HILLS,SCHEDULED TRIBES,TOTAL,MEDIUM,1164,6587,0,0,1164,6587
2015-16,MEGHALAYA,SOUTH WEST GARO HILLS,SCHEDULED TRIBES,TOTAL,LARGE,28,451,0,0,28,451
2015-16,MEGHALAYA,SOUTH WEST GARO HILLS,SCHEDULED TRIBES,TOTAL,ALL CLASSES,11926,22327,0,0,11926,22327
2015-16,MEGHALAYA,SOUTH WEST GARO HILLS,OTHERS,TOTAL,MARGINAL,832,177,0,0,832,177
2015-16,MEGHALAYA,SOUTH WEST GARO HILLS,OTHERS,TOTAL,SMALL,90,115,0,0,90,115
2015-16,MEGHALAYA,SOUTH WEST GARO HILLS,OTHERS,TOTAL,SEMIMEDIUM,35,105,0,0,35,105
2015-16,MEGHALAYA,SOUTH WEST GARO HILLS,OTHERS,TOTAL,MEDIUM,15,107,0,0,15,107
2015-16,MEGHALAYA,SOUTH WEST GARO HILLS,OTHERS,TOTAL,LARGE,0,0,0,0,0,0
2015-16,MEGHALAYA,SOUTH WEST GARO HILLS,OTHERS,TOTAL,ALL CLASSES,972,503,0,0,972,503
2015-16,MEGHALAYA,SOUTH WEST GARO HILLS,INSTITUTIONAL,TOTAL,MARGINAL,0,0,0,0,120,36
2015-16,MEGHALAYA,SOUTH WEST GARO HILLS,INSTITUTIONAL,TOTAL,SMALL,0,0,0,0,19,21
2015-16,MEGHALAYA,SOUTH WEST GARO HILLS,INSTITUTIONAL,TOTAL,SEMIMEDIUM,0,0,0,0,15,38
2015-16,MEGHALAYA,SOUTH WEST GARO HILLS,INSTITUTIONAL,TOTAL,MEDIUM,0,0,0,0,5,25
2015-16,MEGHALAYA,SOUTH WEST GARO HILLS,INSTITUTIONAL,TOTAL,LARGE,0,0,0,0,0,0
2015-16,MEGHALAYA,SOUTH WEST GARO HILLS,INSTITUTIONAL,TOTAL,ALL CLASSES,0,0,0,0,159,120
2015-16,MEGHALAYA,SOUTH WEST KHASI HILLS,SCHEDULED CASTE,TOTAL,MARGINAL,0,0,0,0,0,0
2015-16,MEGHALAYA,SOUTH WEST KHASI HILLS,SCHEDULED CASTE,TOTAL,SMALL,0,0,0,0,0,0
2015-16,MEGHALAYA,SOUTH WEST KHASI HILLS,SCHEDULED CASTE,TOTAL,SEMIMEDIUM,0,0,0,0,0,0
2015-16,MEGHALAYA,SOUTH WEST KHASI HILLS,SCHEDULED CASTE,TOTAL,MEDIUM,0,0,0,0,0,0
2015-16,MEGHALAYA,SOUTH WEST KHASI HILLS,SCHEDULED CASTE,TOTAL,LARGE,0,0,0,0,0,0
2015-16,MEGHALAYA,SOUTH WEST KHASI HILLS,SCHEDULED CASTE,TOTAL,ALL CLASSES,0,0,0,0,0,0
2015-16,MEGHALAYA,SOUTH WEST KHASI HILLS,SCHEDULED TRIBES,TOTAL,MARGINAL,8592,4101,0,0,8592,4101
2015-16,MEGHALAYA,SOUTH WEST KHASI HILLS,SCHEDULED TRIBES,TOTAL,SMALL,3337,4252,0,0,3337,4252
2015-16,MEGHALAYA,SOUTH WEST KHASI HILLS,SCHEDULED TRIBES,TOTAL,SEMIMEDIUM,1345,3410,0,0,1345,3410
2015-16,MEGHALAYA,SOUTH WEST KHASI HILLS,SCHEDULED TRIBES,TOTAL,MEDIUM,228,1177,0,0,228,1177
2015-16,MEGHALAYA,SOUTH WEST KHASI HILLS,SCHEDULED TRIBES,TOTAL,LARGE,15,183,0,0,15,183
2015-16,MEGHALAYA,SOUTH WEST KHASI HILLS,SCHEDULED TRIBES,TOTAL,ALL CLASSES,13517,13123,0,0,13517,13123
2015-16,MEGHALAYA,SOUTH WEST KHASI HILLS,OTHERS,TOTAL,MARGINAL,0,0,0,0,0,0
2015-16,MEGHALAYA,SOUTH WEST KHASI HILLS,OTHERS,TOTAL,SMALL,0,0,0,0,0,0
2015-16,MEGHALAYA,SOUTH WEST KHASI HILLS,OTHERS,TOTAL,SEMIMEDIUM,0,0,0,0,0,0
2015-16,MEGHALAYA,SOUTH WEST KHASI HILLS,OTHERS,TOTAL,MEDIUM,0,0,0,0,0,0
2015-16,MEGHALAYA,SOUTH WEST KHASI HILLS,OTHERS,TOTAL,LARGE,0,0,0,0,0,0
2015-16,MEGHALAYA,SOUTH WEST KHASI HILLS,OTHERS,TOTAL,ALL CLASSES,0,0,0,0,0,0
2015-16,MEGHALAYA,SOUTH WEST KHASI HILLS,INSTITUTIONAL,TOTAL,MARGINAL,0,0,0,0,11,3
2015-16,MEGHALAYA,SOUTH WEST KHASI HILLS,INSTITUTIONAL,TOTAL,SMALL,0,0,0,0,0,0
2015-16,MEGHALAYA,SOUTH WEST KHASI HILLS,INSTITUTIONAL,TOTAL,SEMIMEDIUM,0,0,0,0,0,0
2015-16,MEGHALAYA,SOUTH WEST KHASI HILLS,INSTITUTIONAL,TOTAL,MEDIUM,0,0,0,0,0,0
2015-16,MEGHALAYA,SOUTH WEST KHASI HILLS,INSTITUTIONAL,TOTAL,LARGE,0,0,0,0,0,0
2015-16,MEGHALAYA,SOUTH WEST KHASI HILLS,INSTITUTIONAL,TOTAL,ALL CLASSES,0,0,0,0,11,3
2015-16,MEGHALAYA,WEST GARO HILLS,SCHEDULED CASTE,TOTAL,MARGINAL,94,34,0,0,94,34
2015-16,MEGHALAYA,WEST GARO HILLS,SCHEDULED CASTE,TOTAL,SMALL,10,20,0,0,10,20
2015-16,MEGHALAYA,WEST GARO HILLS,SCHEDULED CASTE,TOTAL,SEMIMEDIUM,0,0,0,0,0,0
2015-16,MEGHALAYA,WEST GARO HILLS,SCHEDULED CASTE,TOTAL,MEDIUM,0,0,0,0,0,0
2015-16,MEGHALAYA,WEST GARO HILLS,SCHEDULED CASTE,TOTAL,LARGE,0,0,0,0,0,0
2015-16,MEGHALAYA,WEST GARO HILLS,SCHEDULED CASTE,TOTAL,ALL CLASSES,104,53,0,0,104,53
2015-16,MEGHALAYA,WEST GARO HILLS,SCHEDULED TRIBES,TOTAL,MARGINAL,13185,7418,0,0,13185,7418
2015-16,MEGHALAYA,WEST GARO HILLS,SCHEDULED TRIBES,TOTAL,SMALL,11304,18648,0,0,11304,18648
2015-16,MEGHALAYA,WEST GARO HILLS,SCHEDULED TRIBES,TOTAL,SEMIMEDIUM,7353,22317,0,0,7353,22317
2015-16,MEGHALAYA,WEST GARO HILLS,SCHEDULED TRIBES,TOTAL,MEDIUM,2622,15954,0,0,2622,15954
2015-16,MEGHALAYA,WEST GARO HILLS,SCHEDULED TRIBES,TOTAL,LARGE,62,816,0,0,62,816
2015-16,MEGHALAYA,WEST GARO HILLS,SCHEDULED TRIBES,TOTAL,ALL CLASSES,34526,65153,0,0,34526,65153
2015-16,MEGHALAYA,WEST GARO HILLS,OTHERS,TOTAL,MARGINAL,1004,441,0,0,1004,441
2015-16,MEGHALAYA,WEST GARO HILLS,OTHERS,TOTAL,SMALL,178,194,0,0,178,194
2015-16,MEGHALAYA,WEST GARO HILLS,OTHERS,TOTAL,SEMIMEDIUM,30,76,0,0,30,76
2015-16,MEGHALAYA,WEST GARO HILLS,OTHERS,TOTAL,MEDIUM,0,0,0,0,0,0
2015-16,MEGHALAYA,WEST GARO HILLS,OTHERS,TOTAL,LARGE,0,0,0,0,0,0
2015-16,MEGHALAYA,WEST GARO HILLS,OTHERS,TOTAL,ALL CLASSES,1212,711,0,0,1212,711
2015-16,MEGHALAYA,WEST GARO HILLS,INSTITUTIONAL,TOTAL,MARGINAL,0,0,0,0,265,51
2015-16,MEGHALAYA,WEST GARO HILLS,INSTITUTIONAL,TOTAL,SMALL,0,0,0,0,0,0
2015-16,MEGHALAYA,WEST GARO HILLS,INSTITUTIONAL,TOTAL,SEMIMEDIUM,0,0,0,0,0,0
2015-16,MEGHALAYA,WEST GARO HILLS,INSTITUTIONAL,TOTAL,MEDIUM,0,0,0,0,0,0
2015-16,MEGHALAYA,WEST GARO HILLS,INSTITUTIONAL,TOTAL,LARGE,0,0,0,0,0,0
2015-16,MEGHALAYA,WEST GARO HILLS,INSTITUTIONAL,TOTAL,ALL CLASSES,0,0,0,0,265,51
2015-16,MEGHALAYA,WEST JAINTIA HILLS,SCHEDULED CASTE,TOTAL,MARGINAL,0,0,0,0,0,0
2015-16,MEGHALAYA,WEST JAINTIA HILLS,SCHEDULED CASTE,TOTAL,SMALL,0,0,0,0,0,0
2015-16,MEGHALAYA,WEST JAINTIA HILLS,SCHEDULED CASTE,TOTAL,SEMIMEDIUM,0,0,0,0,0,0
2015-16,MEGHALAYA,WEST JAINTIA HILLS,SCHEDULED CASTE,TOTAL,MEDIUM,0,0,0,0,0,0
2015-16,MEGHALAYA,WEST JAINTIA HILLS,SCHEDULED CASTE,TOTAL,LARGE,0,0,0,0,0,0
2015-16,MEGHALAYA,WEST JAINTIA HILLS,SCHEDULED CASTE,TOTAL,ALL CLASSES,0,0,0,0,0,0
2015-16,MEGHALAYA,WEST JAINTIA HILLS,SCHEDULED TRIBES,TOTAL,MARGINAL,8123,3184,0,0,8123,3184
2015-16,MEGHALAYA,WEST JAINTIA HILLS,SCHEDULED TRIBES,TOTAL,SMALL,5020,5235,0,0,5020,5235
2015-16,MEGHALAYA,WEST JAINTIA HILLS,SCHEDULED TRIBES,TOTAL,SEMIMEDIUM,2398,6141,0,0,2398,6141
2015-16,MEGHALAYA,WEST JAINTIA HILLS,SCHEDULED TRIBES,TOTAL,MEDIUM,345,1661,0,0,345,1661
2015-16,MEGHALAYA,WEST JAINTIA HILLS,SCHEDULED TRIBES,TOTAL,LARGE,6,103,0,0,6,103
2015-16,MEGHALAYA,WEST JAINTIA HILLS,SCHEDULED TRIBES,TOTAL,ALL CLASSES,15892,16325,0,0,15892,16325
2015-16,MEGHALAYA,WEST JAINTIA HILLS,OTHERS,TOTAL,MARGINAL,0,0,0,0,0,0
2015-16,MEGHALAYA,WEST JAINTIA HILLS,OTHERS,TOTAL,SMALL,0,0,0,0,0,0
2015-16,MEGHALAYA,WEST JAINTIA HILLS,OTHERS,TOTAL,SEMIMEDIUM,0,0,0,0,0,0
2015-16,MEGHALAYA,WEST JAINTIA HILLS,OTHERS,TOTAL,MEDIUM,0,0,0,0,0,0
2015-16,MEGHALAYA,WEST JAINTIA HILLS,OTHERS,TOTAL,LARGE,0,0,0,0,0,0
2015-16,MEGHALAYA,WEST JAINTIA HILLS,OTHERS,TOTAL,ALL CLASSES,0,0,0,0,0,0
2015-16,MEGHALAYA,WEST JAINTIA HILLS,INSTITUTIONAL,TOTAL,MARGINAL,0,0,0,0,0,0
2015-16,MEGHALAYA,WEST JAINTIA HILLS,INSTITUTIONAL,TOTAL,SMALL,0,0,0,0,0,0
2015-16,MEGHALAYA,WEST JAINTIA HILLS,INSTITUTIONAL,TOTAL,SEMIMEDIUM,0,0,0,0,0,0
2015-16,MEGHALAYA,WEST JAINTIA HILLS,INSTITUTIONAL,TOTAL,MEDIUM,0,0,0,0,0,0
2015-16,MEGHALAYA,WEST JAINTIA HILLS,INSTITUTIONAL,TOTAL,LARGE,0,0,0,0,0,0
2015-16,MEGHALAYA,WEST JAINTIA HILLS,INSTITUTIONAL,TOTAL,ALL CLASSES,0,0,0,0,0,0
2015-16,MEGHALAYA,WEST KHASI HILLS,SCHEDULED CASTE,TOTAL,MARGINAL,0,0,0,0,0,0
2015-16,MEGHALAYA,WEST KHASI HILLS,SCHEDULED CASTE,TOTAL,SMALL,0,0,0,0,0,0
2015-16,MEGHALAYA,WEST KHASI HILLS,SCHEDULED CASTE,TOTAL,SEMIMEDIUM,0,0,0,0,0,0
2015-16,MEGHALAYA,WEST KHASI HILLS,SCHEDULED CASTE,TOTAL,MEDIUM,0,0,0,0,0,0
2015-16,MEGHALAYA,WEST KHASI HILLS,SCHEDULED CASTE,TOTAL,LARGE,0,0,0,0,0,0
2015-16,MEGHALAYA,WEST KHASI HILLS,SCHEDULED CASTE,TOTAL,ALL CLASSES,0,0,0,0,0,0
2015-16,MEGHALAYA,WEST KHASI HILLS,SCHEDULED TRIBES,TOTAL,MARGINAL,17135,6741,0,0,17135,6741
2015-16,MEGHALAYA,WEST KHASI HILLS,SCHEDULED TRIBES,TOTAL,SMALL,8330,9249,0,0,8330,9249
2015-16,MEGHALAYA,WEST KHASI HILLS,SCHEDULED TRIBES,TOTAL,SEMIMEDIUM,6246,16332,0,0,6246,16332
2015-16,MEGHALAYA,WEST KHASI HILLS,SCHEDULED TRIBES,TOTAL,MEDIUM,769,4089,0,0,769,4089
2015-16,MEGHALAYA,WEST KHASI HILLS,SCHEDULED TRIBES,TOTAL,LARGE,15,174,0,0,15,174
2015-16,MEGHALAYA,WEST KHASI HILLS,SCHEDULED TRIBES,TOTAL,ALL CLASSES,32495,36584,0,0,32495,36584
2015-16,MEGHALAYA,WEST KHASI HILLS,OTHERS,TOTAL,MARGINAL,4,2,0,0,4,2
2015-16,MEGHALAYA,WEST KHASI HILLS,OTHERS,TOTAL,SMALL,9,10,0,0,9,10
2015-16,MEGHALAYA,WEST KHASI HILLS,OTHERS,TOTAL,SEMIMEDIUM,0,0,0,0,0,0
2015-16,MEGHALAYA,WEST KHASI HILLS,OTHERS,TOTAL,MEDIUM,0,0,0,0,0,0
2015-16,MEGHALAYA,WEST KHASI HILLS,OTHERS,TOTAL,LARGE,0,0,0,0,0,0
2015-16,MEGHALAYA,WEST KHASI HILLS,OTHERS,TOTAL,ALL CLASSES,13,12,0,0,13,12
2015-16,MEGHALAYA,WEST KHASI HILLS,INSTITUTIONAL,TOTAL,MARGINAL,0,0,0,0,20,8
2015-16,MEGHALAYA,WEST KHASI HILLS,INSTITUTIONAL,TOTAL,SMALL,0,0,0,0,0,0
2015-16,MEGHALAYA,WEST KHASI HILLS,INSTITUTIONAL,TOTAL,SEMIMEDIUM,0,0,0,0,0,0
2015-16,MEGHALAYA,WEST KHASI HILLS,INSTITUTIONAL,TOTAL,MEDIUM,0,0,0,0,0,0
2015-16,MEGHALAYA,WEST KHASI HILLS,INSTITUTIONAL,TOTAL,LARGE,0,0,0,0,0,0
2015-16,MEGHALAYA,WEST KHASI HILLS,INSTITUTIONAL,TOTAL,ALL CLASSES,0,0,0,0,20,8
2015-16,MIZORAM,AIZAWL,SCHEDULED CASTE,TOTAL,MARGINAL,0,0,0,0,0,0
2015-16,MIZORAM,AIZAWL,SCHEDULED CASTE,TOTAL,SMALL,0,0,0,0,0,0
2015-16,MIZORAM,AIZAWL,SCHEDULED CASTE,TOTAL,SEMIMEDIUM,0,0,0,0,0,0
2015-16,MIZORAM,AIZAWL,SCHEDULED CASTE,TOTAL,MEDIUM,0,0,0,0,0,0
2015-16,MIZORAM,AIZAWL,SCHEDULED CASTE,TOTAL,LARGE,0,0,0,0,0,0
2015-16,MIZORAM,AIZAWL,SCHEDULED CASTE,TOTAL,ALL CLASSES,0,0,0,0,0,0
2015-16,MIZORAM,AIZAWL,SCHEDULED TRIBES,TOTAL,MARGINAL,9831,5761,0,0,9831,5761
2015-16,MIZORAM,AIZAWL,SCHEDULED TRIBES,TOTAL,SMALL,3898,5116,0,0,3898,5116
2015-16,MIZORAM,AIZAWL,SCHEDULED TRIBES,TOTAL,SEMIMEDIUM,1892,4390,0,0,1892,4390
2015-16,MIZORAM,AIZAWL,SCHEDULED TRIBES,TOTAL,MEDIUM,174,792,0,0,174,792
2015-16,MIZORAM,AIZAWL,SCHEDULED TRIBES,TOTAL,LARGE,9,117,0,0,9,117
2015-16,MIZORAM,AIZAWL,SCHEDULED TRIBES,TOTAL,ALL CLASSES,15804,16176,0,0,15804,16176
2015-16,MIZORAM,AIZAWL,OTHERS,TOTAL,MARGINAL,0,0,0,0,0,0
2015-16,MIZORAM,AIZAWL,OTHERS,TOTAL,SMALL,0,0,0,0,0,0
2015-16,MIZORAM,AIZAWL,OTHERS,TOTAL,SEMIMEDIUM,0,0,0,0,0,0
2015-16,MIZORAM,AIZAWL,OTHERS,TOTAL,MEDIUM,0,0,0,0,0,0
2015-16,MIZORAM,AIZAWL,OTHERS,TOTAL,LARGE,0,0,0,0,0,0
2015-16,MIZORAM,AIZAWL,OTHERS,TOTAL,ALL CLASSES,0,0,0,0,0,0
2015-16,MIZORAM,AIZAWL,INSTITUTIONAL,TOTAL,MARGINAL,0,0,0,0,0,0
2015-16,MIZORAM,AIZAWL,INSTITUTIONAL,TOTAL,SMALL,0,0,0,0,0,0
2015-16,MIZORAM,AIZAWL,INSTITUTIONAL,TOTAL,SEMIMEDIUM,0,0,0,0,0,0
2015-16,MIZORAM,AIZAWL,INSTITUTIONAL,TOTAL,MEDIUM,0,0,0,0,0,0
2015-16,MIZORAM,AIZAWL,INSTITUTIONAL,TOTAL,LARGE,0,0,0,0,0,0
2015-16,MIZORAM,AIZAWL,INSTITUTIONAL,TOTAL,ALL CLASSES,0,0,0,0,0,0
2015-16,MIZORAM,CHAMPHAI,SCHEDULED CASTE,TOTAL,MARGINAL,0,0,0,0,0,0
2015-16,MIZORAM,CHAMPHAI,SCHEDULED CASTE,TOTAL,SMALL,0,0,0,0,0,0
2015-16,MIZORAM,CHAMPHAI,SCHEDULED CASTE,TOTAL,SEMIMEDIUM,0,0,0,0,0,0
2015-16,MIZORAM,CHAMPHAI,SCHEDULED CASTE,TOTAL,MEDIUM,0,0,0,0,0,0
2015-16,MIZORAM,CHAMPHAI,SCHEDULED CASTE,TOTAL,LARGE,0,0,0,0,0,0
2015-16,MIZORAM,CHAMPHAI,SCHEDULED CASTE,TOTAL,ALL CLASSES,0,0,0,0,0,0
2015-16,MIZORAM,CHAMPHAI,SCHEDULED TRIBES,TOTAL,MARGINAL,9014,5379,0,0,9014,5379
2015-16,MIZORAM,CHAMPHAI,SCHEDULED TRIBES,TOTAL,SMALL,2172,2820,0,0,2172,2820
2015-16,MIZORAM,CHAMPHAI,SCHEDULED TRIBES,TOTAL,SEMIMEDIUM,300,743,0,0,300,743
2015-16,MIZORAM,CHAMPHAI,SCHEDULED TRIBES,TOTAL,MEDIUM,41,188,0,0,41,188
2015-16,MIZORAM,CHAMPHAI,SCHEDULED TRIBES,TOTAL,LARGE,0,0,0,0,0,0
2015-16,MIZORAM,CHAMPHAI,SCHEDULED TRIBES,TOTAL,ALL CLASSES,11527,9131,0,0,11527,9131
2015-16,MIZORAM,CHAMPHAI,OTHERS,TOTAL,MARGINAL,10,4,0,0,10,4
2015-16,MIZORAM,CHAMPHAI,OTHERS,TOTAL,SMALL,5,6,0,0,5,6
2015-16,MIZORAM,CHAMPHAI,OTHERS,TOTAL,SEMIMEDIUM,5,10,0,0,5,10
2015-16,MIZORAM,CHAMPHAI,OTHERS,TOTAL,MEDIUM,0,0,0,0,0,0
2015-16,MIZORAM,CHAMPHAI,OTHERS,TOTAL,LARGE,0,0,0,0,0,0
2015-16,MIZORAM,CHAMPHAI,OTHERS,TOTAL,ALL CLASSES,20,21,0,0,20,21
2015-16,MIZORAM,CHAMPHAI,INSTITUTIONAL,TOTAL,MARGINAL,0,0,0,0,5,4
2015-16,MIZORAM,CHAMPHAI,INSTITUTIONAL,TOTAL,SMALL,0,0,0,0,0,0
2015-16,MIZORAM,CHAMPHAI,INSTITUTIONAL,TOTAL,SEMIMEDIUM,0,0,0,0,10,21
2015-16,MIZORAM,CHAMPHAI,INSTITUTIONAL,TOTAL,MEDIUM,0,0,0,0,5,21
2015-16,MIZORAM,CHAMPHAI,INSTITUTIONAL,TOTAL,LARGE,0,0,0,0,0,0
2015-16,MIZORAM,CHAMPHAI,INSTITUTIONAL,TOTAL,ALL CLASSES,0,0,0,0,20,46
2015-16,MIZORAM,KOLASIB,SCHEDULED CASTE,TOTAL,MARGINAL,0,0,0,0,0,0
2015-16,MIZORAM,KOLASIB,SCHEDULED CASTE,TOTAL,SMALL,0,0,0,0,0,0
2015-16,MIZORAM,KOLASIB,SCHEDULED CASTE,TOTAL,SEMIMEDIUM,0,0,0,0,0,0
2015-16,MIZORAM,KOLASIB,SCHEDULED CASTE,TOTAL,MEDIUM,0,0,0,0,0,0
2015-16,MIZORAM,KOLASIB,SCHEDULED CASTE,TOTAL,LARGE,0,0,0,0,0,0
2015-16,MIZORAM,KOLASIB,SCHEDULED CASTE,TOTAL,ALL CLASSES,0,0,0,0,0,0
2015-16,MIZORAM,KOLASIB,SCHEDULED TRIBES,TOTAL,MARGINAL,1520,729,0,0,1520,729
2015-16,MIZORAM,KOLASIB,SCHEDULED TRIBES,TOTAL,SMALL,2546,2743,0,0,2546,2743
2015-16,MIZORAM,KOLASIB,SCHEDULED TRIBES,TOTAL,SEMIMEDIUM,3462,7638,0,0,3462,7638
2015-16,MIZORAM,KOLASIB,SCHEDULED TRIBES,TOTAL,MEDIUM,1577,7536,0,0,1577,7536
2015-16,MIZORAM,KOLASIB,SCHEDULED TRIBES,TOTAL,LARGE,117,1262,0,0,117,1262
2015-16,MIZORAM,KOLASIB,SCHEDULED TRIBES,TOTAL,ALL CLASSES,9222,19907,0,0,9222,19907
2015-16,MIZORAM,KOLASIB,OTHERS,TOTAL,MARGINAL,19,12,0,0,19,12
2015-16,MIZORAM,KOLASIB,OTHERS,TOTAL,SMALL,28,42,0,0,28,42
2015-16,MIZORAM,KOLASIB,OTHERS,TOTAL,SEMIMEDIUM,29,78,0,0,29,78
2015-16,MIZORAM,KOLASIB,OTHERS,TOTAL,MEDIUM,14,67,0,0,14,67
2015-16,MIZORAM,KOLASIB,OTHERS,TOTAL,LARGE,9,105,0,0,9,105
2015-16,MIZORAM,KOLASIB,OTHERS,TOTAL,ALL CLASSES,99,303,0,0,99,303
2015-16,MIZORAM,KOLASIB,INSTITUTIONAL,TOTAL,MARGINAL,0,0,0,0,0,0
2015-16,MIZORAM,KOLASIB,INSTITUTIONAL,TOTAL,SMALL,0,0,0,0,0,0
2015-16,MIZORAM,KOLASIB,INSTITUTIONAL,TOTAL,SEMIMEDIUM,0,0,0,0,0,0
2015-16,MIZORAM,KOLASIB,INSTITUTIONAL,TOTAL,MEDIUM,0,0,0,0,0,0
2015-16,MIZORAM,KOLASIB,INSTITUTIONAL,TOTAL,LARGE,0,0,0,0,0,0
2015-16,MIZORAM,KOLASIB,INSTITUTIONAL,TOTAL,ALL CLASSES,0,0,0,0,0,0
2015-16,MIZORAM,LAWNGTLAI,SCHEDULED CASTE,TOTAL,MARGINAL,0,0,0,0,0,0
2015-16,MIZORAM,LAWNGTLAI,SCHEDULED CASTE,TOTAL,SMALL,0,0,0,0,0,0
2015-16,MIZORAM,LAWNGTLAI,SCHEDULED CASTE,TOTAL,SEMIMEDIUM,0,0,0,0,0,0
2015-16,MIZORAM,LAWNGTLAI,SCHEDULED CASTE,TOTAL,MEDIUM,0,0,0,0,0,0
2015-16,MIZORAM,LAWNGTLAI,SCHEDULED CASTE,TOTAL,LARGE,0,0,0,0,0,0
2015-16,MIZORAM,LAWNGTLAI,SCHEDULED CASTE,TOTAL,ALL CLASSES,0,0,0,0,0,0
2015-16,MIZORAM,LAWNGTLAI,SCHEDULED TRIBES,TOTAL,MARGINAL,5320,3361,0,0,5320,3361
2015-16,MIZORAM,LAWNGTLAI,SCHEDULED TRIBES,TOTAL,SMALL,4382,5256,0,0,4382,5256
2015-16,MIZORAM,LAWNGTLAI,SCHEDULED TRIBES,TOTAL,SEMIMEDIUM,1247,2796,0,0,1247,2796
2015-16,MIZORAM,LAWNGTLAI,SCHEDULED TRIBES,TOTAL,MEDIUM,55,259,0,0,55,259
2015-16,MIZORAM,LAWNGTLAI,SCHEDULED TRIBES,TOTAL,LARGE,0,0,0,0,0,0
2015-16,MIZORAM,LAWNGTLAI,SCHEDULED TRIBES,TOTAL,ALL CLASSES,11004,11671,0,0,11004,11671
2015-16,MIZORAM,LAWNGTLAI,OTHERS,TOTAL,MARGINAL,0,0,0,0,0,0
2015-16,MIZORAM,LAWNGTLAI,OTHERS,TOTAL,SMALL,0,0,0,0,0,0
2015-16,MIZORAM,LAWNGTLAI,OTHERS,TOTAL,SEMIMEDIUM,0,0,0,0,0,0
2015-16,MIZORAM,LAWNGTLAI,OTHERS,TOTAL,MEDIUM,0,0,0,0,0,0
2015-16,MIZORAM,LAWNGTLAI,OTHERS,TOTAL,LARGE,0,0,0,0,0,0
2015-16,MIZORAM,LAWNGTLAI,OTHERS,TOTAL,ALL CLASSES,0,0,0,0,0,0
2015-16,MIZORAM,LAWNGTLAI,INSTITUTIONAL,TOTAL,MARGINAL,0,0,0,0,0,0
2015-16,MIZORAM,LAWNGTLAI,INSTITUTIONAL,TOTAL,SMALL,0,0,0,0,0,0
2015-16,MIZORAM,LAWNGTLAI,INSTITUTIONAL,TOTAL,SEMIMEDIUM,0,0,0,0,0,0
2015-16,MIZORAM,LAWNGTLAI,INSTITUTIONAL,TOTAL,MEDIUM,0,0,0,0,5,25
2015-16,MIZORAM,LAWNGTLAI,INSTITUTIONAL,TOTAL,LARGE,0,0,0,0,0,0
2015-16,MIZORAM,LAWNGTLAI,INSTITUTIONAL,TOTAL,ALL CLASSES,0,0,0,0,5,25
2015-16,MIZORAM,LUNGLEI,SCHEDULED CASTE,TOTAL,MARGINAL,0,0,0,0,0,0
2015-16,MIZORAM,LUNGLEI,SCHEDULED CASTE,TOTAL,SMALL,0,0,0,0,0,0
2015-16,MIZORAM,LUNGLEI,SCHEDULED CASTE,TOTAL,SEMIMEDIUM,0,0,0,0,0,0
2015-16,MIZORAM,LUNGLEI,SCHEDULED CASTE,TOTAL,MEDIUM,0,0,0,0,0,0
2015-16,MIZORAM,LUNGLEI,SCHEDULED CASTE,TOTAL,LARGE,0,0,0,0,0,0
2015-16,MIZORAM,LUNGLEI,SCHEDULED CASTE,TOTAL,ALL CLASSES,0,0,0,0,0,0
2015-16,MIZORAM,LUNGLEI,SCHEDULED TRIBES,TOTAL,MARGINAL,8019,5312,0,0,8019,5312
2015-16,MIZORAM,LUNGLEI,SCHEDULED TRIBES,TOTAL,SMALL,6926,9321,0,0,6926,9321
2015-16,MIZORAM,LUNGLEI,SCHEDULED TRIBES,TOTAL,SEMIMEDIUM,868,2001,0,0,868,2001
2015-16,MIZORAM,LUNGLEI,SCHEDULED TRIBES,TOTAL,MEDIUM,14,65,0,0,14,65
2015-16,MIZORAM,LUNGLEI,SCHEDULED TRIBES,TOTAL,LARGE,0,0,0,0,0,0
2015-16,MIZORAM,LUNGLEI,SCHEDULED TRIBES,TOTAL,ALL CLASSES,15827,16699,0,0,15827,16699
2015-16,MIZORAM,LUNGLEI,OTHERS,TOTAL,MARGINAL,0,0,0,0,0,0
2015-16,MIZORAM,LUNGLEI,OTHERS,TOTAL,SMALL,0,0,0,0,0,0
2015-16,MIZORAM,LUNGLEI,OTHERS,TOTAL,SEMIMEDIUM,0,0,0,0,0,0
2015-16,MIZORAM,LUNGLEI,OTHERS,TOTAL,MEDIUM,0,0,0,0,0,0
2015-16,MIZORAM,LUNGLEI,OTHERS,TOTAL,LARGE,0,0,0,0,0,0
2015-16,MIZORAM,LUNGLEI,OTHERS,TOTAL,ALL CLASSES,0,0,0,0,0,0
2015-16,MIZORAM,LUNGLEI,INSTITUTIONAL,TOTAL,MARGINAL,0,0,0,0,0,0
2015-16,MIZORAM,LUNGLEI,INSTITUTIONAL,TOTAL,SMALL,0,0,0,0,0,0
2015-16,MIZORAM,LUNGLEI,INSTITUTIONAL,TOTAL,SEMIMEDIUM,0,0,0,0,0,0
2015-16,MIZORAM,LUNGLEI,INSTITUTIONAL,TOTAL,MEDIUM,0,0,0,0,5,40
2015-16,MIZORAM,LUNGLEI,INSTITUTIONAL,TOTAL,LARGE,0,0,0,0,18,584
2015-16,MIZORAM,LUNGLEI,INSTITUTIONAL,TOTAL,ALL CLASSES,0,0,0,0,23,624
2015-16,MIZORAM,MAMIT,SCHEDULED CASTE,TOTAL,MARGINAL,0,0,0,0,0,0
2015-16,MIZORAM,MAMIT,SCHEDULED CASTE,TOTAL,SMALL,0,0,0,0,0,0
2015-16,MIZORAM,MAMIT,SCHEDULED CASTE,TOTAL,SEMIMEDIUM,0,0,0,0,0,0
2015-16,MIZORAM,MAMIT,SCHEDULED CASTE,TOTAL,MEDIUM,0,0,0,0,0,0
2015-16,MIZORAM,MAMIT,SCHEDULED CASTE,TOTAL,LARGE,0,0,0,0,0,0
2015-16,MIZORAM,MAMIT,SCHEDULED CASTE,TOTAL,ALL CLASSES,0,0,0,0,0,0
2015-16,MIZORAM,MAMIT,SCHEDULED TRIBES,TOTAL,MARGINAL,4835,2774,0,0,4835,2774
2015-16,MIZORAM,MAMIT,SCHEDULED TRIBES,TOTAL,SMALL,4074,5170,0,0,4074,5170
2015-16,MIZORAM,MAMIT,SCHEDULED TRIBES,TOTAL,SEMIMEDIUM,4088,9804,0,0,4088,9804
2015-16,MIZORAM,MAMIT,SCHEDULED TRIBES,TOTAL,MEDIUM,1114,5032,0,0,1114,5032
2015-16,MIZORAM,MAMIT,SCHEDULED TRIBES,TOTAL,LARGE,120,1456,0,0,120,1456
2015-16,MIZORAM,MAMIT,SCHEDULED TRIBES,TOTAL,ALL CLASSES,14231,24236,0,0,14231,24236
2015-16,MIZORAM,MAMIT,OTHERS,TOTAL,MARGINAL,0,0,0,0,0,0
2015-16,MIZORAM,MAMIT,OTHERS,TOTAL,SMALL,0,0,0,0,0,0
2015-16,MIZORAM,MAMIT,OTHERS,TOTAL,SEMIMEDIUM,0,0,0,0,0,0
2015-16,MIZORAM,MAMIT,OTHERS,TOTAL,MEDIUM,0,0,0,0,0,0
2015-16,MIZORAM,MAMIT,OTHERS,TOTAL,LARGE,0,0,0,0,0,0
2015-16,MIZORAM,MAMIT,OTHERS,TOTAL,ALL CLASSES,0,0,0,0,0,0
2015-16,MIZORAM,MAMIT,INSTITUTIONAL,TOTAL,MARGINAL,0,0,0,0,10,6
2015-16,MIZORAM,MAMIT,INSTITUTIONAL,TOTAL,SMALL,0,0,0,0,14,17
2015-16,MIZORAM,MAMIT,INSTITUTIONAL,TOTAL,SEMIMEDIUM,0,0,0,0,0,0
2015-16,MIZORAM,MAMIT,INSTITUTIONAL,TOTAL,MEDIUM,0,0,0,0,0,0
2015-16,MIZORAM,MAMIT,INSTITUTIONAL,TOTAL,LARGE,0,0,0,0,0,0
2015-16,MIZORAM,MAMIT,INSTITUTIONAL,TOTAL,ALL CLASSES,0,0,0,0,24,23
2015-16,MIZORAM,SAIHA,SCHEDULED CASTE,TOTAL,MARGINAL,0,0,0,0,0,0
2015-16,MIZORAM,SAIHA,SCHEDULED CASTE,TOTAL,SMALL,0,0,0,0,0,0
2015-16,MIZORAM,SAIHA,SCHEDULED CASTE,TOTAL,SEMIMEDIUM,0,0,0,0,0,0
2015-16,MIZORAM,SAIHA,SCHEDULED CASTE,TOTAL,MEDIUM,0,0,0,0,0,0
2015-16,MIZORAM,SAIHA,SCHEDULED CASTE,TOTAL,LARGE,0,0,0,0,0,0
2015-16,MIZORAM,SAIHA,SCHEDULED CASTE,TOTAL,ALL CLASSES,0,0,0,0,0,0
2015-16,MIZORAM,SAIHA,SCHEDULED TRIBES,TOTAL,MARGINAL,2777,1670,0,0,2777,1670
2015-16,MIZORAM,SAIHA,SCHEDULED TRIBES,TOTAL,SMALL,1561,1851,0,0,1561,1851
2015-16,MIZORAM,SAIHA,SCHEDULED TRIBES,TOTAL,SEMIMEDIUM,663,1391,0,0,663,1391
2015-16,MIZORAM,SAIHA,SCHEDULED TRIBES,TOTAL,MEDIUM,15,60,0,0,15,60
2015-16,MIZORAM,SAIHA,SCHEDULED TRIBES,TOTAL,LARGE,0,0,0,0,0,0
2015-16,MIZORAM,SAIHA,SCHEDULED TRIBES,TOTAL,ALL CLASSES,5016,4972,0,0,5016,4972
2015-16,MIZORAM,SAIHA,OTHERS,TOTAL,MARGINAL,0,0,0,0,0,0
2015-16,MIZORAM,SAIHA,OTHERS,TOTAL,SMALL,0,0,0,0,0,0
2015-16,MIZORAM,SAIHA,OTHERS,TOTAL,SEMIMEDIUM,0,0,0,0,0,0
2015-16,MIZORAM,SAIHA,OTHERS,TOTAL,MEDIUM,0,0,0,0,0,0
2015-16,MIZORAM,SAIHA,OTHERS,TOTAL,LARGE,0,0,0,0,0,0
2015-16,MIZORAM,SAIHA,OTHERS,TOTAL,ALL CLASSES,0,0,0,0,0,0
2015-16,MIZORAM,SAIHA,INSTITUTIONAL,TOTAL,MARGINAL,0,0,0,0,0,0
2015-16,MIZORAM,SAIHA,INSTITUTIONAL,TOTAL,SMALL,0,0,0,0,0,0
2015-16,MIZORAM,SAIHA,INSTITUTIONAL,TOTAL,SEMIMEDIUM,0,0,0,0,0,0
2015-16,MIZORAM,SAIHA,INSTITUTIONAL,TOTAL,MEDIUM,0,0,0,0,0,0
2015-16,MIZORAM,SAIHA,INSTITUTIONAL,TOTAL,LARGE,0,0,0,0,0,0
2015-16,MIZORAM,SAIHA,INSTITUTIONAL,TOTAL,ALL CLASSES,0,0,0,0,0,0
2015-16,MIZORAM,SERCHHIP,SCHEDULED CASTE,TOTAL,MARGINAL,0,0,0,0,0,0
2015-16,MIZORAM,SERCHHIP,SCHEDULED CASTE,TOTAL,SMALL,0,0,0,0,0,0
2015-16,MIZORAM,SERCHHIP,SCHEDULED CASTE,TOTAL,SEMIMEDIUM,0,0,0,0,0,0
2015-16,MIZORAM,SERCHHIP,SCHEDULED CASTE,TOTAL,MEDIUM,0,0,0,0,0,0
2015-16,MIZORAM,SERCHHIP,SCHEDULED CASTE,TOTAL,LARGE,0,0,0,0,0,0
2015-16,MIZORAM,SERCHHIP,SCHEDULED CASTE,TOTAL,ALL CLASSES,0,0,0,0,0,0
2015-16,MIZORAM,SERCHHIP,SCHEDULED TRIBES,TOTAL,MARGINAL,3593,2150,0,0,3593,2150
2015-16,MIZORAM,SERCHHIP,SCHEDULED TRIBES,TOTAL,SMALL,1877,2721,0,0,1877,2721
2015-16,MIZORAM,SERCHHIP,SCHEDULED TRIBES,TOTAL,SEMIMEDIUM,1270,2801,0,0,1270,2801
2015-16,MIZORAM,SERCHHIP,SCHEDULED TRIBES,TOTAL,MEDIUM,190,826,0,0,190,826
2015-16,MIZORAM,SERCHHIP,SCHEDULED TRIBES,TOTAL,LARGE,12,130,0,0,12,130
2015-16,MIZORAM,SERCHHIP,SCHEDULED TRIBES,TOTAL,ALL CLASSES,6942,8627,0,0,6942,8627
2015-16,MIZORAM,SERCHHIP,OTHERS,TOTAL,MARGINAL,0,0,0,0,0,0
2015-16,MIZORAM,SERCHHIP,OTHERS,TOTAL,SMALL,0,0,0,0,0,0
2015-16,MIZORAM,SERCHHIP,OTHERS,TOTAL,SEMIMEDIUM,0,0,0,0,0,0
2015-16,MIZORAM,SERCHHIP,OTHERS,TOTAL,MEDIUM,0,0,0,0,0,0
2015-16,MIZORAM,SERCHHIP,OTHERS,TOTAL,LARGE,0,0,0,0,0,0
2015-16,MIZORAM,SERCHHIP,OTHERS,TOTAL,ALL CLASSES,0,0,0,0,0,0
2015-16,MIZORAM,SERCHHIP,INSTITUTIONAL,TOTAL,MARGINAL,0,0,0,0,10,4
2015-16,MIZORAM,SERCHHIP,INSTITUTIONAL,TOTAL,SMALL,0,0,0,0,0,0
2015-16,MIZORAM,SERCHHIP,INSTITUTIONAL,TOTAL,SEMIMEDIUM,0,0,0,0,0,0
2015-16,MIZORAM,SERCHHIP,INSTITUTIONAL,TOTAL,MEDIUM,0,0,0,0,0,0
2015-16,MIZORAM,SERCHHIP,INSTITUTIONAL,TOTAL,LARGE,0,0,0,0,0,0
2015-16,MIZORAM,SERCHHIP,INSTITUTIONAL,TOTAL,ALL CLASSES,0,0,0,0,10,4
2015-16,NAGALAND,DIMAPUR,SCHEDULED CASTE,TOTAL,MARGINAL,0,0,0,0,0,0
2015-16,NAGALAND,DIMAPUR,SCHEDULED CASTE,TOTAL,SMALL,0,0,0,0,0,0
2015-16,NAGALAND,DIMAPUR,SCHEDULED CASTE,TOTAL,SEMIMEDIUM,0,0,0,0,0,0
2015-16,NAGALAND,DIMAPUR,SCHEDULED CASTE,TOTAL,MEDIUM,0,0,0,0,0,0
2015-16,NAGALAND,DIMAPUR,SCHEDULED CASTE,TOTAL,LARGE,0,0,0,0,0,0
2015-16,NAGALAND,DIMAPUR,SCHEDULED CASTE,TOTAL,ALL CLASSES,0,0,0,0,0,0
2015-16,NAGALAND,DIMAPUR,SCHEDULED TRIBES,TOTAL,MARGINAL,1026,485,0,0,1026,485
2015-16,NAGALAND,DIMAPUR,SCHEDULED TRIBES,TOTAL,SMALL,2450,2853,0,0,2450,2853
2015-16,NAGALAND,DIMAPUR,SCHEDULED TRIBES,TOTAL,SEMIMEDIUM,9137,22109,0,0,9137,22109
2015-16,NAGALAND,DIMAPUR,SCHEDULED TRIBES,TOTAL,MEDIUM,5460,28670,0,0,5460,28670
2015-16,NAGALAND,DIMAPUR,SCHEDULED TRIBES,TOTAL,LARGE,1826,32085,0,0,1826,32085
2015-16,NAGALAND,DIMAPUR,SCHEDULED TRIBES,TOTAL,ALL CLASSES,19899,86202,0,0,19899,86202
2015-16,NAGALAND,DIMAPUR,OTHERS,TOTAL,MARGINAL,0,0,0,0,0,0
2015-16,NAGALAND,DIMAPUR,OTHERS,TOTAL,SMALL,0,0,0,0,0,0
2015-16,NAGALAND,DIMAPUR,OTHERS,TOTAL,SEMIMEDIUM,0,0,0,0,0,0
2015-16,NAGALAND,DIMAPUR,OTHERS,TOTAL,MEDIUM,0,0,0,0,0,0
2015-16,NAGALAND,DIMAPUR,OTHERS,TOTAL,LARGE,0,0,0,0,0,0
2015-16,NAGALAND,DIMAPUR,OTHERS,TOTAL,ALL CLASSES,0,0,0,0,0,0
2015-16,NAGALAND,DIMAPUR,INSTITUTIONAL,TOTAL,MARGINAL,0,0,0,0,0,0
2015-16,NAGALAND,DIMAPUR,INSTITUTIONAL,TOTAL,SMALL,0,0,0,0,2,4
2015-16,NAGALAND,DIMAPUR,INSTITUTIONAL,TOTAL,SEMIMEDIUM,0,0,0,0,25,50
2015-16,NAGALAND,DIMAPUR,INSTITUTIONAL,TOTAL,MEDIUM,0,0,0,0,61,342
2015-16,NAGALAND,DIMAPUR,INSTITUTIONAL,TOTAL,LARGE,0,0,0,0,27,449
2015-16,NAGALAND,DIMAPUR,INSTITUTIONAL,TOTAL,ALL CLASSES,0,0,0,0,115,845
2015-16,NAGALAND,KIPHIRE,SCHEDULED CASTE,TOTAL,MARGINAL,0,0,0,0,0,0
2015-16,NAGALAND,KIPHIRE,SCHEDULED CASTE,TOTAL,SMALL,0,0,0,0,0,0
2015-16,NAGALAND,KIPHIRE,SCHEDULED CASTE,TOTAL,SEMIMEDIUM,0,0,0,0,0,0
2015-16,NAGALAND,KIPHIRE,SCHEDULED CASTE,TOTAL,MEDIUM,0,0,0,0,0,0
2015-16,NAGALAND,KIPHIRE,SCHEDULED CASTE,TOTAL,LARGE,0,0,0,0,0,0
2015-16,NAGALAND,KIPHIRE,SCHEDULED CASTE,TOTAL,ALL CLASSES,0,0,0,0,0,0
2015-16,NAGALAND,KIPHIRE,SCHEDULED TRIBES,TOTAL,MARGINAL,220,150,0,0,220,150
2015-16,NAGALAND,KIPHIRE,SCHEDULED TRIBES,TOTAL,SMALL,1002,1271,0,0,1002,1271
2015-16,NAGALAND,KIPHIRE,SCHEDULED TRIBES,TOTAL,SEMIMEDIUM,5766,15887,0,0,5766,15887
2015-16,NAGALAND,KIPHIRE,SCHEDULED TRIBES,TOTAL,MEDIUM,3575,20402,0,0,3575,20402
2015-16,NAGALAND,KIPHIRE,SCHEDULED TRIBES,TOTAL,LARGE,325,5321,0,0,325,5321
2015-16,NAGALAND,KIPHIRE,SCHEDULED TRIBES,TOTAL,ALL CLASSES,10888,43029,0,0,10888,43029
2015-16,NAGALAND,KIPHIRE,OTHERS,TOTAL,MARGINAL,0,0,0,0,0,0
2015-16,NAGALAND,KIPHIRE,OTHERS,TOTAL,SMALL,0,0,0,0,0,0
2015-16,NAGALAND,KIPHIRE,OTHERS,TOTAL,SEMIMEDIUM,0,0,0,0,0,0
2015-16,NAGALAND,KIPHIRE,OTHERS,TOTAL,MEDIUM,0,0,0,0,0,0
2015-16,NAGALAND,KIPHIRE,OTHERS,TOTAL,LARGE,0,0,0,0,0,0
2015-16,NAGALAND,KIPHIRE,OTHERS,TOTAL,ALL CLASSES,0,0,0,0,0,0
2015-16,NAGALAND,KIPHIRE,INSTITUTIONAL,TOTAL,MARGINAL,0,0,0,0,0,0
2015-16,NAGALAND,KIPHIRE,INSTITUTIONAL,TOTAL,SMALL,0,0,0,0,15,22
2015-16,NAGALAND,KIPHIRE,INSTITUTIONAL,TOTAL,SEMIMEDIUM,0,0,0,0,83,226
2015-16,NAGALAND,KIPHIRE,INSTITUTIONAL,TOTAL,MEDIUM,0,0,0,0,33,153
2015-16,NAGALAND,KIPHIRE,INSTITUTIONAL,TOTAL,LARGE,0,0,0,0,0,0
2015-16,NAGALAND,KIPHIRE,INSTITUTIONAL,TOTAL,ALL CLASSES,0,0,0,0,131,400
2015-16,NAGALAND,KOHIMA,SCHEDULED CASTE,TOTAL,MARGINAL,0,0,0,0,0,0
2015-16,NAGALAND,KOHIMA,SCHEDULED CASTE,TOTAL,SMALL,0,0,0,0,0,0
2015-16,NAGALAND,KOHIMA,SCHEDULED CASTE,TOTAL,SEMIMEDIUM,0,0,0,0,0,0
2015-16,NAGALAND,KOHIMA,SCHEDULED CASTE,TOTAL,MEDIUM,0,0,0,0,0,0
2015-16,NAGALAND,KOHIMA,SCHEDULED CASTE,TOTAL,LARGE,0,0,0,0,0,0
2015-16,NAGALAND,KOHIMA,SCHEDULED CASTE,TOTAL,ALL CLASSES,0,0,0,0,0,0
2015-16,NAGALAND,KOHIMA,SCHEDULED TRIBES,TOTAL,MARGINAL,335,228,0,0,335,228
2015-16,NAGALAND,KOHIMA,SCHEDULED TRIBES,TOTAL,SMALL,2218,2511,0,0,2218,2511
2015-16,NAGALAND,KOHIMA,SCHEDULED TRIBES,TOTAL,SEMIMEDIUM,5566,15501,0,0,5566,15501
2015-16,NAGALAND,KOHIMA,SCHEDULED TRIBES,TOTAL,MEDIUM,12273,69968,0,0,12273,69968
2015-16,NAGALAND,KOHIMA,SCHEDULED TRIBES,TOTAL,LARGE,1419,17046,0,0,1419,17046
2015-16,NAGALAND,KOHIMA,SCHEDULED TRIBES,TOTAL,ALL CLASSES,21811,105254,0,0,21811,105254
2015-16,NAGALAND,KOHIMA,OTHERS,TOTAL,MARGINAL,0,0,0,0,0,0
2015-16,NAGALAND,KOHIMA,OTHERS,TOTAL,SMALL,0,0,0,0,0,0
2015-16,NAGALAND,KOHIMA,OTHERS,TOTAL,SEMIMEDIUM,0,0,0,0,0,0
2015-16,NAGALAND,KOHIMA,OTHERS,TOTAL,MEDIUM,0,0,0,0,0,0
2015-16,NAGALAND,KOHIMA,OTHERS,TOTAL,LARGE,0,0,0,0,0,0
2015-16,NAGALAND,KOHIMA,OTHERS,TOTAL,ALL CLASSES,0,0,0,0,0,0
2015-16,NAGALAND,KOHIMA,INSTITUTIONAL,TOTAL,MARGINAL,0,0,0,0,20,8
2015-16,NAGALAND,KOHIMA,INSTITUTIONAL,TOTAL,SMALL,0,0,0,0,6,8
2015-16,NAGALAND,KOHIMA,INSTITUTIONAL,TOTAL,SEMIMEDIUM,0,0,0,0,10,23
2015-16,NAGALAND,KOHIMA,INSTITUTIONAL,TOTAL,MEDIUM,0,0,0,0,6,31
2015-16,NAGALAND,KOHIMA,INSTITUTIONAL,TOTAL,LARGE,0,0,0,0,0,0
2015-16,NAGALAND,KOHIMA,INSTITUTIONAL,TOTAL,ALL CLASSES,0,0,0,0,42,69
2015-16,NAGALAND,LONGLENG,SCHEDULED CASTE,TOTAL,MARGINAL,0,0,0,0,0,0
2015-16,NAGALAND,LONGLENG,SCHEDULED CASTE,TOTAL,SMALL,0,0,0,0,0,0
2015-16,NAGALAND,LONGLENG,SCHEDULED CASTE,TOTAL,SEMIMEDIUM,0,0,0,0,0,0
2015-16,NAGALAND,LONGLENG,SCHEDULED CASTE,TOTAL,MEDIUM,0,0,0,0,0,0
2015-16,NAGALAND,LONGLENG,SCHEDULED CASTE,TOTAL,LARGE,0,0,0,0,0,0
2015-16,NAGALAND,LONGLENG,SCHEDULED CASTE,TOTAL,ALL CLASSES,0,0,0,0,0,0
2015-16,NAGALAND,LONGLENG,SCHEDULED TRIBES,TOTAL,MARGINAL,568,293,0,0,568,293
2015-16,NAGALAND,LONGLENG,SCHEDULED TRIBES,TOTAL,SMALL,2682,3409,0,0,2682,3409
2015-16,NAGALAND,LONGLENG,SCHEDULED TRIBES,TOTAL,SEMIMEDIUM,2021,5514,0,0,2021,5514
2015-16,NAGALAND,LONGLENG,SCHEDULED TRIBES,TOTAL,MEDIUM,2867,19796,0,0,2867,19796
2015-16,NAGALAND,LONGLENG,SCHEDULED TRIBES,TOTAL,LARGE,1121,16000,0,0,1121,16000
2015-16,NAGALAND,LONGLENG,SCHEDULED TRIBES,TOTAL,ALL CLASSES,9259,45011,0,0,9259,45011
2015-16,NAGALAND,LONGLENG,OTHERS,TOTAL,MARGINAL,0,0,0,0,0,0
2015-16,NAGALAND,LONGLENG,OTHERS,TOTAL,SMALL,0,0,0,0,0,0
2015-16,NAGALAND,LONGLENG,OTHERS,TOTAL,SEMIMEDIUM,0,0,0,0,0,0
2015-16,NAGALAND,LONGLENG,OTHERS,TOTAL,MEDIUM,0,0,0,0,0,0
2015-16,NAGALAND,LONGLENG,OTHERS,TOTAL,LARGE,0,0,0,0,0,0
2015-16,NAGALAND,LONGLENG,OTHERS,TOTAL,ALL CLASSES,0,0,0,0,0,0
2015-16,NAGALAND,LONGLENG,INSTITUTIONAL,TOTAL,MARGINAL,0,0,0,0,0,0
2015-16,NAGALAND,LONGLENG,INSTITUTIONAL,TOTAL,SMALL,0,0,0,0,12,20
2015-16,NAGALAND,LONGLENG,INSTITUTIONAL,TOTAL,SEMIMEDIUM,0,0,0,0,0,0
2015-16,NAGALAND,LONGLENG,INSTITUTIONAL,TOTAL,MEDIUM,0,0,0,0,24,165
2015-16,NAGALAND,LONGLENG,INSTITUTIONAL,TOTAL,LARGE,0,0,0,0,10,187
2015-16,NAGALAND,LONGLENG,INSTITUTIONAL,TOTAL,ALL CLASSES,0,0,0,0,46,372
2015-16,NAGALAND,MOKOKCHUNG,SCHEDULED CASTE,TOTAL,MARGINAL,0,0,0,0,0,0
2015-16,NAGALAND,MOKOKCHUNG,SCHEDULED CASTE,TOTAL,SMALL,0,0,0,0,0,0
2015-16,NAGALAND,MOKOKCHUNG,SCHEDULED CASTE,TOTAL,SEMIMEDIUM,0,0,0,0,0,0
2015-16,NAGALAND,MOKOKCHUNG,SCHEDULED CASTE,TOTAL,MEDIUM,0,0,0,0,0,0
2015-16,NAGALAND,MOKOKCHUNG,SCHEDULED CASTE,TOTAL,LARGE,0,0,0,0,0,0
2015-16,NAGALAND,MOKOKCHUNG,SCHEDULED CASTE,TOTAL,ALL CLASSES,0,0,0,0,0,0
2015-16,NAGALAND,MOKOKCHUNG,SCHEDULED TRIBES,TOTAL,MARGINAL,1318,719,0,0,1318,719
2015-16,NAGALAND,MOKOKCHUNG,SCHEDULED TRIBES,TOTAL,SMALL,3428,4638,0,0,3428,4638
2015-16,NAGALAND,MOKOKCHUNG,SCHEDULED TRIBES,TOTAL,SEMIMEDIUM,3837,9501,0,0,3837,9501
2015-16,NAGALAND,MOKOKCHUNG,SCHEDULED TRIBES,TOTAL,MEDIUM,6225,38315,0,0,6225,38315
2015-16,NAGALAND,MOKOKCHUNG,SCHEDULED TRIBES,TOTAL,LARGE,3503,49955,0,0,3503,49955
2015-16,NAGALAND,MOKOKCHUNG,SCHEDULED TRIBES,TOTAL,ALL CLASSES,18311,103127,0,0,18311,103127
2015-16,NAGALAND,MOKOKCHUNG,OTHERS,TOTAL,MARGINAL,0,0,0,0,0,0
2015-16,NAGALAND,MOKOKCHUNG,OTHERS,TOTAL,SMALL,0,0,0,0,0,0
2015-16,NAGALAND,MOKOKCHUNG,OTHERS,TOTAL,SEMIMEDIUM,0,0,0,0,0,0
2015-16,NAGALAND,MOKOKCHUNG,OTHERS,TOTAL,MEDIUM,0,0,0,0,0,0
2015-16,NAGALAND,MOKOKCHUNG,OTHERS,TOTAL,LARGE,0,0,0,0,0,0
2015-16,NAGALAND,MOKOKCHUNG,OTHERS,TOTAL,ALL CLASSES,0,0,0,0,0,0
2015-16,NAGALAND,MOKOKCHUNG,INSTITUTIONAL,TOTAL,MARGINAL,0,0,0,0,0,0
2015-16,NAGALAND,MOKOKCHUNG,INSTITUTIONAL,TOTAL,SMALL,0,0,0,0,0,0
2015-16,NAGALAND,MOKOKCHUNG,INSTITUTIONAL,TOTAL,SEMIMEDIUM,0,0,0,0,0,0
2015-16,NAGALAND,MOKOKCHUNG,INSTITUTIONAL,TOTAL,MEDIUM,0,0,0,0,18,110
2015-16,NAGALAND,MOKOKCHUNG,INSTITUTIONAL,TOTAL,LARGE,0,0,0,0,5,50
2015-16,NAGALAND,MOKOKCHUNG,INSTITUTIONAL,TOTAL,ALL CLASSES,0,0,0,0,23,160
2015-16,NAGALAND,MON,SCHEDULED CASTE,TOTAL,MARGINAL,0,0,0,0,0,0
2015-16,NAGALAND,MON,SCHEDULED CASTE,TOTAL,SMALL,0,0,0,0,0,0
2015-16,NAGALAND,MON,SCHEDULED CASTE,TOTAL,SEMIMEDIUM,0,0,0,0,0,0
2015-16,NAGALAND,MON,SCHEDULED CASTE,TOTAL,MEDIUM,0,0,0,0,0,0
2015-16,NAGALAND,MON,SCHEDULED CASTE,TOTAL,LARGE,0,0,0,0,0,0
2015-16,NAGALAND,MON,SCHEDULED CASTE,TOTAL,ALL CLASSES,0,0,0,0,0,0
2015-16,NAGALAND,MON,SCHEDULED TRIBES,TOTAL,MARGINAL,584,382,0,0,584,382
2015-16,NAGALAND,MON,SCHEDULED TRIBES,TOTAL,SMALL,3498,4244,0,0,3498,4244
2015-16,NAGALAND,MON,SCHEDULED TRIBES,TOTAL,SEMIMEDIUM,13079,37456,0,0,13079,37456
2015-16,NAGALAND,MON,SCHEDULED TRIBES,TOTAL,MEDIUM,9875,56350,0,0,9875,56350
2015-16,NAGALAND,MON,SCHEDULED TRIBES,TOTAL,LARGE,1770,21804,0,0,1770,21804
2015-16,NAGALAND,MON,SCHEDULED TRIBES,TOTAL,ALL CLASSES,28806,120236,0,0,28806,120236
2015-16,NAGALAND,MON,OTHERS,TOTAL,MARGINAL,0,0,0,0,0,0
2015-16,NAGALAND,MON,OTHERS,TOTAL,SMALL,0,0,0,0,0,0
2015-16,NAGALAND,MON,OTHERS,TOTAL,SEMIMEDIUM,0,0,0,0,0,0
2015-16,NAGALAND,MON,OTHERS,TOTAL,MEDIUM,0,0,0,0,0,0
2015-16,NAGALAND,MON,OTHERS,TOTAL,LARGE,0,0,0,0,0,0
2015-16,NAGALAND,MON,OTHERS,TOTAL,ALL CLASSES,0,0,0,0,0,0
2015-16,NAGALAND,MON,INSTITUTIONAL,TOTAL,MARGINAL,0,0,0,0,64,36
2015-16,NAGALAND,MON,INSTITUTIONAL,TOTAL,SMALL,0,0,0,0,9,13
2015-16,NAGALAND,MON,INSTITUTIONAL,TOTAL,SEMIMEDIUM,0,0,0,0,12,37
2015-16,NAGALAND,MON,INSTITUTIONAL,TOTAL,MEDIUM,0,0,0,0,21,133
2015-16,NAGALAND,MON,INSTITUTIONAL,TOTAL,LARGE,0,0,0,0,19,318
2015-16,NAGALAND,MON,INSTITUTIONAL,TOTAL,ALL CLASSES,0,0,0,0,125,536
2015-16,NAGALAND,PEREN,SCHEDULED CASTE,TOTAL,MARGINAL,0,0,0,0,0,0
2015-16,NAGALAND,PEREN,SCHEDULED CASTE,TOTAL,SMALL,0,0,0,0,0,0
2015-16,NAGALAND,PEREN,SCHEDULED CASTE,TOTAL,SEMIMEDIUM,0,0,0,0,0,0
2015-16,NAGALAND,PEREN,SCHEDULED CASTE,TOTAL,MEDIUM,0,0,0,0,0,0
2015-16,NAGALAND,PEREN,SCHEDULED CASTE,TOTAL,LARGE,0,0,0,0,0,0
2015-16,NAGALAND,PEREN,SCHEDULED CASTE,TOTAL,ALL CLASSES,0,0,0,0,0,0
2015-16,NAGALAND,PEREN,SCHEDULED TRIBES,TOTAL,MARGINAL,1009,613,0,0,1009,613
2015-16,NAGALAND,PEREN,SCHEDULED TRIBES,TOTAL,SMALL,2288,2799,0,0,2288,2799
2015-16,NAGALAND,PEREN,SCHEDULED TRIBES,TOTAL,SEMIMEDIUM,3948,10238,0,0,3948,10238
2015-16,NAGALAND,PEREN,SCHEDULED TRIBES,TOTAL,MEDIUM,2657,15474,0,0,2657,15474
2015-16,NAGALAND,PEREN,SCHEDULED TRIBES,TOTAL,LARGE,483,6490,0,0,483,6490
2015-16,NAGALAND,PEREN,SCHEDULED TRIBES,TOTAL,ALL CLASSES,10385,35616,0,0,10385,35616
2015-16,NAGALAND,PEREN,OTHERS,TOTAL,MARGINAL,0,0,0,0,0,0
2015-16,NAGALAND,PEREN,OTHERS,TOTAL,SMALL,0,0,0,0,0,0
2015-16,NAGALAND,PEREN,OTHERS,TOTAL,SEMIMEDIUM,0,0,0,0,0,0
2015-16,NAGALAND,PEREN,OTHERS,TOTAL,MEDIUM,0,0,0,0,0,0
2015-16,NAGALAND,PEREN,OTHERS,TOTAL,LARGE,0,0,0,0,0,0
2015-16,NAGALAND,PEREN,OTHERS,TOTAL,ALL CLASSES,0,0,0,0,0,0
2015-16,NAGALAND,PEREN,INSTITUTIONAL,TOTAL,MARGINAL,0,0,0,0,0,0
2015-16,NAGALAND,PEREN,INSTITUTIONAL,TOTAL,SMALL,0,0,0,0,32,51
2015-16,NAGALAND,PEREN,INSTITUTIONAL,TOTAL,SEMIMEDIUM,0,0,0,0,17,53
2015-16,NAGALAND,PEREN,INSTITUTIONAL,TOTAL,MEDIUM,0,0,0,0,10,43
2015-16,NAGALAND,PEREN,INSTITUTIONAL,TOTAL,LARGE,0,0,0,0,6,72
2015-16,NAGALAND,PEREN,INSTITUTIONAL,TOTAL,ALL CLASSES,0,0,0,0,65,219
2015-16,NAGALAND,PHEK,SCHEDULED CASTE,TOTAL,MARGINAL,0,0,0,0,0,0
2015-16,NAGALAND,PHEK,SCHEDULED CASTE,TOTAL,SMALL,0,0,0,0,0,0
2015-16,NAGALAND,PHEK,SCHEDULED CASTE,TOTAL,SEMIMEDIUM,0,0,0,0,0,0
2015-16,NAGALAND,PHEK,SCHEDULED CASTE,TOTAL,MEDIUM,0,0,0,0,0,0
2015-16,NAGALAND,PHEK,SCHEDULED CASTE,TOTAL,LARGE,0,0,0,0,0,0
2015-16,NAGALAND,PHEK,SCHEDULED CASTE,TOTAL,ALL CLASSES,0,0,0,0,0,0
2015-16,NAGALAND,PHEK,SCHEDULED TRIBES,TOTAL,MARGINAL,1415,842,0,0,1415,842
2015-16,NAGALAND,PHEK,SCHEDULED TRIBES,TOTAL,SMALL,4648,6128,0,0,4648,6128
2015-16,NAGALAND,PHEK,SCHEDULED TRIBES,TOTAL,SEMIMEDIUM,6272,16626,0,0,6272,16626
2015-16,NAGALAND,PHEK,SCHEDULED TRIBES,TOTAL,MEDIUM,7183,40827,0,0,7183,40827
2015-16,NAGALAND,PHEK,SCHEDULED TRIBES,TOTAL,LARGE,814,9571,0,0,814,9571
2015-16,NAGALAND,PHEK,SCHEDULED TRIBES,TOTAL,ALL CLASSES,20332,73994,0,0,20332,73994
2015-16,NAGALAND,PHEK,OTHERS,TOTAL,MARGINAL,0,0,0,0,0,0
2015-16,NAGALAND,PHEK,OTHERS,TOTAL,SMALL,0,0,0,0,0,0
2015-16,NAGALAND,PHEK,OTHERS,TOTAL,SEMIMEDIUM,0,0,0,0,0,0
2015-16,NAGALAND,PHEK,OTHERS,TOTAL,MEDIUM,0,0,0,0,0,0
2015-16,NAGALAND,PHEK,OTHERS,TOTAL,LARGE,0,0,0,0,0,0
2015-16,NAGALAND,PHEK,OTHERS,TOTAL,ALL CLASSES,0,0,0,0,0,0
2015-16,NAGALAND,PHEK,INSTITUTIONAL,TOTAL,MARGINAL,0,0,0,0,0,0
2015-16,NAGALAND,PHEK,INSTITUTIONAL,TOTAL,SMALL,0,0,0,0,8,15
2015-16,NAGALAND,PHEK,INSTITUTIONAL,TOTAL,SEMIMEDIUM,0,0,0,0,14,42
2015-16,NAGALAND,PHEK,INSTITUTIONAL,TOTAL,MEDIUM,0,0,0,0,35,192
2015-16,NAGALAND,PHEK,INSTITUTIONAL,TOTAL,LARGE,0,0,0,0,0,0
2015-16,NAGALAND,PHEK,INSTITUTIONAL,TOTAL,ALL CLASSES,0,0,0,0,57,248
2015-16,NAGALAND,TUENSANG,SCHEDULED CASTE,TOTAL,MARGINAL,0,0,0,0,0,0
2015-16,NAGALAND,TUENSANG,SCHEDULED CASTE,TOTAL,SMALL,0,0,0,0,0,0
2015-16,NAGALAND,TUENSANG,SCHEDULED CASTE,TOTAL,SEMIMEDIUM,0,0,0,0,0,0
2015-16,NAGALAND,TUENSANG,SCHEDULED CASTE,TOTAL,MEDIUM,0,0,0,0,0,0
2015-16,NAGALAND,TUENSANG,SCHEDULED CASTE,TOTAL,LARGE,0,0,0,0,0,0
2015-16,NAGALAND,TUENSANG,SCHEDULED CASTE,TOTAL,ALL CLASSES,0,0,0,0,0,0
2015-16,NAGALAND,TUENSANG,SCHEDULED TRIBES,TOTAL,MARGINAL,229,121,0,0,229,121
2015-16,NAGALAND,TUENSANG,SCHEDULED TRIBES,TOTAL,SMALL,2123,2459,0,0,2123,2459
2015-16,NAGALAND,TUENSANG,SCHEDULED TRIBES,TOTAL,SEMIMEDIUM,6874,18360,0,0,6874,18360
2015-16,NAGALAND,TUENSANG,SCHEDULED TRIBES,TOTAL,MEDIUM,10304,57905,0,0,10304,57905
2015-16,NAGALAND,TUENSANG,SCHEDULED TRIBES,TOTAL,LARGE,4833,78492,0,0,4833,78492
2015-16,NAGALAND,TUENSANG,SCHEDULED TRIBES,TOTAL,ALL CLASSES,24363,157335,0,0,24363,157335
2015-16,NAGALAND,TUENSANG,OTHERS,TOTAL,MARGINAL,0,0,0,0,0,0
2015-16,NAGALAND,TUENSANG,OTHERS,TOTAL,SMALL,0,0,0,0,0,0
2015-16,NAGALAND,TUENSANG,OTHERS,TOTAL,SEMIMEDIUM,0,0,0,0,0,0
2015-16,NAGALAND,TUENSANG,OTHERS,TOTAL,MEDIUM,0,0,0,0,0,0
2015-16,NAGALAND,TUENSANG,OTHERS,TOTAL,LARGE,0,0,0,0,0,0
2015-16,NAGALAND,TUENSANG,OTHERS,TOTAL,ALL CLASSES,0,0,0,0,0,0
2015-16,NAGALAND,TUENSANG,INSTITUTIONAL,TOTAL,MARGINAL,0,0,0,0,0,0
2015-16,NAGALAND,TUENSANG,INSTITUTIONAL,TOTAL,SMALL,0,0,0,0,0,0
2015-16,NAGALAND,TUENSANG,INSTITUTIONAL,TOTAL,SEMIMEDIUM,0,0,0,0,0,0
2015-16,NAGALAND,TUENSANG,INSTITUTIONAL,TOTAL,MEDIUM,0,0,0,0,10,65
2015-16,NAGALAND,TUENSANG,INSTITUTIONAL,TOTAL,LARGE,0,0,0,0,0,0
2015-16,NAGALAND,TUENSANG,INSTITUTIONAL,TOTAL,ALL CLASSES,0,0,0,0,10,66
2015-16,NAGALAND,WOKHA,SCHEDULED CASTE,TOTAL,MARGINAL,0,0,0,0,0,0
2015-16,NAGALAND,WOKHA,SCHEDULED CASTE,TOTAL,SMALL,0,0,0,0,0,0
2015-16,NAGALAND,WOKHA,SCHEDULED CASTE,TOTAL,SEMIMEDIUM,0,0,0,0,0,0
2015-16,NAGALAND,WOKHA,SCHEDULED CASTE,TOTAL,MEDIUM,0,0,0,0,0,0
2015-16,NAGALAND,WOKHA,SCHEDULED CASTE,TOTAL,LARGE,0,0,0,0,0,0
2015-16,NAGALAND,WOKHA,SCHEDULED CASTE,TOTAL,ALL CLASSES,0,0,0,0,0,0
2015-16,NAGALAND,WOKHA,SCHEDULED TRIBES,TOTAL,MARGINAL,96,49,0,0,96,49
2015-16,NAGALAND,WOKHA,SCHEDULED TRIBES,TOTAL,SMALL,942,994,0,0,942,994
2015-16,NAGALAND,WOKHA,SCHEDULED TRIBES,TOTAL,SEMIMEDIUM,3466,10367,0,0,3466,10367
2015-16,NAGALAND,WOKHA,SCHEDULED TRIBES,TOTAL,MEDIUM,8345,53367,0,0,8345,53367
2015-16,NAGALAND,WOKHA,SCHEDULED TRIBES,TOTAL,LARGE,2539,38965,0,0,2539,38965
2015-16,NAGALAND,WOKHA,SCHEDULED TRIBES,TOTAL,ALL CLASSES,15388,103743,0,0,15388,103743
2015-16,NAGALAND,WOKHA,OTHERS,TOTAL,MARGINAL,0,0,0,0,0,0
2015-16,NAGALAND,WOKHA,OTHERS,TOTAL,SMALL,0,0,0,0,0,0
2015-16,NAGALAND,WOKHA,OTHERS,TOTAL,SEMIMEDIUM,0,0,0,0,0,0
2015-16,NAGALAND,WOKHA,OTHERS,TOTAL,MEDIUM,0,0,0,0,0,0
2015-16,NAGALAND,WOKHA,OTHERS,TOTAL,LARGE,0,0,0,0,0,0
2015-16,NAGALAND,WOKHA,OTHERS,TOTAL,ALL CLASSES,0,0,0,0,0,0
2015-16,NAGALAND,WOKHA,INSTITUTIONAL,TOTAL,MARGINAL,0,0,0,0,15,11
2015-16,NAGALAND,WOKHA,INSTITUTIONAL,TOTAL,SMALL,0,0,0,0,21,25
2015-16,NAGALAND,WOKHA,INSTITUTIONAL,TOTAL,SEMIMEDIUM,0,0,0,0,0,0
2015-16,NAGALAND,WOKHA,INSTITUTIONAL,TOTAL,MEDIUM,0,0,0,0,4,18
2015-16,NAGALAND,WOKHA,INSTITUTIONAL,TOTAL,LARGE,0,0,0,0,0,0
2015-16,NAGALAND,WOKHA,INSTITUTIONAL,TOTAL,ALL CLASSES,0,0,0,0,40,54
2015-16,NAGALAND,ZUNHEBOTO,SCHEDULED CASTE,TOTAL,MARGINAL,0,0,0,0,0,0
2015-16,NAGALAND,ZUNHEBOTO,SCHEDULED CASTE,TOTAL,SMALL,0,0,0,0,0,0
2015-16,NAGALAND,ZUNHEBOTO,SCHEDULED CASTE,TOTAL,SEMIMEDIUM,0,0,0,0,0,0
2015-16,NAGALAND,ZUNHEBOTO,SCHEDULED CASTE,TOTAL,MEDIUM,0,0,0,0,0,0
2015-16,NAGALAND,ZUNHEBOTO,SCHEDULED CASTE,TOTAL,LARGE,0,0,0,0,0,0
2015-16,NAGALAND,ZUNHEBOTO,SCHEDULED CASTE,TOTAL,ALL CLASSES,0,0,0,0,0,0
2015-16,NAGALAND,ZUNHEBOTO,SCHEDULED TRIBES,TOTAL,MARGINAL,1312,671,0,0,1312,671
2015-16,NAGALAND,ZUNHEBOTO,SCHEDULED TRIBES,TOTAL,SMALL,4406,5340,0,0,4406,5340
2015-16,NAGALAND,ZUNHEBOTO,SCHEDULED TRIBES,TOTAL,SEMIMEDIUM,3201,7449,0,0,3201,7449
2015-16,NAGALAND,ZUNHEBOTO,SCHEDULED TRIBES,TOTAL,MEDIUM,4783,28842,0,0,4783,28842
2015-16,NAGALAND,ZUNHEBOTO,SCHEDULED TRIBES,TOTAL,LARGE,2730,37610,0,0,2730,37610
2015-16,NAGALAND,ZUNHEBOTO,SCHEDULED TRIBES,TOTAL,ALL CLASSES,16432,79912,0,0,16432,79912
2015-16,NAGALAND,ZUNHEBOTO,OTHERS,TOTAL,MARGINAL,0,0,0,0,0,0
2015-16,NAGALAND,ZUNHEBOTO,OTHERS,TOTAL,SMALL,0,0,0,0,0,0
2015-16,NAGALAND,ZUNHEBOTO,OTHERS,TOTAL,SEMIMEDIUM,0,0,0,0,0,0
2015-16,NAGALAND,ZUNHEBOTO,OTHERS,TOTAL,MEDIUM,0,0,0,0,0,0
2015-16,NAGALAND,ZUNHEBOTO,OTHERS,TOTAL,LARGE,0,0,0,0,0,0
2015-16,NAGALAND,ZUNHEBOTO,OTHERS,TOTAL,ALL CLASSES,0,0,0,0,0,0
2015-16,NAGALAND,ZUNHEBOTO,INSTITUTIONAL,TOTAL,MARGINAL,0,0,0,0,0,0
2015-16,NAGALAND,ZUNHEBOTO,INSTITUTIONAL,TOTAL,SMALL,0,0,0,0,0,0
2015-16,NAGALAND,ZUNHEBOTO,INSTITUTIONAL,TOTAL,SEMIMEDIUM,0,0,0,0,4,10
2015-16,NAGALAND,ZUNHEBOTO,INSTITUTIONAL,TOTAL,MEDIUM,0,0,0,0,0,0
2015-16,NAGALAND,ZUNHEBOTO,INSTITUTIONAL,TOTAL,LARGE,0,0,0,0,0,0
2015-16,NAGALAND,ZUNHEBOTO,INSTITUTIONAL,TOTAL,ALL CLASSES,0,0,0,0,4,10
2015-16,TRIPURA,DHALAI,SCHEDULED CASTE,TOTAL,MARGINAL,10194,2978,384,128,10578,3106
2015-16,TRIPURA,DHALAI,SCHEDULED CASTE,TOTAL,SMALL,1165,1751,82,118,1247,1869
2015-16,TRIPURA,DHALAI,SCHEDULED CASTE,TOTAL,SEMIMEDIUM,272,740,0,0,272,740
2015-16,TRIPURA,DHALAI,SCHEDULED CASTE,TOTAL,MEDIUM,28,152,0,0,28,152
2015-16,TRIPURA,DHALAI,SCHEDULED CASTE,TOTAL,LARGE,0,0,0,0,0,0
2015-16,TRIPURA,DHALAI,SCHEDULED CASTE,TOTAL,ALL CLASSES,11659,5621,466,246,12125,5867
2015-16,TRIPURA,DHALAI,SCHEDULED TRIBES,TOTAL,MARGINAL,21177,8021,282,159,21459,8180
2015-16,TRIPURA,DHALAI,SCHEDULED TRIBES,TOTAL,SMALL,4831,6365,170,267,5001,6633
2015-16,TRIPURA,DHALAI,SCHEDULED TRIBES,TOTAL,SEMIMEDIUM,1466,4030,10,27,1476,4057
2015-16,TRIPURA,DHALAI,SCHEDULED TRIBES,TOTAL,MEDIUM,203,1006,0,0,203,1006
2015-16,TRIPURA,DHALAI,SCHEDULED TRIBES,TOTAL,LARGE,6,75,3,54,9,129
2015-16,TRIPURA,DHALAI,SCHEDULED TRIBES,TOTAL,ALL CLASSES,27683,19497,465,507,28148,20004
2015-16,TRIPURA,DHALAI,OTHERS,TOTAL,MARGINAL,17785,4815,914,512,18699,5328
2015-16,TRIPURA,DHALAI,OTHERS,TOTAL,SMALL,1100,1833,132,229,1232,2062
2015-16,TRIPURA,DHALAI,OTHERS,TOTAL,SEMIMEDIUM,318,762,42,114,360,876
2015-16,TRIPURA,DHALAI,OTHERS,TOTAL,MEDIUM,12,87,0,0,12,87
2015-16,TRIPURA,DHALAI,OTHERS,TOTAL,LARGE,0,0,0,0,0,0
2015-16,TRIPURA,DHALAI,OTHERS,TOTAL,ALL CLASSES,19215,7497,1088,855,20303,8352
2015-16,TRIPURA,DHALAI,INSTITUTIONAL,TOTAL,MARGINAL,0,0,0,0,124,47
2015-16,TRIPURA,DHALAI,INSTITUTIONAL,TOTAL,SMALL,0,0,0,0,5,8
2015-16,TRIPURA,DHALAI,INSTITUTIONAL,TOTAL,SEMIMEDIUM,0,0,0,0,17,58
2015-16,TRIPURA,DHALAI,INSTITUTIONAL,TOTAL,MEDIUM,0,0,0,0,2,8
2015-16,TRIPURA,DHALAI,INSTITUTIONAL,TOTAL,LARGE,0,0,0,0,0,0
2015-16,TRIPURA,DHALAI,INSTITUTIONAL,TOTAL,ALL CLASSES,0,0,0,0,148,122
2015-16,TRIPURA,GOMATI,SCHEDULED CASTE,TOTAL,MARGINAL,16820,4756,233,84,17053,4840
2015-16,TRIPURA,GOMATI,SCHEDULED CASTE,TOTAL,SMALL,1278,1607,15,18,1293,1625
2015-16,TRIPURA,GOMATI,SCHEDULED CASTE,TOTAL,SEMIMEDIUM,303,795,0,0,303,795
2015-16,TRIPURA,GOMATI,SCHEDULED CASTE,TOTAL,MEDIUM,38,216,0,0,38,216
2015-16,TRIPURA,GOMATI,SCHEDULED CASTE,TOTAL,LARGE,0,0,0,0,0,0
2015-16,TRIPURA,GOMATI,SCHEDULED CASTE,TOTAL,ALL CLASSES,18439,7375,248,102,18687,7476
2015-16,TRIPURA,GOMATI,SCHEDULED TRIBES,TOTAL,MARGINAL,29177,10719,599,274,29776,10993
2015-16,TRIPURA,GOMATI,SCHEDULED TRIBES,TOTAL,SMALL,6200,9096,119,196,6319,9292
2015-16,TRIPURA,GOMATI,SCHEDULED TRIBES,TOTAL,SEMIMEDIUM,4457,11803,0,0,4457,11803
2015-16,TRIPURA,GOMATI,SCHEDULED TRIBES,TOTAL,MEDIUM,480,2314,0,0,480,2314
2015-16,TRIPURA,GOMATI,SCHEDULED TRIBES,TOTAL,LARGE,0,0,0,0,0,0
2015-16,TRIPURA,GOMATI,SCHEDULED TRIBES,TOTAL,ALL CLASSES,40314,33933,718,469,41032,34402
2015-16,TRIPURA,GOMATI,OTHERS,TOTAL,MARGINAL,26127,6168,434,183,26561,6351
2015-16,TRIPURA,GOMATI,OTHERS,TOTAL,SMALL,936,1240,10,13,946,1252
2015-16,TRIPURA,GOMATI,OTHERS,TOTAL,SEMIMEDIUM,95,222,8,16,103,238
2015-16,TRIPURA,GOMATI,OTHERS,TOTAL,MEDIUM,12,61,0,0,12,61
2015-16,TRIPURA,GOMATI,OTHERS,TOTAL,LARGE,0,0,0,0,0,0
2015-16,TRIPURA,GOMATI,OTHERS,TOTAL,ALL CLASSES,27170,7691,452,212,27622,7903
2015-16,TRIPURA,GOMATI,INSTITUTIONAL,TOTAL,MARGINAL,0,0,0,0,0,0
2015-16,TRIPURA,GOMATI,INSTITUTIONAL,TOTAL,SMALL,0,0,0,0,0,0
2015-16,TRIPURA,GOMATI,INSTITUTIONAL,TOTAL,SEMIMEDIUM,0,0,0,0,0,0
2015-16,TRIPURA,GOMATI,INSTITUTIONAL,TOTAL,MEDIUM,0,0,0,0,0,0
2015-16,TRIPURA,GOMATI,INSTITUTIONAL,TOTAL,LARGE,0,0,0,0,0,0
2015-16,TRIPURA,GOMATI,INSTITUTIONAL,TOTAL,ALL CLASSES,0,0,0,0,0,0
2015-16,TRIPURA,KHOWAI,SCHEDULED CASTE,TOTAL,MARGINAL,7689,1955,0,0,7689,1955
2015-16,TRIPURA,KHOWAI,SCHEDULED CASTE,TOTAL,SMALL,451,548,0,0,451,548
2015-16,TRIPURA,KHOWAI,SCHEDULED CASTE,TOTAL,SEMIMEDIUM,48,120,0,0,48,120
2015-16,TRIPURA,KHOWAI,SCHEDULED CASTE,TOTAL,MEDIUM,8,36,0,0,8,36
2015-16,TRIPURA,KHOWAI,SCHEDULED CASTE,TOTAL,LARGE,0,0,0,0,0,0
2015-16,TRIPURA,KHOWAI,SCHEDULED CASTE,TOTAL,ALL CLASSES,8196,2660,0,0,8196,2660
2015-16,TRIPURA,KHOWAI,SCHEDULED TRIBES,TOTAL,MARGINAL,12089,4344,289,132,12378,4477
2015-16,TRIPURA,KHOWAI,SCHEDULED TRIBES,TOTAL,SMALL,2327,3115,12,13,2339,3128
2015-16,TRIPURA,KHOWAI,SCHEDULED TRIBES,TOTAL,SEMIMEDIUM,1445,3730,21,81,1466,3811
2015-16,TRIPURA,KHOWAI,SCHEDULED TRIBES,TOTAL,MEDIUM,185,952,0,0,185,952
2015-16,TRIPURA,KHOWAI,SCHEDULED TRIBES,TOTAL,LARGE,4,48,0,0,4,48
2015-16,TRIPURA,KHOWAI,SCHEDULED TRIBES,TOTAL,ALL CLASSES,16050,12190,322,225,16372,12415
2015-16,TRIPURA,KHOWAI,OTHERS,TOTAL,MARGINAL,12945,3431,478,246,13423,3676
2015-16,TRIPURA,KHOWAI,OTHERS,TOTAL,SMALL,1229,1628,68,111,1297,1739
2015-16,TRIPURA,KHOWAI,OTHERS,TOTAL,SEMIMEDIUM,126,360,14,32,140,392
2015-16,TRIPURA,KHOWAI,OTHERS,TOTAL,MEDIUM,17,95,0,0,17,95
2015-16,TRIPURA,KHOWAI,OTHERS,TOTAL,LARGE,0,0,0,0,0,0
2015-16,TRIPURA,KHOWAI,OTHERS,TOTAL,ALL CLASSES,14317,5515,560,389,14877,5904
2015-16,TRIPURA,KHOWAI,INSTITUTIONAL,TOTAL,MARGINAL,0,0,0,0,5,2
2015-16,TRIPURA,KHOWAI,INSTITUTIONAL,TOTAL,SMALL,0,0,0,0,0,0
2015-16,TRIPURA,KHOWAI,INSTITUTIONAL,TOTAL,SEMIMEDIUM,0,0,0,0,0,0
2015-16,TRIPURA,KHOWAI,INSTITUTIONAL,TOTAL,MEDIUM,0,0,0,0,0,0
2015-16,TRIPURA,KHOWAI,INSTITUTIONAL,TOTAL,LARGE,0,0,0,0,0,0
2015-16,TRIPURA,KHOWAI,INSTITUTIONAL,TOTAL,ALL CLASSES,0,0,0,0,5,2
2015-16,TRIPURA,NORTH TRIPURA,SCHEDULED CASTE,TOTAL,MARGINAL,11563,3484,369,121,11932,3605
2015-16,TRIPURA,NORTH TRIPURA,SCHEDULED CASTE,TOTAL,SMALL,619,822,0,0,619,822
2015-16,TRIPURA,NORTH TRIPURA,SCHEDULED CASTE,TOTAL,SEMIMEDIUM,164,386,0,0,164,386
2015-16,TRIPURA,NORTH TRIPURA,SCHEDULED CASTE,TOTAL,MEDIUM,12,58,4,16,16,74
2015-16,TRIPURA,NORTH TRIPURA,SCHEDULED CASTE,TOTAL,LARGE,0,0,0,0,0,0
2015-16,TRIPURA,NORTH TRIPURA,SCHEDULED CASTE,TOTAL,ALL CLASSES,12358,4750,373,138,12731,4888
2015-16,TRIPURA,NORTH TRIPURA,SCHEDULED TRIBES,TOTAL,MARGINAL,11419,4727,297,199,11716,4926
2015-16,TRIPURA,NORTH TRIPURA,SCHEDULED TRIBES,TOTAL,SMALL,1676,2390,0,0,1676,2390
2015-16,TRIPURA,NORTH TRIPURA,SCHEDULED TRIBES,TOTAL,SEMIMEDIUM,1110,2719,0,0,1110,2719
2015-16,TRIPURA,NORTH TRIPURA,SCHEDULED TRIBES,TOTAL,MEDIUM,309,1513,0,0,309,1513
2015-16,TRIPURA,NORTH TRIPURA,SCHEDULED TRIBES,TOTAL,LARGE,7,98,0,0,7,98
2015-16,TRIPURA,NORTH TRIPURA,SCHEDULED TRIBES,TOTAL,ALL CLASSES,14521,11447,297,199,14818,11646
2015-16,TRIPURA,NORTH TRIPURA,OTHERS,TOTAL,MARGINAL,26883,8258,1905,990,28788,9248
2015-16,TRIPURA,NORTH TRIPURA,OTHERS,TOTAL,SMALL,2145,3205,175,251,2320,3456
2015-16,TRIPURA,NORTH TRIPURA,OTHERS,TOTAL,SEMIMEDIUM,624,1545,61,136,685,1681
2015-16,TRIPURA,NORTH TRIPURA,OTHERS,TOTAL,MEDIUM,99,526,62,320,161,846
2015-16,TRIPURA,NORTH TRIPURA,OTHERS,TOTAL,LARGE,2,45,0,0,2,45
2015-16,TRIPURA,NORTH TRIPURA,OTHERS,TOTAL,ALL CLASSES,29753,13581,2203,1697,31956,15278
2015-16,TRIPURA,NORTH TRIPURA,INSTITUTIONAL,TOTAL,MARGINAL,0,0,0,0,0,0
2015-16,TRIPURA,NORTH TRIPURA,INSTITUTIONAL,TOTAL,SMALL,0,0,0,0,5,8
2015-16,TRIPURA,NORTH TRIPURA,INSTITUTIONAL,TOTAL,SEMIMEDIUM,0,0,0,0,4,9
2015-16,TRIPURA,NORTH TRIPURA,INSTITUTIONAL,TOTAL,MEDIUM,0,0,0,0,3,29
2015-16,TRIPURA,NORTH TRIPURA,INSTITUTIONAL,TOTAL,LARGE,0,0,0,0,0,0
2015-16,TRIPURA,NORTH TRIPURA,INSTITUTIONAL,TOTAL,ALL CLASSES,0,0,0,0,12,47
2015-16,TRIPURA,SEPAHIJALA,SCHEDULED CASTE,TOTAL,MARGINAL,12380,3149,196,73,12576,3222
2015-16,TRIPURA,SEPAHIJALA,SCHEDULED CASTE,TOTAL,SMALL,1043,1415,26,43,1069,1458
2015-16,TRIPURA,SEPAHIJALA,SCHEDULED CASTE,TOTAL,SEMIMEDIUM,280,697,0,0,280,697
2015-16,TRIPURA,SEPAHIJALA,SCHEDULED CASTE,TOTAL,MEDIUM,22,108,0,0,22,108
2015-16,TRIPURA,SEPAHIJALA,SCHEDULED CASTE,TOTAL,LARGE,0,0,0,0,0,0
2015-16,TRIPURA,SEPAHIJALA,SCHEDULED CASTE,TOTAL,ALL CLASSES,13725,5369,222,115,13947,5484
2015-16,TRIPURA,SEPAHIJALA,SCHEDULED TRIBES,TOTAL,MARGINAL,8913,3535,0,0,8913,3535
2015-16,TRIPURA,SEPAHIJALA,SCHEDULED TRIBES,TOTAL,SMALL,2663,3593,0,0,2663,3593
2015-16,TRIPURA,SEPAHIJALA,SCHEDULED TRIBES,TOTAL,SEMIMEDIUM,1224,3147,0,0,1224,3147
2015-16,TRIPURA,SEPAHIJALA,SCHEDULED TRIBES,TOTAL,MEDIUM,260,1425,0,0,260,1425
2015-16,TRIPURA,SEPAHIJALA,SCHEDULED TRIBES,TOTAL,LARGE,2,68,0,0,2,68
2015-16,TRIPURA,SEPAHIJALA,SCHEDULED TRIBES,TOTAL,ALL CLASSES,13062,11769,0,0,13062,11769
2015-16,TRIPURA,SEPAHIJALA,OTHERS,TOTAL,MARGINAL,36334,8734,958,353,37292,9086
2015-16,TRIPURA,SEPAHIJALA,OTHERS,TOTAL,SMALL,2916,4790,94,153,3010,4943
2015-16,TRIPURA,SEPAHIJALA,OTHERS,TOTAL,SEMIMEDIUM,794,2111,77,184,871,2296
2015-16,TRIPURA,SEPAHIJALA,OTHERS,TOTAL,MEDIUM,116,596,0,0,116,596
2015-16,TRIPURA,SEPAHIJALA,OTHERS,TOTAL,LARGE,13,182,0,0,13,182
2015-16,TRIPURA,SEPAHIJALA,OTHERS,TOTAL,ALL CLASSES,40173,16412,1129,690,41302,17102
2015-16,TRIPURA,SEPAHIJALA,INSTITUTIONAL,TOTAL,MARGINAL,0,0,0,0,0,0
2015-16,TRIPURA,SEPAHIJALA,INSTITUTIONAL,TOTAL,SMALL,0,0,0,0,0,0
2015-16,TRIPURA,SEPAHIJALA,INSTITUTIONAL,TOTAL,SEMIMEDIUM,0,0,0,0,0,0
2015-16,TRIPURA,SEPAHIJALA,INSTITUTIONAL,TOTAL,MEDIUM,0,0,0,0,0,0
2015-16,TRIPURA,SEPAHIJALA,INSTITUTIONAL,TOTAL,LARGE,0,0,0,0,0,0
2015-16,TRIPURA,SEPAHIJALA,INSTITUTIONAL,TOTAL,ALL CLASSES,0,0,0,0,0,0
2015-16,TRIPURA,SOUTH TRIPURA,SCHEDULED CASTE,TOTAL,MARGINAL,14493,4195,346,143,14839,4338
2015-16,TRIPURA,SOUTH TRIPURA,SCHEDULED CASTE,TOTAL,SMALL,335,609,0,0,335,609
2015-16,TRIPURA,SOUTH TRIPURA,SCHEDULED CASTE,TOTAL,SEMIMEDIUM,127,330,0,0,127,330
2015-16,TRIPURA,SOUTH TRIPURA,SCHEDULED CASTE,TOTAL,MEDIUM,28,136,0,0,28,136
2015-16,TRIPURA,SOUTH TRIPURA,SCHEDULED CASTE,TOTAL,LARGE,0,0,0,0,0,0
2015-16,TRIPURA,SOUTH TRIPURA,SCHEDULED CASTE,TOTAL,ALL CLASSES,14983,5270,346,143,15329,5413
2015-16,TRIPURA,SOUTH TRIPURA,SCHEDULED TRIBES,TOTAL,MARGINAL,20602,6388,518,213,21120,6601
2015-16,TRIPURA,SOUTH TRIPURA,SCHEDULED TRIBES,TOTAL,SMALL,1876,2783,24,31,1900,2814
2015-16,TRIPURA,SOUTH TRIPURA,SCHEDULED TRIBES,TOTAL,SEMIMEDIUM,659,1741,10,27,669,1768
2015-16,TRIPURA,SOUTH TRIPURA,SCHEDULED TRIBES,TOTAL,MEDIUM,93,471,0,0,93,471
2015-16,TRIPURA,SOUTH TRIPURA,SCHEDULED TRIBES,TOTAL,LARGE,0,0,0,0,0,0
2015-16,TRIPURA,SOUTH TRIPURA,SCHEDULED TRIBES,TOTAL,ALL CLASSES,23230,11384,552,271,23782,11655
2015-16,TRIPURA,SOUTH TRIPURA,OTHERS,TOTAL,MARGINAL,41506,12871,821,354,42327,13225
2015-16,TRIPURA,SOUTH TRIPURA,OTHERS,TOTAL,SMALL,2095,3912,25,36,2120,3948
2015-16,TRIPURA,SOUTH TRIPURA,OTHERS,TOTAL,SEMIMEDIUM,885,2327,59,161,944,2489
2015-16,TRIPURA,SOUTH TRIPURA,OTHERS,TOTAL,MEDIUM,180,913,17,102,197,1015
2015-16,TRIPURA,SOUTH TRIPURA,OTHERS,TOTAL,LARGE,8,94,0,0,8,94
2015-16,TRIPURA,SOUTH TRIPURA,OTHERS,TOTAL,ALL CLASSES,44674,20118,922,654,45596,20771
2015-16,TRIPURA,SOUTH TRIPURA,INSTITUTIONAL,TOTAL,MARGINAL,0,0,0,0,28,17
2015-16,TRIPURA,SOUTH TRIPURA,INSTITUTIONAL,TOTAL,SMALL,0,0,0,0,7,10
2015-16,TRIPURA,SOUTH TRIPURA,INSTITUTIONAL,TOTAL,SEMIMEDIUM,0,0,0,0,7,19
2015-16,TRIPURA,SOUTH TRIPURA,INSTITUTIONAL,TOTAL,MEDIUM,0,0,0,0,6,44
2015-16,TRIPURA,SOUTH TRIPURA,INSTITUTIONAL,TOTAL,LARGE,0,0,0,0,0,0
2015-16,TRIPURA,SOUTH TRIPURA,INSTITUTIONAL,TOTAL,ALL CLASSES,0,0,0,0,48,90
2015-16,TRIPURA,UNAKOTI,SCHEDULED CASTE,TOTAL,MARGINAL,8333,2638,142,60,8475,2698
2015-16,TRIPURA,UNAKOTI,SCHEDULED CASTE,TOTAL,SMALL,688,937,0,0,688,937
2015-16,TRIPURA,UNAKOTI,SCHEDULED CASTE,TOTAL,SEMIMEDIUM,60,160,0,0,60,160
2015-16,TRIPURA,UNAKOTI,SCHEDULED CASTE,TOTAL,MEDIUM,14,60,0,0,14,60
2015-16,TRIPURA,UNAKOTI,SCHEDULED CASTE,TOTAL,LARGE,0,0,0,0,0,0
2015-16,TRIPURA,UNAKOTI,SCHEDULED CASTE,TOTAL,ALL CLASSES,9095,3795,142,61,9237,3856
2015-16,TRIPURA,UNAKOTI,SCHEDULED TRIBES,TOTAL,MARGINAL,2441,953,0,0,2441,953
2015-16,TRIPURA,UNAKOTI,SCHEDULED TRIBES,TOTAL,SMALL,751,1002,0,0,751,1002
2015-16,TRIPURA,UNAKOTI,SCHEDULED TRIBES,TOTAL,SEMIMEDIUM,237,708,0,0,237,708
2015-16,TRIPURA,UNAKOTI,SCHEDULED TRIBES,TOTAL,MEDIUM,0,0,0,0,0,0
2015-16,TRIPURA,UNAKOTI,SCHEDULED TRIBES,TOTAL,LARGE,0,0,0,0,0,0
2015-16,TRIPURA,UNAKOTI,SCHEDULED TRIBES,TOTAL,ALL CLASSES,3429,2663,0,0,3429,2663
2015-16,TRIPURA,UNAKOTI,OTHERS,TOTAL,MARGINAL,18087,6511,956,451,19043,6962
2015-16,TRIPURA,UNAKOTI,OTHERS,TOTAL,SMALL,2085,2921,90,138,2175,3059
2015-16,TRIPURA,UNAKOTI,OTHERS,TOTAL,SEMIMEDIUM,739,1953,22,52,761,2005
2015-16,TRIPURA,UNAKOTI,OTHERS,TOTAL,MEDIUM,94,439,0,0,94,439
2015-16,TRIPURA,UNAKOTI,OTHERS,TOTAL,LARGE,0,0,0,0,0,0
2015-16,TRIPURA,UNAKOTI,OTHERS,TOTAL,ALL CLASSES,21005,11824,1068,641,22073,12464
2015-16,TRIPURA,UNAKOTI,INSTITUTIONAL,TOTAL,MARGINAL,0,0,0,0,0,0
2015-16,TRIPURA,UNAKOTI,INSTITUTIONAL,TOTAL,SMALL,0,0,0,0,0,0
2015-16,TRIPURA,UNAKOTI,INSTITUTIONAL,TOTAL,SEMIMEDIUM,0,0,0,0,0,0
2015-16,TRIPURA,UNAKOTI,INSTITUTIONAL,TOTAL,MEDIUM,0,0,0,0,0,0
2015-16,TRIPURA,UNAKOTI,INSTITUTIONAL,TOTAL,LARGE,0,0,0,0,0,0
2015-16,TRIPURA,UNAKOTI,INSTITUTIONAL,TOTAL,ALL CLASSES,0,0,0,0,0,0
2015-16,TRIPURA,WEST TRIPURA,SCHEDULED CASTE,TOTAL,MARGINAL,23039,4455,1711,521,24750,4977
2015-16,TRIPURA,WEST TRIPURA,SCHEDULED CASTE,TOTAL,SMALL,632,1160,67,103,699,1263
2015-16,TRIPURA,WEST TRIPURA,SCHEDULED CASTE,TOTAL,SEMIMEDIUM,124,348,19,52,143,400
2015-16,TRIPURA,WEST TRIPURA,SCHEDULED CASTE,TOTAL,MEDIUM,9,45,0,0,9,45
2015-16,TRIPURA,WEST TRIPURA,SCHEDULED CASTE,TOTAL,LARGE,0,0,0,0,0,0
2015-16,TRIPURA,WEST TRIPURA,SCHEDULED CASTE,TOTAL,ALL CLASSES,23804,6008,1797,677,25601,6685
2015-16,TRIPURA,WEST TRIPURA,SCHEDULED TRIBES,TOTAL,MARGINAL,14878,5001,574,297,15452,5298
2015-16,TRIPURA,WEST TRIPURA,SCHEDULED TRIBES,TOTAL,SMALL,5771,7865,87,157,5858,8022
2015-16,TRIPURA,WEST TRIPURA,SCHEDULED TRIBES,TOTAL,SEMIMEDIUM,1900,5600,71,196,1971,5796
2015-16,TRIPURA,WEST TRIPURA,SCHEDULED TRIBES,TOTAL,MEDIUM,136,674,16,104,152,778
2015-16,TRIPURA,WEST TRIPURA,SCHEDULED TRIBES,TOTAL,LARGE,5,63,4,46,9,110
2015-16,TRIPURA,WEST TRIPURA,SCHEDULED TRIBES,TOTAL,ALL CLASSES,22690,19202,752,800,23442,20002
2015-16,TRIPURA,WEST TRIPURA,OTHERS,TOTAL,MARGINAL,82781,19927,3833,1182,86614,21109
2015-16,TRIPURA,WEST TRIPURA,OTHERS,TOTAL,SMALL,1837,3421,98,144,1935,3565
2015-16,TRIPURA,WEST TRIPURA,OTHERS,TOTAL,SEMIMEDIUM,583,1551,44,114,627,1665
2015-16,TRIPURA,WEST TRIPURA,OTHERS,TOTAL,MEDIUM,21,99,0,0,21,99
2015-16,TRIPURA,WEST TRIPURA,OTHERS,TOTAL,LARGE,11,138,0,0,11,138
2015-16,TRIPURA,WEST TRIPURA,OTHERS,TOTAL,ALL CLASSES,85233,25137,3975,1440,89208,26577
2015-16,TRIPURA,WEST TRIPURA,INSTITUTIONAL,TOTAL,MARGINAL,0,0,0,0,54,22
2015-16,TRIPURA,WEST TRIPURA,INSTITUTIONAL,TOTAL,SMALL,0,0,0,0,27,38
2015-16,TRIPURA,WEST TRIPURA,INSTITUTIONAL,TOTAL,SEMIMEDIUM,0,0,0,0,12,33
2015-16,TRIPURA,WEST TRIPURA,INSTITUTIONAL,TOTAL,MEDIUM,0,0,0,0,5,24
2015-16,TRIPURA,WEST TRIPURA,INSTITUTIONAL,TOTAL,LARGE,0,0,0,0,8,170
2015-16,TRIPURA,WEST TRIPURA,INSTITUTIONAL,TOTAL,ALL CLASSES,0,0,0,0,106,286
